"","CHROM","POS","FLANKING","TYPE","IMPACT","GENE","CHANGEDNA","CHANGEPEP","REF","ALT","A.1","A.2","A.3","A.4","B.1","B.2","B.3","B.4","C.1","C.2","C.3","C.4","D.1","D.2","D.3","D.4","ANN","A.REF.freq","D.REF.freq","A.ALT.freq","D.ALT.freq","A.vs.D.REF.freq"
"1","scaffold_8291",15445,"AGGGGACGATATTTTGTCGAT","missense_variant","MODERATE","HOVITM_108901","249T>G","Asp83Glu","T","G","T|G","T/T","T/T","T/T","T/T","T/T","T|G","G|G","G/G","T/G","T|G","G/G","G/G","G|G","G|G","G|G","(HOVITM_108901,G,missense_variant)",0.875,0,0.125,1,0.875
"2","scaffold_8291",15465,"TTGACCAAACATACcgagaca","missense_variant","MODERATE","HOVITM_108901","269C>T","Thr90Ile","C","T","C|T","C/C","C/C","C/C","C/C","C/C","C|T","T|T","T|T","C/T","C|T","C|T","T|T","T|T","T|T","T|T","(HOVITM_108901,T,missense_variant)",0.875,0,0.125,1,0.875
"3","scaffold_1944",123499,"TTTCCAACAGTGTTTTACCAC","missense_variant","MODERATE","HOVITM_038003","1246C>A","Leu416Met","G","T","T/T","T/T","G/T","T/T","G/G","G/G","G/G","G/G",".","T/T","G/G",".","G/G","G/G","G/G","G/G","(HOVITM_038003,T,missense_variant)",0.125,1,0.875,0,0.875
"4","scaffold_3295",29147,"GACTCCAGACTCATCCTATGT","missense_variant","MODERATE","HOVITM_065074","1607G>T","Ser536Ile","C","A","C/C","C/C","C/C","C|A","C/C","A|A","C/A","C|A","A|A","A/A","A|A","C|A","A/A","A|A","A|A","A|A","(HOVITM_065074,A,missense_variant)",0.875,0,0.125,1,0.875
"5","scaffold_5",269484,"TGACCAGATCTCATAATCGTG","missense_variant","MODERATE","HOVITM_083749","161C>A","Ser54Tyr","C","A","C/C","C/C","C/C","C/C","C/C","C/C","C/C","C/C","C/A","C/A","C/C","C/C","A/A","C/C","A/A","A/A","(HOVITM_083749,A,missense_variant)",1,0.25,0,0.75,0.75
"6","scaffold_5",283364,"ACTCTCATCACTTACATACAG","missense_variant","MODERATE","HOVITM_083751","471T>A","Ser157Arg","A","T","A/A","A/A","A/A","A/A","A/A","A/A","A/A","A/A","A/T","A/T","A/A","T/T","T/T","A/A","T/T","T/T","(HOVITM_083751,T,missense_variant)",1,0.25,0,0.75,0.75
"7","scaffold_5",283450,"TTTTATTTAAAGCTCGCCATA","missense_variant","MODERATE","HOVITM_083751","385T>A","Leu129Ile","A","T","A/A","A/A","A/A","A/A","A/A","A/A","A/A","A/A","A/T","A/T","A/A","A/T","T/T","A/A","T/T","T/T","(HOVITM_083751,T,missense_variant)",1,0.25,0,0.75,0.75
"8","scaffold_5",563576,"GTTGTTCCTGCATAGACATCC","missense_variant","MODERATE","HOVITM_083769","362C>A","Ala121Glu","G","T","G/G","G/G","G/G","G/G","G/G","G/G","G/G","G/G","G/G","G/T","G/G","G/T","T/T","G/G","T/T","T/T","(HOVITM_083769,T,missense_variant)",1,0.25,0,0.75,0.75
"9","scaffold_5",654326,"GCTGTCTCACCAATGGAGGTC","missense_variant","MODERATE","HOVITM_083776","113C>G","Thr38Ser","C","G","C/C","C/C","C/C","C/C","C/C","C/C","C/C","C/C","C|G","C|G","C/C","C|G","G|G","C/C","G|G","G|G","(HOVITM_083776,G,missense_variant)",1,0.25,0,0.75,0.75
"10","scaffold_5",658850,"TTAGACTTCGTACACGAGGGC","missense_variant","MODERATE","HOVITM_083776","529G>A","Val177Ile","G","A","G/G","G/G","G/G","G/G","G/G","G/G","G/G","G/G","G/A","G/A","G/G","G/A","A/A","G/G","A/A","A/A","(HOVITM_083776,A,missense_variant)",1,0.25,0,0.75,0.75
"11","scaffold_6084",55279,"GGACTGAACTCTAACTCTACA","missense_variant","MODERATE","HOVITM_093190","1297T>G","Ser433Ala","T","G","G|G","G/G","T|G","G|G","T/T","G|G","T|G","T|G","G|G","T|G","T/T","G|G","T/T","T/T","T/T","T|G","(HOVITM_093190,G,missense_variant)",0.125,0.875,0.875,0.125,0.75
"12","scaffold_6084",57898,"GAACCGAATGTCATTCATCAA","missense_variant","MODERATE","HOVITM_093191","599G>C","Cys200Ser","G","C","C|C","C|C","C/C","G|C","C|C","C|C","C|C","C|C","C|C","C/C","C|C","C|C","G/G","G/G","G|C","G/G","(HOVITM_093191,C,missense_variant)",0.125,0.875,0.875,0.125,0.75
"13","scaffold_6084",62937,"tggcgaaatcactaatattac","missense_variant","MODERATE","HOVITM_093192","293C>T","Ser98Leu","C","T","T/T","T/T","C/T","T/T","C/C","T/T","T/T","C/T",".","C|T","C/C","T/T","C/C","C/C","C/C","C/T","(HOVITM_093192,T,missense_variant)",0.125,0.875,0.875,0.125,0.75
"14","scaffold_6382",60755,"AGATTTTCAGATAAACATTTT","missense_variant","MODERATE","HOVITM_095552","4037C>T","Ser1346Phe","G","A","G/A","A/A","A/A","A/A","G/G","A/A","A/A","G/A","G/G","G/G","A/A","G/G","G/G","G/G","G/A","G/G","(HOVITM_095552,A,missense_variant)",0.125,0.875,0.875,0.125,0.75
"15","scaffold_6835",31258,"GCGAAGGAGGCCCCCGCCCTT","missense_variant","MODERATE","HOVITM_098955","476C>T","Ala159Val","G","A","A|A","A|A","G/A","A|A","A|A","A|A","A/A","A|A","A/A","A/A","G|A","G/G","G/G","G|A","G/G","G/G","(HOVITM_098955,A,missense_variant)",0.125,0.875,0.875,0.125,0.75
"16","scaffold_7026",36175,"ATAGATATAGTCATTGTCAGT","missense_variant","MODERATE","HOVITM_100461","1122C>A","Asp374Glu","G","T","G/G","G/G","G/G","G/T","G/T","T/T","G/T","G/G","G/T","G/T","G/G","G/G","T/T","T/T","G/T","T/T","(HOVITM_100461,T,missense_variant)",0.875,0.125,0.125,0.875,0.75
"17","scaffold_7106",67678,"CTTTTCTCTTCATCTCGAAGT","missense_variant","MODERATE","HOVITM_101095","806A>G","Glu269Gly","T","C","C|C","T/C","T/C","C/C","T|C","T|C","T/C","C/C","T/T","T/T","T/C","T/C","T/T","T/T","T/T","T/T","(HOVITM_101095,C,missense_variant)",0.25,1,0.75,0,0.75
"18","scaffold_7106",67702,"ATAATGTCAGTGTCTAAAACT","missense_variant","MODERATE","HOVITM_101095","782C>G","Thr261Ser","G","C","C|C","G/C","G/C","C/C","G/C","G|C","G/C","C/C","G/G","G/G","G/C","G/C","G/G","G/G","G/G","G/G","(HOVITM_101095,C,missense_variant)",0.25,1,0.75,0,0.75
"19","scaffold_7106",67895,"TTTCTATTGCAGCTTCTTTCT","missense_variant","MODERATE","HOVITM_101095","589G>T","Ala197Ser","C","A","A/A","C/A","C/A","A/A","C/A","C/A","C/A","A/A","C/C","C/C","C/A","C/A","C/C","C/C","C/C","C/C","(HOVITM_101095,A,missense_variant)",0.25,1,0.75,0,0.75
"20","scaffold_7106",69892,"TTCACTCGGAACGTTGGTCCT","missense_variant","MODERATE","HOVITM_101095","185T>A","Phe62Tyr","A","T","T/T","A/T","A/T","T/T","A/T","A/T","A/T","T/T","A/A","A/A","A/T","A/T","A/A","A/A","A/A","A/A","(HOVITM_101095,T,missense_variant)",0.25,1,0.75,0,0.75
"21","scaffold_702",308629,"TGTACAGATGCAGCATTTCCT","missense_variant","MODERATE","HOVITM_100431","182C>T","Ala61Val","G","A","G/A","G/G","G/G","G/G","A/A","A/A","G/G",".","A/A","G/G","A/A","G/G","A/A","G/A","A/A","A/A","(HOVITM_100431,A,missense_variant)",0.875,0.125,0.125,0.875,0.75
"22","scaffold_7869",54343,"TTACATCGATGCCGGTGTGGG","missense_variant","MODERATE","HOVITM_106295","668T>C","Met223Thr","T","C","T/T","T/T","T/T","T/T","T/T","T/T","C/C","T/T","C/C","T/T","T/C","T/C","T/C","T/C","C/C","C/C","(HOVITM_106295,C,missense_variant)",1,0.25,0,0.75,0.75
"23","scaffold_932",163159,"GCTGAGAAGAATTTCAATACC","missense_variant","MODERATE","HOVITM_114991","91A>C","Asn31His","A","C","A/C","C/C","A/C","C/C","C/C","C/C","A/A","A/A","C/C","A/A","C/C","C/C","A/A","A/A","A/A","A/A","(HOVITM_114991,C,missense_variant)",0.25,1,0.75,0,0.75
"24","scaffold_940",219303,"TCATTTTTAATACCATCTTCA","missense_variant","MODERATE","HOVITM_115438","548T>G","Ile183Ser","A","C","C/C","A|C","C/C","A/C","A/A","A/A","C|C",".","A/A","A/A","A/A","A/A","A/A","A/A","A/A","A/A","(HOVITM_115438,C,missense_variant)",0.25,1,0.75,0,0.75
"25","scaffold_82",629920,"CTCCAGTGGCAATCATGGCTT","missense_variant","MODERATE","HOVITM_108347","2366C>T","Ala789Val","C","T","C/C","C/C","C/C","C/C","C/C","C/C","C/T","C/C",".","C/C",".",".","T/T","C/C","T/T","T/T","(HOVITM_108347,T,missense_variant)",1,0.25,0,0.75,0.75
"26","scaffold_1098",124870,"TCCAATCGACAGTAATCTCCA","missense_variant","MODERATE","HOVITM_005476","1202C>A","Thr401Lys","C","A","C/C","C/C","C/C","C/C","A|A","C|A","C|A","C|A",".","C|A","C/C",".","A|A","C/C","A|A","A|A","(HOVITM_005476,A,missense_variant)",1,0.25,0,0.75,0.75
"27","scaffold_1271",37950,"ATTGACCTTCATGTGTGTCAT","missense_variant","MODERATE","HOVITM_013369","217G>A","Glu73Lys","C","T","C/C","C/T","C/C","C/C","C/C","C/T","C/C","C/C","C/C","C/C","C/T",".","T/T","T/T","C/T","T/T","(HOVITM_013369,T,missense_variant)",0.875,0.125,0.125,0.875,0.75
"28","scaffold_13089",22412,"CCATTCCCAACCACAGAAAAA","missense_variant","MODERATE","HOVITM_014927","298T>A","Leu100Met","A","T","T|T","A|T","A/T","T/T","T|T","A|T","A/A","A/A","A/A","A/A","A/A","A/T","A/A","A/A","A/A","A/A","(HOVITM_014927,T,missense_variant)",0.25,1,0.75,0,0.75
"29","scaffold_14152",23458,"ATGAAATTAAAGACCACTACA","missense_variant","MODERATE","HOVITM_019434","2375A>G","Lys792Arg","A","G","A/A","A/G","A/A","A/A","A/A","G/G","G/G","G/G","A/G","A/A","G/G","G/G","A/G","G/G","G/G","G/G","(HOVITM_019434,G,missense_variant)",0.875,0.125,0.125,0.875,0.75
"30","scaffold_1479",149109,"TTCCTTTCGATCCCAACGATC","missense_variant","MODERATE","HOVITM_021743","273T>G","Asp91Glu","A","C","A/A","A/A","A/C","A/A","A/A","A/C","A/A","A/A","A/C","C/C","A/C","A/C","C/C","C/C","A/C","C/C","(HOVITM_021743,C,missense_variant)",0.875,0.125,0.125,0.875,0.75
"31","scaffold_1485",134744,"GAAATTATACCAACTTCTCCT","missense_variant","MODERATE","HOVITM_022013","88C>T","Pro30Ser","C","T","C|T","T|T","T/T","C/T","C/T","C/T","C/C","C/C","C/C","T/T","C/C","C/C","C/C","C/C","C/C","C/C","(HOVITM_022013,T,missense_variant)",0.25,1,0.75,0,0.75
"32","scaffold_1673",3223,"GTGACAATGATAAAAGTGACC","missense_variant","MODERATE","HOVITM_029068","863A>G","Asp288Gly","A","G","A/A","A/A","A/A","A/A",".","G/G","A/A",".",".",".","A/A","A/A","A/A","G/G","G/G","G/G","(HOVITM_029068,G,missense_variant)",1,0.25,0,0.75,0.75
"33","scaffold_17177",11304,"CGTATTTGAACGCTAACAAGT","missense_variant","MODERATE","HOVITM_030692","545A>G","Asn182Ser","A","G","G/G","G/G","G/G","A/A","A/G","G/G","G/G","A/A","A/G","A/A","A/A","A/A","A/A","A/A","A/A","A/A","(HOVITM_030692,G,missense_variant)",0.25,1,0.75,0,0.75
"34","scaffold_18652",19046,"ACACTACAACTACTGCGACAC","missense_variant","MODERATE","HOVITM_035497","262G>A","Val88Ile","C","T","C/C","C/C","C/C","C/C","C/C",".","C/T","C/C","C/C","T/T","T/T","T/T","T/T","T/T","T/T","C/C","(HOVITM_035497,T,missense_variant)",1,0.25,0,0.75,0.75
"35","scaffold_18690",6827,"ggagacagcgctccctcatgt","missense_variant","MODERATE","HOVITM_035634","67C>T","Arg23Cys","G","A","G|A","G/G","G/G","G/G","G/G","G/G","G/A","G/G","G/G","G|A","A/A","G|A","G|A","A/A","A/A","A|A","(HOVITM_035634,A,missense_variant)",0.875,0.125,0.125,0.875,0.75
"36","scaffold_2352",154383,"AGTAACATCACTACAGTGACG","missense_variant","MODERATE","HOVITM_048789","115A>T","Thr39Ser","A","T","A/A","A/A","A/A","A/A","A/T","A/A","A/A","A/T","T/T","A/T","A/A","T/T","A/T","T/T","A/T","T/T","(HOVITM_048789,T,missense_variant)",1,0.25,0,0.75,0.75
"37","scaffold_298",57912,"TCCAGCCTCACGGGCAGGAAG","missense_variant","MODERATE","HOVITM_060122","719A>T","His240Leu","A","T","A/A","A/A","A/A","A/A","A/T","A/A","A/A","A/A","A/A","A/T","A/A","A/A","A/A","T/T","T/T","T/T","(HOVITM_060122,T,missense_variant)",1,0.25,0,0.75,0.75
"38","scaffold_3243",98031,"ATGTTTTATGTTGATCTATAT","missense_variant","MODERATE","HOVITM_064330","670C>A","His224Asn","G","T","G/T","G/G","G/T","G/G","G|T","T/T","T/T","T/T","T/T","T/T","T/T","G/T","T/T","T/T","T/T","T/T","(HOVITM_064330,T,missense_variant)",0.75,0,0.25,1,0.75
"39","scaffold_14",134358,"TACCTGTCTTCTACCAACACT","missense_variant","MODERATE","HOVITM_018625","532T>A","Ser178Thr","T","A","T/T","T/T","T/T","T/T","T/A","T/T","T/T","T/A","T/T","A/A","T/T","T/A","T/A","T/A","T/A","A/A","(HOVITM_018625,A,missense_variant)",1,0.375,0,0.625,0.625
"40","scaffold_37",429467,"GCATTGTGAGACTCTTGGGAA","missense_variant","MODERATE","HOVITM_070122","880C>A","Leu294Ile","G","T","T/T","G/G","T/T","G/T","G/G","G/G","G/G","G/G","G/G","G/G","G/G","G/G","G/G","G/G","G/G","G/G","(HOVITM_070122,T,missense_variant)",0.375,1,0.625,0,0.625
"41","scaffold_42",6772,"TTCAAGATCAATGTTAAGAGC","missense_variant","MODERATE","HOVITM_075914","289A>G","Asn97Asp","A","G","A|G","A/A","A/A","A|G","A|G","A/A","G|G","G|G","A/G","A|G","G|G","A/G","G|G","G/G","G/G","A/G","(HOVITM_075914,G,missense_variant)",0.75,0.125,0.25,0.875,0.625
"42","scaffold_46",186300,"GTCTCCTATCCAGTCTGAGGG","stop_gained","HIGH","HOVITM_079843","81G>A","Trp27*","C","T","C/C","T|T","C/C","C/C","T/T","C|T","C/C","C/T",".","T/T","T/T","C/C","T/T","T/T","T/T","C/T","(HOVITM_079843,T,stop_gained)",0.75,0.125,0.25,0.875,0.625
"43","scaffold_5",553736,"CATAATTCTGTCATTTTCCCA","missense_variant","MODERATE","HOVITM_083768","113C>A","Thr38Lys","G","T","G/G","G/G","G/G","G/G","G/G","G/G","G/G","G/G","G/T","G/T","G/G","G/T","G/T","G/G","T/T","T/T","(HOVITM_083768,T,missense_variant)",1,0.375,0,0.625,0.625
"44","scaffold_5",882701,"GGGACATCGCTACACTGTACA","missense_variant","MODERATE","HOVITM_083794","230C>T","Ala77Val","C","T","T/T","C/T","T/T","C/C","T/T","T/T","T/T","C/T","C/C","C/T","C/C","C/T","C/C","C/C","C/C","C/C","(HOVITM_083794,T,missense_variant)",0.375,1,0.625,0,0.625
"45","scaffold_50",548588,"GCAATGGCATTGGAGGCTTTA","missense_variant","MODERATE","HOVITM_083871","2686A>G","Met896Val","T","C","C/C","T/T","C/C","C/C","T/T","C/C","T/T","T/T","T/T","T/T","T/C",".","T/T","T/T","T/T","T/C","(HOVITM_083871,C,missense_variant)",0.25,0.875,0.75,0.125,0.625
"46","scaffold_6",1124795,"TAGTAGCCGCTGTTGCTGCCC","missense_variant","MODERATE","HOVITM_092449","269G>A","Ser90Asn","C","T","C/C","C/C","C/C","C/C","C/T","C/C","T/T","C/T","C/C","T/T","C/T","C/C","C/T","T/T","C/C","T/T","(HOVITM_092449,T,missense_variant)",1,0.375,0,0.625,0.625
"47","scaffold_7",334670,"CCAGATGAAAGTTTTCATTTT","missense_variant","MODERATE","HOVITM_100078","523A>T","Ser175Cys","A","T","A/A","A/A","A/A","A/A","A/A","A/T","A/A","A/A","T/T","A/A","A/A","T/T","A/A","A/T","T/T","T/T","(HOVITM_100078,T,missense_variant)",1,0.375,0,0.625,0.625
"48","scaffold_451",191873,"TTACTGGCACTGAAGATTGTC","missense_variant","MODERATE","HOVITM_079019","880G>A","Val294Met","C","T","C/C","C/C","C/C","C/C","T/T","C/C","C/C","C/C","T/T","T/T","C/C","T/T","C/T","C/C","T/T","T|T","(HOVITM_079019,T,missense_variant)",1,0.375,0,0.625,0.625
"49","scaffold_451",191978,"CTGTTTCGAGCATTGCAACTC","missense_variant","MODERATE","HOVITM_079019","775C>T","Leu259Phe","G","A","G/G","G/G","G/G","G/G","A/A","G/G","G/G","G/G","A/A","A/A","G/G",".","G/A","G/G","A/A","A/A","(HOVITM_079019,A,missense_variant)",1,0.375,0,0.625,0.625
"50","scaffold_451",340470,"TGTAAATCTGTGATTTCTCTT","missense_variant","MODERATE","HOVITM_079027","2093C>T","Thr698Ile","G","A","G/G","G/G","G/G","G/G","G|A","G/G","G/G","G/G","G/G","G|A","G/G","A|A","G|A","G/G","A|A","A|A","(HOVITM_079027,A,missense_variant)",1,0.375,0,0.625,0.625
"51","scaffold_5169",61632,"GCTAGAGAGCTGTTACTCGCT","missense_variant","MODERATE","HOVITM_085365","827G>A","Ser276Asn","C","T","T/T","T/T","T/T","T/T","C/C","C/T","C/T","C/T","T/T","C/T","C/T","C/T","C/T","C/C","C/T","C/T","(HOVITM_085365,T,missense_variant)",0,0.625,1,0.375,0.625
"52","scaffold_5213",80942,"CTTCATCAGATGATTTTCTTT","missense_variant","MODERATE","HOVITM_085814","388T>A","Ser130Thr","A","T","T/T","A/T","T/T","A/A","T/T","T/T","A/A","A/A","A/A",".","A/A","A/A","A/A","A/A","A/A","A/A","(HOVITM_085814,T,missense_variant)",0.375,1,0.625,0,0.625
"53","scaffold_5311",42371,"TATATTTTCATTTAAATGAAT","missense_variant","MODERATE","HOVITM_086653","819T>A","Asn273Lys","A","T","A/T","A/T","T/T","A/T","A/A","A/A","A/A","A/A","A/A","A/A","A/A","A/A","A/A","A/A","A/A","A/A","(HOVITM_086653,T,missense_variant)",0.375,1,0.625,0,0.625
"54","scaffold_531",247598,"TGGACAACGACAATCTGACCT","missense_variant","MODERATE","HOVITM_086636","293A>G","Asp98Gly","A","G","G/G","A/G","G/G","A/A","A/A","A/A","G/G","A/A","A/A","G/G","A/G","A/A","A/A","A/A","A/A","A/A","(HOVITM_086636,G,missense_variant)",0.375,1,0.625,0,0.625
"55","scaffold_535",296171,"TGTCAGCTACGCTGAAGTTCT","missense_variant","MODERATE","HOVITM_087022","365C>T","Thr122Met","C","T","T/T","C/T","T/T","T|T","T/T","T/T","T/T","T/T","T/T","T/T","C/C","T/T","C/C","C/T","C/T","C/C","(HOVITM_087022,T,missense_variant)",0.125,0.75,0.875,0.25,0.625
"56","scaffold_535",297656,"AGTCTCCCAGTGGCTATAGCA","missense_variant","MODERATE","HOVITM_087022","565G>A","Val189Met","G","A","A|A","G|A","A|A","A|A","A|A","A|A","A|A","A|A","A|A","A|A","G/G","A|A","G/G","G|A","G|A","G/G","(HOVITM_087022,A,missense_variant)",0.125,0.75,0.875,0.25,0.625
"57","scaffold_535",297662,"CCAGTGGCTATAGCAGTAGTG","missense_variant","MODERATE","HOVITM_087022","571A>G","Ile191Val","A","G","G|G","A|G","G|G","G|G","G|G","G|G","G|G","G|G","G|G","G|G","A/A","G|G","A/A","A|G","A|G","A/A","(HOVITM_087022,G,missense_variant)",0.125,0.75,0.875,0.25,0.625
"58","scaffold_535",297686,"ATGCTCGCTGGCAGGTGACAG","missense_variant","MODERATE","HOVITM_087022","595G>A","Gly199Ser","G","A","A|A","G|A","G/A","A|A","A|A","G/A","G/A","A|A","G/A","A|A","G/G","G/A","G/G","G/G","G|A","G/G","(HOVITM_087022,A,missense_variant)",0.25,0.875,0.75,0.125,0.625
"59","scaffold_5481",30057,"CTGGCTCAACAACGACTGTCT","missense_variant","MODERATE","HOVITM_088074","376G>A","Val126Ile","C","T","C/C","C/C","C/C","C/C","C/C","C/C","C/T","C/T","C/C","C/C","C/C","C/C","C/T","C/T","C/T","T/T","(HOVITM_088074,T,missense_variant)",1,0.375,0,0.625,0.625
"60","scaffold_5697",28784,"ATGTGGAGGCTGTATCTACAA","missense_variant","MODERATE","HOVITM_089924","395C>T","Ala132Val","C","T","T/T","T/T","C/T","C/T","C/T","C/T","T/T","T/T","C/T","C/T","C/C","T/T","C/C","C/C","C/T","C/C","(HOVITM_089924,T,missense_variant)",0.25,0.875,0.75,0.125,0.625
"61","scaffold_5730",21497,"TGGTGGTAGGTCAGGTGGATC","missense_variant","MODERATE","HOVITM_090274","974G>C","Gly325Ala","G","C","G|C","C|C","G/G","C|C","G/G","G/G","G/G","G/G","G/G","G/G","G/G","G/G","G/G","G/G","G/G","G/G","(HOVITM_090274,C,missense_variant)",0.375,1,0.625,0,0.625
"62","scaffold_5751",37388,"TGTGTTACAGAAAGACATGTT","splice_acceptor_variant&intron_variant","HIGH","HOVITM_090459","162-1G>A","","G","A","G/G","G/G","G/G","G/G","G/G","A/A","G/G","G/G","G/G","G/G","A/A","G/G","G/A","G/A","A/A","G/A","(HOVITM_090459,A,splice_acceptor_variant&intron_variant)",1,0.375,0,0.625,0.625
"63","scaffold_5837",8555,"ACATGTCTGCGCGCGCAGACT","missense_variant","MODERATE","HOVITM_091068","874G>A","Ala292Thr","C","T","C/T","T/T","T/T","C/T","C/T","C/T","C/T","T/T","C/C","C/C","C/T","C/T","C/C","C/T","C/C","C/C","(HOVITM_091068,T,missense_variant)",0.25,0.875,0.75,0.125,0.625
"64","scaffold_562",145693,"CTGCAGAATATAGGTATGGGG","missense_variant","MODERATE","HOVITM_089273","883A>C","Ile295Leu","A","C","A/A","A/A","A/A","A/A","A/A","A/A","A/A","A/A","A/A","A/A","A/C","A/C","C/C","A/C","C/C","A/A","(HOVITM_089273,C,missense_variant)",1,0.375,0,0.625,0.625
"65","scaffold_572",238852,"CCGCCACTCAGATTCTAGGAG","missense_variant","MODERATE","HOVITM_090186","227A>C","Gln76Pro","A","C","C|C","C|C","C|C","A/A","C/C","A/C","A|C",".","A|C","C/C","A/A","C/C","A/A","A/A","A|C","A/A","(HOVITM_090186,C,missense_variant)",0.25,0.875,0.75,0.125,0.625
"66","scaffold_598",93543,"GTCGCACATACTGGTAATTGC","missense_variant","MODERATE","HOVITM_092214","409T>C","Tyr137His","A","G","A/A","A/A","A/A","A/A","A/G","G/G","A/G","A/A","A/G","A/A","G/G","A/G","A/A","A/G","G/G","G/G","(HOVITM_092214,G,missense_variant)",1,0.375,0,0.625,0.625
"67","scaffold_5963",11142,"GTCCTCTAGGCATCCCCTCGT","missense_variant","MODERATE","HOVITM_092063","589C>G","Pro197Ala","G","C","C/C","G/G","G/C","C/C","G/G","G/G","C/C","C/C","G/G","C/C","G/C","G/G","G/G","G/G","G/G","G/G","(HOVITM_092063,C,missense_variant)",0.375,1,0.625,0,0.625
"68","scaffold_6084",54014,"CGGTAGAAGAGGTCACAAAGC","missense_variant","MODERATE","HOVITM_093190","32A>T","Glu11Val","A","T","T|T","T|T","A|T","A|T","A/A","T/T","T|T","T|T","T|T","A|T","A/A","T|T","A/A","A/A","A/A","A|T","(HOVITM_093190,T,missense_variant)",0.25,0.875,0.75,0.125,0.625
"69","scaffold_6084",54025,"GTCACAAAGCATCTAACTCCG","missense_variant","MODERATE","HOVITM_093190","43C>T","His15Tyr","C","T","T/T","T/T","C/T","C/T","C/C","T/T","T/T","T/T","T/T","C/T","C/C","T/T","C/C","C/C","C/C","C/T","(HOVITM_093190,T,missense_variant)",0.25,0.875,0.75,0.125,0.625
"70","scaffold_6084",54429,"CCTAGGAAACCCTGTTTGCTT","missense_variant","MODERATE","HOVITM_093190","447C>G","Asn149Lys","C","G","G/G","C/G","C/G","C/G","C/C","G/G","C/C","C|G","G/G","C/G","C/C",".","C/C","C/C","C/C","C/C","(HOVITM_093190,G,missense_variant)",0.375,1,0.625,0,0.625
"71","scaffold_6084",57919,"AAGAGGGTCATGATTTAATGG","missense_variant","MODERATE","HOVITM_093191","620A>C","His207Pro","A","C","A/A","A/A","A/A","A/C","A/A","A/A","A/A","A/A","A/A","A/A","A/A","A/A","C/C","C/C","A/C","A/C","(HOVITM_093191,C,missense_variant)",0.875,0.25,0.125,0.75,0.625
"72","scaffold_6084",58439,"CAACACAGAAAATTTACGAAT","missense_variant","MODERATE","HOVITM_093191","1140A>C","Glu380Asp","A","C","C|C","C|C","C|C","A|C","A/A","C|C","A|C","A/A","C|C","C|C","A/A",".","A/A","A/A","A|C","A|C","(HOVITM_093191,C,missense_variant)",0.125,0.75,0.875,0.25,0.625
"73","scaffold_6084",58511,"CGGAAAATGCATATCCGATAG","missense_variant","MODERATE","HOVITM_093191","1212C>G","Cys404Trp","C","G","C/C","C/C","C/C","C/G","C/C","C/C","C/C","C/C","C/C","C/C","C/C","C/C","G/G","G/G","C/G","C/G","(HOVITM_093191,G,missense_variant)",0.875,0.25,0.125,0.75,0.625
"74","scaffold_666",187111,"CATTCTTGAGCCGAACTCAGT","missense_variant","MODERATE","HOVITM_097638","1569G>C","Glu523Asp","G","C","G/G","G/G","G/G","G/G","G/C","G/G","G/G","G/G","G/C","G/C","G/G","G/G","C/C","C/C","G/G","G/C","(HOVITM_097638,C,missense_variant)",1,0.375,0,0.625,0.625
"75","scaffold_7259",59837,"GAATGCAAGGTATTTCTACTT","missense_variant","MODERATE","HOVITM_102207","2264C>A","Thr755Asn","G","T","G/G","G/G","G/G","G/G","T|T","G/G","G|T","T|T","G/G","G|T","G/T","G/G","G|T","T|T","G|T","G/T","(HOVITM_102207,T,missense_variant)",1,0.375,0,0.625,0.625
"76","scaffold_709",151062,"TGTCGGCGATATCCTGCCGGT","missense_variant","MODERATE","HOVITM_100977","1054A>G","Ile352Val","T","C","T/T","T/T","T/T","T/T","T/T","T/C","T/T","T/T","T/T","T/T","T/C","C/C","T/C","C/C","T/C","T/C","(HOVITM_100977,C,missense_variant)",1,0.375,0,0.625,0.625
"77","scaffold_713",206932,"TCATTTTCCCTCACCTCTTCC","missense_variant","MODERATE","HOVITM_101278","1109G>C","Arg370Thr","C","G","G|G","G|G","G/G","G|G","C|G","C|G","C/G","C/C","G|G","G|G","C/C","C/G","C/C","C/G","C|G","C|G","(HOVITM_101278,G,missense_variant)",0,0.625,1,0.375,0.625
"78","scaffold_716",247883,"CCATAAAGGGAAGACTCCAAG","missense_variant","MODERATE","HOVITM_101474","869C>T","Ser290Phe","G","A","G/G","G/G","G/G","G/G",".","G/G","G/G","G/G","A/A","G/G",".","G/G","G/G","A/A","G/A","A/A","(HOVITM_101474,A,missense_variant)",1,0.375,0,0.625,0.625
"79","scaffold_725",303231,"GGTCAAAAGGTCCTCCACAAG","missense_variant","MODERATE","HOVITM_102167","1379G>A","Gly460Asp","G","A","A/A","G/A","A/A","G/G","G/G",".",".","G/G",".","G/G","G/G",".","G/G","G/G","G/G","G/G","(HOVITM_102167,A,missense_variant)",0.375,1,0.625,0,0.625
"80","scaffold_740",161488,"CGTTACGACCCACGCCACGTC","missense_variant","MODERATE","HOVITM_103267","238C>A","Pro80Thr","C","A","C/C","C/C","C/C","C/A","C/C",".",".","C/A","C/C","C/A","C/C",".","C/A","A/A","C/A","A/A","(HOVITM_103267,A,missense_variant)",0.875,0.25,0.125,0.75,0.625
"81","scaffold_7619",35589,"ACATGGAATGTTAAGGGCAGT","missense_variant","MODERATE","HOVITM_104596","1090G>A","Val364Ile","G","A","A/A","G/A","A/A","A/A","G/A","A/A","G/A","G/A","G/G","G/G","G/A","G/G","G/G","G/G","G/A","G/A","(HOVITM_104596,A,missense_variant)",0.125,0.75,0.875,0.25,0.625
"82","scaffold_8291",13905,"gtcagttgcaattacgatatt","missense_variant","MODERATE","HOVITM_108901","88A>G","Asn30Asp","A","G","A/G","A/A","A/G","A/G","A/G","A/G","G/G","G/G","G/G","A/G","A|G","G/G","G/G","G/G","G/G","G/G","(HOVITM_108901,G,missense_variant)",0.625,0,0.375,1,0.625
"83","scaffold_816",25394,"CAACTCAAGACTCTCCTGACA","missense_variant","MODERATE","HOVITM_108061","1283A>G","Asp428Gly","A","G","G|G","G|G","A|G","A|G","A/A","A|G","A|G","A/A","A/A","A/A","A/A","A/A","A/A","A/A","A|G","A/A","(HOVITM_108061,G,missense_variant)",0.25,0.875,0.75,0.125,0.625
"84","scaffold_816",25399,"CAAGACTCTCCTGACAGTGAT","missense_variant","MODERATE","HOVITM_108061","1288C>T","Pro430Ser","C","T","T|T","T|T","C|T","C|T","C/C","C|T","C|T","C/C","C/C","C/C","C/C","C/C","C/C","C/C","C|T","C/C","(HOVITM_108061,T,missense_variant)",0.25,0.875,0.75,0.125,0.625
"85","scaffold_849",33129,"TCTGCAACTACTGATGAAACT","missense_variant","MODERATE","HOVITM_110140","130A>G","Thr44Ala","A","G","A/G","A/A","A/A","A/A","A/G","A/G","A/G","A/G","A/G","A/G","G/G","G/G","A/G","G/G","A/G","G/G","(HOVITM_110140,G,missense_variant)",0.875,0.25,0.125,0.75,0.625
"86","scaffold_8844",53421,"CAAGGCGAAACAGAAGAACAA","missense_variant","MODERATE","HOVITM_112125","421A>G","Thr141Ala","A","G","G/G","A/G","G/G","G/G","A/G","A/G","G/G","A/A","G/G","A/G","G/G","A/G","A/A","A/G","A/A","A/G","(HOVITM_112125,G,missense_variant)",0.125,0.75,0.875,0.25,0.625
"87","scaffold_8917",12826,"GCTGCCGCCTCTCAGCACACC","missense_variant","MODERATE","HOVITM_112544","625T>C","Ser209Pro","T","C","T/T","T/T","T|C","T/C","T/C","T/C","T/C","C/C","C/C","C/C","T/C","T/C","C/C","T/C","C/C","C/C","(HOVITM_112544,C,missense_variant)",0.75,0.125,0.25,0.875,0.625
"88","scaffold_900",41753,"GATACTTTACTCTGGTCCCTG","missense_variant","MODERATE","HOVITM_113124","1112G>A","Ser371Asn","C","T","C/C","C|T","C/C","C/C","C|T","T|T","T|T","C|T","C/C","C/C","C|T","C/C","T|T","T|T","C/C","T|T","(HOVITM_113124,T,missense_variant)",0.875,0.25,0.125,0.75,0.625
"89","scaffold_940",174044,"CTGGAAATGTGTTGCAGAGCC","missense_variant","MODERATE","HOVITM_115435","188A>G","His63Arg","T","C","C|C","T/T","C|C","T|C","T/T","T/T","T/T","T/T","T/T","T/T","T/T","T/T","T/T","T/T","T/T","T/T","(HOVITM_115435,C,missense_variant)",0.375,1,0.625,0,0.625
"90","scaffold_9584",52095,"GCCAGTGAGAACGAAAGTCTG","missense_variant","MODERATE","HOVITM_116384","464T>A","Phe155Tyr","A","T","A/T","A/T","A/A","A/A","T/T","A/A","A/T","A/T","A/T","A/T","A/T","T/T","A/T","T/T","T/T","T/T","(HOVITM_116384,T,missense_variant)",0.75,0.125,0.25,0.875,0.625
"91","scaffold_9622",10945,"TGATGAAAACCATAGCAGCGT","missense_variant","MODERATE","HOVITM_116635","649G>A","Val217Ile","C","T","C/T","C/C","C/C","C/C","C/C","C/C","C/T","C/T","C|T","T/T","C/C","C/C","T/T","C/T","C/T","T/T","(HOVITM_116635,T,missense_variant)",0.875,0.25,0.125,0.75,0.625
"92","scaffold_100",361468,"ATCGACACCAACAGAGAGGAT","missense_variant","MODERATE","HOVITM_000365","136A>G","Asn46Asp","A","G","G/G","A|G","G/G","G/G",".","G/G","A/A","G/G","G/G","G/G","A/A",".","A/G","A/A","A/G","A/A","(HOVITM_000365,G,missense_variant)",0.125,0.75,0.875,0.25,0.625
"93","scaffold_56",688109,"AGCTCTAGCGATGGCCGGGGT","missense_variant","MODERATE","HOVITM_089112","608C>T","Ser203Leu","G","A","A/A","A/A","G/A","G/A","G/A","G/A","G/G","A/A","G/A","G/A","G/G","G/G","G/G","G/A","G/G","G/G","(HOVITM_089112,A,missense_variant)",0.25,0.875,0.75,0.125,0.625
"94","scaffold_59",95613,"TTACTGATGGCAGAACCTTGT","missense_variant","MODERATE","HOVITM_091532","845C>T","Ala282Val","G","A","G/G","G/G","G/A","G/A","G/G","G/A","G/G","A/A","G/A","A/A","G/A","G|A","G/A","A/A","A/A","A/A","(HOVITM_091532,A,missense_variant)",0.75,0.125,0.25,0.875,0.625
"95","scaffold_60",10306,"ATTGTTCAATATCTAAAATCT","missense_variant","MODERATE","HOVITM_092458","2176A>G","Ile726Val","T","C","T/T","T/T","T/T","T/T","T/T","T/C","T/T","T/T",".","T/T","T/T","T/T","T/C","T/T","C/C","C/C","(HOVITM_092458,C,missense_variant)",1,0.375,0,0.625,0.625
"96","scaffold_985",45978,"GTCTTCAGTCTAGAAGATGTT","missense_variant","MODERATE","HOVITM_117846","707G>A","Arg236Lys","C","T","T/T","C/C","T/T","T/T","C/T","C/C","C/T","C/T","C/C","C/C","C/C","C/T","C/C","C/T","C/C","C/C","(HOVITM_117846,T,missense_variant)",0.25,0.875,0.75,0.125,0.625
"97","scaffold_1098",120439,"ACTAGACACGACGTCAAGGTA","missense_variant","MODERATE","HOVITM_005476","544G>C","Asp182His","G","C","G/G","G/G","G/G","G/G","G/G","G/G","G/G","G/G",".","G/C","G/G",".","G/C","G/G","C|C","C|C","(HOVITM_005476,C,missense_variant)",1,0.375,0,0.625,0.625
"98","scaffold_1098",120568,"TGCACTCGCTGATTCAGCCCC","missense_variant","MODERATE","HOVITM_005476","581T>C","Leu194Pro","T","C","T/T","T/T","T/T","T/T","T|C","T/T","T/T","T/T",".","T|C",".","T/T","T|C","T/T","C|C","C|C","(HOVITM_005476,C,missense_variant)",1,0.375,0,0.625,0.625
"99","scaffold_11223",7141,"AGAAAGTTGGAAAAGTGTCAT","missense_variant","MODERATE","HOVITM_006723","174G>T","Trp58Cys","G","T","T/T","T/T","T/T","G/T","G/G","G/G","G/G","G/G",".","G/G","G/G",".","G/G","T/T","G/G","G/G","(HOVITM_006723,T,missense_variant)",0.125,0.75,0.875,0.25,0.625
"100","scaffold_11427",47432,"GAATGACATGGAAGCTGTGTA","missense_variant","MODERATE","HOVITM_007623","669G>A","Met223Ile","G","A","G/G","G/G","G/A","G/G","G/A","A/A","G/A","G/A","G/A","G/A","A/A","A/A","G/A","A/A","G/A","A/A","(HOVITM_007623,A,missense_variant)",0.875,0.25,0.125,0.75,0.625
"101","scaffold_1289",56772,"tcatcgctcatgctcaggcaa","missense_variant","MODERATE","HOVITM_014148","242T>G","Met81Arg","A","C","C/C","A/C","C/C","C/C","A/A","A/C","A/A","C/C","C/C","A/C","A/C","C/C","A/C","A/C","A/A","A/A","(HOVITM_014148,C,missense_variant)",0.125,0.75,0.875,0.25,0.625
"102","scaffold_1289",56907,"GTTCTTCTGCATGTCATGTAT","missense_variant","MODERATE","HOVITM_014148","147G>A","Met49Ile","C","T","T/T","C/T","T/T","T/T","C/C","C/T","C/T","T/T","T/T","C/T","C/C","T/T","C/T","C/T","C/C","C/C","(HOVITM_014148,T,missense_variant)",0.125,0.75,0.875,0.25,0.625
"103","scaffold_13211",10757,"AACTGATTTGGTTTAAGAAAA","missense_variant","MODERATE","HOVITM_015464","480G>T","Leu160Phe","G","T","G/G","G/G","G/G","G/G","G/G","G/G","G/G","G/G","G/T","G/T","G/G","G/G","T/T","G/G","T/T","G/T","(HOVITM_015464,T,missense_variant)",1,0.375,0,0.625,0.625
"104","scaffold_13281",27925,"TAAAAGCATCTAGTTTCTACC","missense_variant","MODERATE","HOVITM_015706","26C>A","Ser9Tyr","C","A","A/A","A/A","A/A","A/A","C/C","A/A","A/A","A/A","C/A","C/A","C/A","C/A","C/A","C/A","C/C","C/A","(HOVITM_015706,A,missense_variant)",0,0.625,1,0.375,0.625
"105","scaffold_1354",76858,"AACCCAGAGGTATGTTTGCGA","missense_variant","MODERATE","HOVITM_016767","794G>T","Gly265Val","G","T","G/G","G/G","G/G","G/G","G/G",".","T/T","T/T","G/G","G/G","G/G","G/G","G/T","T/T","G/G","T/T","(HOVITM_016767,T,missense_variant)",1,0.375,0,0.625,0.625
"106","scaffold_1354",78320,"GGCGTGGGCGTAGCAACTGGC","missense_variant","MODERATE","HOVITM_016767","1183G>A","Val395Ile","G","A","G/G","G/G","G/G","G/G","G/G","G/G","G/G","G/G","G/G","G|A","G/G",".","A|A","G|A","G/G","A|A","(HOVITM_016767,A,missense_variant)",1,0.375,0,0.625,0.625
"107","scaffold_1365",28251,"TAAAGACTTGAAAAGGCTTCT","missense_variant","MODERATE","HOVITM_017205","82C>G","Gln28Glu","G","C","G/G","G/G","G/G","G/G","G/G","C|C","C|C","G|C","G/G","G|C","G|C","G|C","C|C","C|C","G|C","G/G","(HOVITM_017205,C,missense_variant)",1,0.375,0,0.625,0.625
"108","scaffold_14355",7074,"ACTTCAGGAGTATAATCTTGT","missense_variant","MODERATE","HOVITM_020150","836C>G","Thr279Ser","G","C","G|C","G/G","G/G","C|C","C|C","C|C","C|C","C|C","G|C","C|C","C|C","C|C","C|C","C|C","C|C","C|C","(HOVITM_020150,C,missense_variant)",0.625,0,0.375,1,0.625
"109","scaffold_14355",7233,"ACCAATTCCGCTCCACTATTC","missense_variant","MODERATE","HOVITM_020150","677C>G","Ala226Gly","G","C","G/G","G/G","G/G","C|C","C|C","C/C","C|C","C|C","G|C","C/C","C|C","G/G","C|C","G|C","C|C","C|C","(HOVITM_020150,C,missense_variant)",0.75,0.125,0.25,0.875,0.625
"110","scaffold_1410",92713,"cagatgctaatatcggggaaa","missense_variant","MODERATE","HOVITM_019206","1868A>G","Asn623Ser","A","G","G|G","A|G","G/G","G/G","G/G","A/A","G|G","G/G","G|G","A|G","G/G",".","A/A","A/G","A/A","A|G","(HOVITM_019206,G,missense_variant)",0.125,0.75,0.875,0.25,0.625
"111","scaffold_14671",21358,"AGTTCTACCCAGGTGGATACT","missense_variant","MODERATE","HOVITM_021327","1531C>A","Gln511Lys","C","A","A/A","C/C","A/A","A/A","C/C","C/C","C/C","C/C","A/A","A/A",".","C/C","C/C","C/C","C/A","C/C","(HOVITM_021327,A,missense_variant)",0.25,0.875,0.75,0.125,0.625
"112","scaffold_135",391775,"GTGAAATCAGTTAAACCCACC","missense_variant","MODERATE","HOVITM_016606","784G>A","Val262Ile","G","A","G/G","G/A","G/G","G/G","G/G","A/A","G/G","G/G",".","A/A","G/G",".","G/A","A/A","A/A","G/A","(HOVITM_016606,A,missense_variant)",0.875,0.25,0.125,0.75,0.625
"113","scaffold_137",216530,"CAGTGTCTGGTCGGCTCCAAG","missense_variant","MODERATE","HOVITM_017440","739G>A","Val247Ile","G","A","G/G","G/G","G/G","G/G","G/A","G/G","A/A","G/G","G/A","G/G","A/A","G/A","G/G","G/A","A/A","A/A","(HOVITM_017440,A,missense_variant)",1,0.375,0,0.625,0.625
"114","scaffold_137",388069,"TGGATGTCCGTGAAATGCTGG","missense_variant","MODERATE","HOVITM_017451","1382C>T","Thr461Met","G","A","G/G","G/G","G/G","G/G","G/A","G/A","A/A","G/G","G/A","G/A","A/A","G/A","G/G","G/A","A/A","A/A","(HOVITM_017451,A,missense_variant)",1,0.375,0,0.625,0.625
"115","scaffold_1490",137406,"ACAATGTCGTGTGTAACAATA","missense_variant","MODERATE","HOVITM_022206","112T>A","Cys38Ser","T","A","A/A","T|A","A/A","T/T","T/T","T/T","T/T","T/T","T/T","T/A","T/T","T|A","T/T","T/T","T/T","T/T","(HOVITM_022206,A,missense_variant)",0.375,1,0.625,0,0.625
"116","scaffold_15028",7614,"tgaagaggatgaagaagagga","missense_variant","MODERATE","HOVITM_022718","240T>A","Asp80Glu","T","A","T/A","A/A","A/A","A/A","T/T","T/T","A/A","A/A","A/A","T/A","T/A","T/A","T/A","T/A","T/T","T/T","(HOVITM_022718,A,missense_variant)",0.125,0.75,0.875,0.25,0.625
"117","scaffold_15028",7642,"tctgaaaatCAGCAGAACCAC","missense_variant","MODERATE","HOVITM_022718","268C>G","Gln90Glu","C","G","C/G","C/G","G/G","G/G","C/C","C/C","C/G","C/G","C/G","C/C","C/G","C/C","C/C","C/G","C/C","C/C","(HOVITM_022718,G,missense_variant)",0.25,0.875,0.75,0.125,0.625
"118","scaffold_1529",214864,"AATCAACTTGTATTCCTGGAA","missense_variant","MODERATE","HOVITM_023680","312G>T","Leu104Phe","G","T","G/G","G|T","G/G","G/G","G/G","G/G","G/G","T|T","G|T","G/G","G|T","G|T","T|T","T|T","G|T","G|T","(HOVITM_023680,T,missense_variant)",0.875,0.25,0.125,0.75,0.625
"119","scaffold_1539",211328,"AAATTCTCACAGACTGTGGTA","missense_variant","MODERATE","HOVITM_024082","44C>A","Thr15Lys","C","A","A|A","A|A","C/C","C|A",".","C/C",".",".","C/C",".","C|A",".","C/C","C/C","C/C","C/C","(HOVITM_024082,A,missense_variant)",0.375,1,0.625,0,0.625
"120","scaffold_1586",20418,"TTTGTTTGGTTCCAGGCTTGC","missense_variant","MODERATE","HOVITM_025868","223A>G","Thr75Ala","T","C","T/C","T/T","T/C","T/C","C/C","C/C","C/C","C/C","C/C","C/C","C/C",".","C/C","C/C","C/C","C/C","(HOVITM_025868,C,missense_variant)",0.625,0,0.375,1,0.625
"121","scaffold_1617",555,"CTTCACTCTGGAAGTGGAGAA","missense_variant","MODERATE","HOVITM_027072","184G>C","Gly62Arg","G","C","G/G","G/G","G/G","G/G","G/G","G|C","G|C","G/G","G|C","G|C","C|C","G/G","G/C","G|C","G|C","C|C","(HOVITM_027072,C,missense_variant)",1,0.375,0,0.625,0.625
"122","scaffold_1617",556,"TTCACTCTGGAAGTGGAGAAA","missense_variant","MODERATE","HOVITM_027072","185G>A","Gly62Glu","G","A","G/G","G/G","G/G","G/G","G/G","G|A","G|A","G/G","G|A","G|A","A|A","G/G","G/A","G|A","G|A","A|A","(HOVITM_027072,A,missense_variant)",1,0.375,0,0.625,0.625
"123","scaffold_1617",2694,"TTAGAAGATATAGAAGCATTT","missense_variant","MODERATE","HOVITM_027072","337A>T","Ile113Leu","A","T","A/A","A/A","A/A","A/A","A/A","A/A","A/A","A/A","A|T","A/T","T/T","A/A","A/T","A/T","A/T","T/T","(HOVITM_027072,T,missense_variant)",1,0.375,0,0.625,0.625
"124","scaffold_1686",182294,"CCAGACTCATAACAGGCACAG","missense_variant","MODERATE","HOVITM_029575","448A>G","Met150Val","T","C","T/C","T/T","C/C","T/T","C/C","C/C","T/C","C/C",".","C/C","T/C",".","C/C","C/C","C/C","C/C","(HOVITM_029575,C,missense_variant)",0.625,0,0.375,1,0.625
"125","scaffold_1750",147515,"TAGAAGTTATTTCCTCGGTTC","missense_variant","MODERATE","HOVITM_031890","1313A>C","Asn438Thr","T","G","G|G","G|G","G|G","T|G","T/T","G/G","G|G","G|G","T|G","T|G","G|G","T/T","T/T","G|G","T/T","T/T","(HOVITM_031890,G,missense_variant)",0.125,0.75,0.875,0.25,0.625
"126","scaffold_1750",147689,"GGGGCTGCATTTGTTGGATAG","missense_variant","MODERATE","HOVITM_031890","1139A>C","Asn380Thr","T","G","G/G","G/G","G/G","T/G","G/G","G/G","G/G","G/G","T/G","T/G","G/G","T/T","T/T","G/G","T/T","T/T","(HOVITM_031890,G,missense_variant)",0.125,0.75,0.875,0.25,0.625
"127","scaffold_1795",70933,"TAAACATAATTTCCTGTTGGG","missense_variant","MODERATE","HOVITM_033300","652A>G","Ile218Val","T","C","T/T","T|C","T/T","T|C","C/C","T/T","T/C","T/C","C/C","C/C","T/C","C/C","C/C","C|C","T|C","C|C","(HOVITM_033300,C,missense_variant)",0.75,0.125,0.25,0.875,0.625
"128","scaffold_1795",70993,"TCTCTTCAAAATTTTCTTGTG","missense_variant","MODERATE","HOVITM_033300","592T>C","Phe198Leu","A","G","A/A","A/G","A/G","A/G","G/G","A/A","A/G","A/G","G/G","G/G","A/G","G/G","G/G","G/G","G/G","G|G","(HOVITM_033300,G,missense_variant)",0.625,0,0.375,1,0.625
"129","scaffold_1842",50176,"TCGGCTGGAGGAGGACTGACA","missense_variant","MODERATE","HOVITM_034730","188C>A","Pro63His","G","T","G/G","G/G","G/G","G/G","G/G","G/G","G/G","G/G","G/T","G/T","G/G","G/T","T/T","G/G","T/T","G/T","(HOVITM_034730,T,missense_variant)",1,0.375,0,0.625,0.625
"130","scaffold_1842",58661,"TCTACCAATGTTGCGTCAGTT","missense_variant","MODERATE","HOVITM_034731","602C>A","Thr201Lys","G","T","G/G","G/G","G/G","G/G","G/G","G/G","G/G","G/G","G/T","G/T","G/G","G/T","T/T","G/G","T/T","G/T","(HOVITM_034731,T,missense_variant)",1,0.375,0,0.625,0.625
"131","scaffold_18603",9700,"CAGTGCCAAGTCTGTCCTGGG","missense_variant","MODERATE","HOVITM_035321","36G>T","Lys12Asn","G","T","G/T","T/T","T/T","T/T","T|T","G/T","G|T","T/T","G|T","G/T","G/T","G/G","G/G","G/T","G/G","G/T","(HOVITM_035321,T,missense_variant)",0.125,0.75,0.875,0.25,0.625
"132","scaffold_18603",11307,"AATCAAGATGATATCAACACT","missense_variant","MODERATE","HOVITM_035321","142G>T","Asp48Tyr","G","T","G/T","T/T","T/T","T/T","T/T","G/T","T/T","T/T","T/T","T/T","T/T","G/G","G/G","G/T","G/G","G/T","(HOVITM_035321,T,missense_variant)",0.125,0.75,0.875,0.25,0.625
"133","scaffold_18835",11408,"GAAAATGAACTGTCATTGTAC","missense_variant","MODERATE","HOVITM_036094","70C>G","Leu24Val","C","G","C/C","G/G","G/G","G/G","G/G","C/C","C/C","C/C",".","C/C","C/C","C/C","C/G","C/C","C/C","C/C","(HOVITM_036094,G,missense_variant)",0.25,0.875,0.75,0.125,0.625
"134","scaffold_18884",21703,"TCTTGACCTGTGGGAGAGATG","missense_variant","MODERATE","HOVITM_036235","134C>T","Thr45Ile","G","A","G/A","G/G","G/G","G/G","G/G","A/A","A/A","A/A","G/A","A/A","A/A","A/A","A/A","A/A","G/G","A/A","(HOVITM_036235,A,missense_variant)",0.875,0.25,0.125,0.75,0.625
"135","scaffold_1944",40247,"CAATGTCCGATTGTGAAAATG","missense_variant","MODERATE","HOVITM_037996","1059T>G","Asn353Lys","A","C","C|C","C/C","C|C","C/C","C/C","C/C",".","A/A","A/A","C|C","A|C","C|C","A/C","A/C","A/A","A/C","(HOVITM_037996,C,missense_variant)",0,0.625,1,0.375,0.625
"136","scaffold_1947",63652,"TCAGTGGTGGAAGTTACAGCA","missense_variant","MODERATE","HOVITM_038078","128C>T","Ser43Phe","G","A","A/A","A/A","G/A","A/A",".","G/A","G/G",".","G/A",".","G/G","G/G","G/A","G/G","G/G","G/A","(HOVITM_038078,A,missense_variant)",0.125,0.75,0.875,0.25,0.625
"137","scaffold_1948",168815,"ATGGGATAGTTTCTGTGATGC","missense_variant","MODERATE","HOVITM_038098","294A>T","Lys98Asn","T","A","A/A","A/A","T/A","T/A","T/T","T/T",".","T/A","T/A","T/T","A/A","T/T","T/T","T/A","T/T","T/T","(HOVITM_038098,A,missense_variant)",0.25,0.875,0.75,0.125,0.625
"138","scaffold_1948",168826,"TCTGTGATGCCtccattggca","missense_variant","MODERATE","HOVITM_038098","283G>A","Ala95Thr","C","T","T/T","T/T","C/T","C/T","C/C","C/C",".","C|T","C|T","C/C","T|T","C/C","C/C","C|T","C/C","C/C","(HOVITM_038098,T,missense_variant)",0.25,0.875,0.75,0.125,0.625
"139","scaffold_1948",169024,"tgttgccatgaacagcaatat","missense_variant","MODERATE","HOVITM_038098","85C>T","His29Tyr","G","A","A|A","A|A","A|A","G|A","G/G","G/G",".","G|A",".","G/G","A|A","G/G","G/G","G|A","G/G","G|A","(HOVITM_038098,A,missense_variant)",0.125,0.75,0.875,0.25,0.625
"140","scaffold_19594",18158,"TGGGCTTGACTTTCTCCGACC","missense_variant","MODERATE","HOVITM_038437","439G>A","Val147Ile","C","T","C/C","T/T","T/T","T/T","C/C","C/C","C/C","C/T","C/C","C/C","C/C","C/C","C/C","C/T","C/C","C/C","(HOVITM_038437,T,missense_variant)",0.25,0.875,0.75,0.125,0.625
"141","scaffold_162",311103,"CTTGGATTAGCAGTAACAGTT","missense_variant","MODERATE","HOVITM_027213","818C>T","Ala273Val","G","A","A/A","G/A","G/A","G/A","A/A","G/A","G/A","G/A","G/G","G/G","G/G","G/G","G/G","G/G","G/G","G/G","(HOVITM_027213,A,missense_variant)",0.375,1,0.625,0,0.625
"142","scaffold_2050",163477,"TTGTGGGCCCAAAGGCCAGAA","missense_variant","MODERATE","HOVITM_041170","65C>T","Pro22Leu","C","T","C/C","C/C","C/C","C/C","C|T","C/C","C/C","C/T","C/C","C/T","C/C","C/C","T/T","T/T","C/T","C/C","(HOVITM_041170,T,missense_variant)",1,0.375,0,0.625,0.625
"143","scaffold_2123",38287,"CGGCGCACAGCACAGACAGAA","missense_variant","MODERATE","HOVITM_043126","28C>A","Leu10Met","G","T","G/G","G/G","G/G","G/G",".","G/G","G/G","G/G","G/G","G|T","G/G","G/G","T|T","G/G","T|T","G|T","(HOVITM_043126,T,missense_variant)",1,0.375,0,0.625,0.625
"144","scaffold_21757",14586,"AACATATGTATTCCTAGATGC","missense_variant","MODERATE","HOVITM_044417","575T>G","Ile192Arg","A","C","C/C","A/A","C/C","C|C","A/A","A/A",".","C/C",".","A/A","A/A",".","A/A","A/A","A/C","A/A","(HOVITM_044417,C,missense_variant)",0.25,0.875,0.75,0.125,0.625
"145","scaffold_2167",21548,"ACAGACAAGTTGTCCACAGCC","missense_variant","MODERATE","HOVITM_044212","1001A>G","Asn334Ser","T","C","T/T","T/C","T/T","C/C","C/C","T/C","T/T","C/C","C/C","T/T","T/C","C/C","C/C","C/C","C/C","C/C","(HOVITM_044212,C,missense_variant)",0.625,0,0.375,1,0.625
"146","scaffold_22119",5709,"TGACATTGGAGGGCTGATCTC","missense_variant","MODERATE","HOVITM_045314","1183T>G","Ser395Ala","A","C","C|C","C|C","A/A","A|C","A/A","A/A","A/A","A|C","A/A","A/A","A/C","A/A","A/A","A/A","A/A","A/A","(HOVITM_045314,C,missense_variant)",0.375,1,0.625,0,0.625
"147","scaffold_2251",115609,"AGCACAGAAGAGCTGAGGATA","missense_variant","MODERATE","HOVITM_046342","470C>G","Ser157Cys","G","C","G/G","G/G","G/G","G/G","G/G","G/G","G/G","G/G","G/G","G/G","G/G","G/G","C/C","G/G","C/C","G/C","(HOVITM_046342,C,missense_variant)",1,0.375,0,0.625,0.625
"148","scaffold_2251",117404,"CTGATGATACGAACACAACTC","missense_variant","MODERATE","HOVITM_046342","322G>A","Val108Ile","C","T","C/C","C/C","C/C","C/C","C/C","C/C",".","C/C",".","C/C","C/C","C/T","T/T","C/C","T/T","C/T","(HOVITM_046342,T,missense_variant)",1,0.375,0,0.625,0.625
"149","scaffold_2258",93346,"AACCAGACTTCACCTCAGAGC","missense_variant","MODERATE","HOVITM_046482","817T>C","Ser273Pro","T","C","C/C","T/C","T/C","T/C","T/C","T/C","T/C","C/C","C/C","T/T","T/T","C/C","T/T","T/T","T/T","T/T","(HOVITM_046482,C,missense_variant)",0.375,1,0.625,0,0.625
"150","scaffold_2276",28938,"AAGTGCCTTTATAAGTGTCCC","missense_variant","MODERATE","HOVITM_046933","256A>G","Lys86Glu","T","C","T/T","T/T","T/T","T/C","T/C","T/T","T/C","T/T","T/T","T/C","T/T","C/C","T/C","C/C","T/C","C/C","(HOVITM_046933,C,missense_variant)",0.875,0.25,0.125,0.75,0.625
"151","scaffold_2359",124156,"TGGGTGAGACCACTGCTCATG","missense_variant","MODERATE","HOVITM_048894","131C>T","Thr44Ile","C","T","T/T","C/C","T/T","C/T","C/C","C/C","C/C","C/C","C/C","C/C","C/C","C/C","C/C","C/C","C/C","C/C","(HOVITM_048894,T,missense_variant)",0.375,1,0.625,0,0.625
"152","scaffold_2397",34427,"CTATCTTGATTTGGAATCAAA","missense_variant","MODERATE","HOVITM_049651","428A>T","Asn143Ile","T","A","T/T","T/T","T/T","T/T","T/T","T/T","T/T","T/T","T/T","T/T","T/T",".","T/T","A|A","A|A","T|A","(HOVITM_049651,A,missense_variant)",1,0.375,0,0.625,0.625
"153","scaffold_2397",34435,"ATTTGGAATCAAATTTTTACT","missense_variant","MODERATE","HOVITM_049651","420G>T","Leu140Phe","C","A","C/C","C/C","C/C","C/C","C/C","C/A","C/C","C/C","C/C","A/A","C/C",".","C/C","A|A","A|A","C|A","(HOVITM_049651,A,missense_variant)",1,0.375,0,0.625,0.625
"154","scaffold_2443",1708,"TTACCTCATGGGGCAAAATCA","missense_variant","MODERATE","HOVITM_050614","337C>A","His113Asn","G","T","G/G","G/G","G/G","G/G","G|T","G/T","G/G","G/G","G/G","G/T","T/T","G/G","G/T","G/T","G/T","T|T","(HOVITM_050614,T,missense_variant)",1,0.375,0,0.625,0.625
"155","scaffold_214",78688,"CAGTCTTAACTTCAGGTTTAG","missense_variant","MODERATE","HOVITM_043521","994G>A","Val332Ile","C","T","C/T","T/T","C/C","T/T","C/T","T/T","C/C","C/C","C/C","C/C","C/C","C/C","C/C","C/C","C/C","C/C","(HOVITM_043521,T,missense_variant)",0.375,1,0.625,0,0.625
"156","scaffold_214",78784,"AATGCATAATGCTCATATCAT","missense_variant","MODERATE","HOVITM_043521","898A>T","Ile300Phe","T","A","T/A","A/A","T/T","A|A","T/A","A|A","T/T","T/T","T/T","T/T","T/T","T/T","T/T","T/T","T/T","T/T","(HOVITM_043521,A,missense_variant)",0.375,1,0.625,0,0.625
"157","scaffold_214",78814,"CCAAATCATGACTTTCAGGCT","missense_variant","MODERATE","HOVITM_043521","868C>A","His290Asn","G","T","G/T","T/T","G/G","T|T","G/T","T|T","G/G","G/G","G/G","G/G","G/G","G/G","G/G","G/G","G/G","G/G","(HOVITM_043521,T,missense_variant)",0.375,1,0.625,0,0.625
"158","scaffold_215",29273,"CCTCTTCTCCAGCGATTCCGA","missense_variant","MODERATE","HOVITM_043775","415G>C","Gly139Arg","C","G","C/G","C/G","G/G","C/G","C/C","C/C","C/C","C/C","C/C","C/C","C/C","C/C","C/C","C/C","C/C","C/C","(HOVITM_043775,G,missense_variant)",0.375,1,0.625,0,0.625
"159","scaffold_230",366792,"GCATTTCTGCATGTGgatgac","missense_variant","MODERATE","HOVITM_047530","145C>A","His49Asn","C","A","C/C","C/C","C/C","C/C","C/C","C/A","C/C","C/C","C/C","C/A","C/A","C/A","A/A","A/A","C/C","C/A","(HOVITM_047530,A,missense_variant)",1,0.375,0,0.625,0.625
"160","scaffold_2559",7111,"TACCGTCTGTGCCGGCCGGCG","missense_variant","MODERATE","HOVITM_052891","302T>C","Val101Ala","T","C","T/T","T/T","T/T","T|C","C|C","C|C","C|C","T|C","T/T","T|C","T|C","T|C","T/C","C|C","T|C","C/C","(HOVITM_052891,C,missense_variant)",0.875,0.25,0.125,0.75,0.625
"161","scaffold_2559",9197,"CCTACTGACGACACAAGACAT","missense_variant","MODERATE","HOVITM_052891","553G>A","Asp185Asn","G","A","G/G","G/G","G/G","G/A","G/A","A/A","G/A","G/A","G/G","G/G","G/A","G/A","G/A","A/A","G/A","A/A","(HOVITM_052891,A,missense_variant)",0.875,0.25,0.125,0.75,0.625
"162","scaffold_26016",5502,"AATCGACACAAGTCTGCATTG","missense_variant","MODERATE","HOVITM_053745","44T>C","Leu15Ser","A","G","A|G","A|G","G|G","G|G",".","G|G",".","G|G","A/A",".","A/A",".","A|G","A/A","A/A","A/A","(HOVITM_053745,G,missense_variant)",0.25,0.875,0.75,0.125,0.625
"163","scaffold_26016",5511,"AAGTCTGCATTGTTTGGGCAA","missense_variant","MODERATE","HOVITM_053745","35A>C","Asn12Thr","T","G","T|G","T|G","G|G","G|G",".","G|G",".","G|G","T/T",".","T/T",".","T|G","T/T","T/T","T/T","(HOVITM_053745,G,missense_variant)",0.25,0.875,0.75,0.125,0.625
"164","scaffold_2610",36219,"GAAGGAGGAGGAGTCGAAGTC","missense_variant","MODERATE","HOVITM_053889","575G>A","Arg192Lys","G","A","G/G","G/G","G/G","G/G","G/G","A/A","G/A","A/A","G/G","G/G","G/G","G/A","G/A","G/A","G/A","A/A","(HOVITM_053889,A,missense_variant)",1,0.375,0,0.625,0.625
"165","scaffold_2610",36528,"GAGATGATACCAATAAATATT","missense_variant","MODERATE","HOVITM_053889","884C>A","Thr295Asn","C","A","C|A","C/A","A|A","A|A","C/C","C/C","C|A","C/C","A|A",".","A/A","C/C","C|A","C/C","C/C","C/C","(HOVITM_053889,A,missense_variant)",0.25,0.875,0.75,0.125,0.625
"166","scaffold_2690",90823,"ATCCTGGTCGTGTCGTAGAAC","missense_variant","MODERATE","HOVITM_055314","236C>G","Thr79Arg","G","C","G/G","G/G","G/G","G/G","C/C","G/C","G/G","C/C","C/C","G/G","G|C","G/C","G|C","G/C","C/C","G/C","(HOVITM_055314,C,missense_variant)",1,0.375,0,0.625,0.625
"167","scaffold_2740",79757,"TTGTTTGAACCCAATGAAGTG","missense_variant","MODERATE","HOVITM_056220","196C>A","Pro66Thr","C","A","C/C","C/C","C/C","C/C","C/C","C|A","C/C","C/C","C/C","C/C","C/C","C/C","A/A","C|A","C|A","C|A","(HOVITM_056220,A,missense_variant)",1,0.375,0,0.625,0.625
"168","scaffold_2740",91102,"CGGCAAAAAGAGATGTGACGT","missense_variant","MODERATE","HOVITM_056221","584G>A","Arg195Lys","G","A","A|A","A/A","A/A","A|A","A/A","G/A","A|A","G/G","G/A","G/G","A/A","G/G","G/G","G/A","G/A","G/A","(HOVITM_056221,A,missense_variant)",0,0.625,1,0.375,0.625
"169","scaffold_2740",91243,"CTGGCATGTTCCATTAATCAG","missense_variant","MODERATE","HOVITM_056221","725T>C","Phe242Ser","T","C","C/C","C/C","C|C","C|C","C/C","T|C","C/C","C/C","C/C","C/C","C/C","C/C","T/T","T/C","T/C","T/C","(HOVITM_056221,C,missense_variant)",0,0.625,1,0.375,0.625
"170","scaffold_2815",94596,"CATTTGCCATCTTAATGGTGA","missense_variant","MODERATE","HOVITM_057522","608T>C","Ile203Thr","T","C","T/T","T/T","T/T","T/T","T/T","C/C","T/C","C/C","T/T","T/T","T/C","C/C","T/T","C/C","T/C","C/C","(HOVITM_057522,C,missense_variant)",1,0.375,0,0.625,0.625
"171","scaffold_2860",125426,"ATGCCTGAAAAAGCTGTTTCT","missense_variant","MODERATE","HOVITM_058211","724A>G","Lys242Glu","A","G","A/G","A/A","A/A","A/A","G/G","G/G","A/G","G/G","A/A","A/A","A/G",".","A/G","G/G","A/G","G/G","(HOVITM_058211,G,missense_variant)",0.875,0.25,0.125,0.75,0.625
"172","scaffold_2934",63051,"ACGACCCTCAGACGATCGTAC","missense_variant","MODERATE","HOVITM_059390","611A>G","Gln204Arg","A","G","A/A","A/A","A/A","A/A",".","A/G","A/A","A/A","A/A","A/A","A/A","A/A","A/G","A/G","A/G","G|G","(HOVITM_059390,G,missense_variant)",1,0.375,0,0.625,0.625
"173","scaffold_29612",3110,"GGCGGTCACGGCTGTCTCTGT","missense_variant","MODERATE","HOVITM_059854","268C>T","Arg90Cys","G","A","G/A","G/G","G/G","G/G","A/A","G/A","A/A","A/A","A/A","G/G","G/G","G/G","A/A","G/A","G/A","A/A","(HOVITM_059854,A,missense_variant)",0.875,0.25,0.125,0.75,0.625
"174","scaffold_295",126567,"GAAGAGGGGTTCCAATTGCTG","missense_variant","MODERATE","HOVITM_059659","2237T>C","Val746Ala","T","C","T/T","T/C","T/C","T/C","T/C","T/C","T/T","T/C","C/C","C/C","C/C","C/C","C/C","C/C","C/C","C/C","(HOVITM_059659,C,missense_variant)",0.625,0,0.375,1,0.625
"175","scaffold_295",227714,"AAACCTGAGGAAAGTGTGATT","missense_variant","MODERATE","HOVITM_059666","9562G>A","Glu3188Lys","G","A","A/A","A/A","A/A","A/A","G/A","A/A","A/A","G/A","G/A","G|A","A/A","G/A","G/G","G/A","G/G","A/A","(HOVITM_059666,A,missense_variant)",0,0.625,1,0.375,0.625
"176","scaffold_295",227834,"GTAGAAAAAAATGATCTTAAG","missense_variant","MODERATE","HOVITM_059666","9682A>G","Asn3228Asp","A","G","G/G","G|G","G/G","G/G","A/G","G/G","G|G","A/G","A/G","A/G","G/G","A/G","A/A","A/G","A/A","G/G","(HOVITM_059666,G,missense_variant)",0,0.625,1,0.375,0.625
"177","scaffold_295",228164,"AATGAAGAGATCAGAACTATT","missense_variant","MODERATE","HOVITM_059666","10012A>G","Ile3338Val","A","G","A/A","A/A","A/A","A/A","A/G","A/A","A/A","A/G","A/G","A/G","A/A","A/G","G/G","A/G","G/G","A/A","(HOVITM_059666,G,missense_variant)",1,0.375,0,0.625,0.625
"178","scaffold_295",228900,"AAACTAAAATTAAAGATGAAA","missense_variant","MODERATE","HOVITM_059666","10748T>G","Ile3583Ser","T","G","T/T","T/T","T/T","T/T","T/G","T/T","T/T","T/G","T/G","T|G","T/T","T/G","G/G","T|G","G|G","T/T","(HOVITM_059666,G,missense_variant)",1,0.375,0,0.625,0.625
"179","scaffold_295",230009,"ACTATAGAAGGAGAAGTTAGT","missense_variant","MODERATE","HOVITM_059666","11857G>A","Gly3953Arg","G","A","G/G","G/G","G/G","G/G","G/A","G/G","G/G","G/A","G|A","G/A","G/G","G/A","A/A","G|A","A|A","G/G","(HOVITM_059666,A,missense_variant)",1,0.375,0,0.625,0.625
"180","scaffold_2989",90734,"TGGCTGCAGGCTACCTCTGGA","missense_variant","MODERATE","HOVITM_060258","59C>T","Ala20Val","G","A","G/G","G/G","G/G","G/A","G|A","G/G","G/G","G/G","A/A","G/A","G/G","G/G","G/G","A/A","A/A","A/A","(HOVITM_060258,A,missense_variant)",0.875,0.25,0.125,0.75,0.625
"181","scaffold_3063",30686,"cgcacacgttcacacacgcac","missense_variant","MODERATE","HOVITM_061742","230A>G","Glu77Gly","T","C","C/C","C/C","C/C","C/C","T/C","T/C","C/C","T/C","C/C","C/C","C/C","C/C","T/T","T/C","T/C","T/C","(HOVITM_061742,C,missense_variant)",0,0.625,1,0.375,0.625
"182","scaffold_3243",88940,"GAAGAGAATTTAAGCACGAAG","missense_variant","MODERATE","HOVITM_064324","196T>G","Leu66Val","T","G","T/T","T/T","T/T","T/T","T/T","T/T","T/T","T/T","T|G","T|G","T/T","T|G","G|G","T/T","G|G","T|G","(HOVITM_064324,G,missense_variant)",1,0.375,0,0.625,0.625
"183","scaffold_3243",88968,"TAAAAAGATTCCAGAGAGTAA","missense_variant","MODERATE","HOVITM_064324","224T>C","Phe75Ser","T","C","T/T","T/T","T/T","T/T","T/T","T/T","T/T","T/T","T/C","T/C","T/T","T/C","C|C","T/T","C/C","T/C","(HOVITM_064324,C,missense_variant)",1,0.375,0,0.625,0.625
"184","scaffold_3243",89134,"TTTAAGGGAAGGTGAAGAGTT","missense_variant","MODERATE","HOVITM_064324","390A>T","Glu130Asp","A","T","A/A","A/A","A/A","A/A","A/A","A/A","A/A","A/A","A/T","A/T","A/A","A/T","T/T","A/A","T/T","A/T","(HOVITM_064324,T,missense_variant)",1,0.375,0,0.625,0.625
"185","scaffold_3243",94602,"ATATTTTTGATGAGCATAAAG","missense_variant","MODERATE","HOVITM_064328","61T>A","Ser21Thr","A","T","A/A","A/A","A/A","A/A","A/A","A/A","A/A","A/A","A|T","A|T","A/A","A|T","T|T","A/A","T|T","A|T","(HOVITM_064328,T,missense_variant)",1,0.375,0,0.625,0.625
"186","scaffold_3243",94655,"AAAACATGCCGAATCATGAAG","missense_variant","MODERATE","HOVITM_064328","8G>A","Arg3Gln","C","T","C/C","C/C","C/C","C/C","C/C","C/C","C/C","C/C","C|T","C|T","C/C","C|T","T|T","C/C","T|T","C|T","(HOVITM_064328,T,missense_variant)",1,0.375,0,0.625,0.625
"187","scaffold_3243",94658,"ACATGCCGAATCATGAAGTAC","missense_variant","MODERATE","HOVITM_064328","5T>G","Ile2Ser","A","C","A/A","A/A","A/A","A/A","A/A","A/A","A/A","A/A","A|C","A|C","A/A","A|C","C|C","A/A","C|C","A|C","(HOVITM_064328,C,missense_variant)",1,0.375,0,0.625,0.625
"188","scaffold_3243",98163,"TTCCTTTTGAACGCCTTTTTG","missense_variant","MODERATE","HOVITM_064330","538T>A","Ser180Thr","A","T","A/T","A/T","A/T","T/T","T/T","T/T","T/T","A/T","A/A","A/T","A/A","A/T","A/A","A/A","A/A","A/A","(HOVITM_064330,T,missense_variant)",0.375,1,0.625,0,0.625
"189","scaffold_3243",101087,"ATCTCTAAGGAGATGGCTGCG","missense_variant","MODERATE","HOVITM_064331","553C>G","Pro185Ala","G","C","G/G","G/G","G/G","G/G","G/G","G/G","G/G","G/G","G|C","G|C","G/G","G|C","C|C","G/G","C|C","G/C","(HOVITM_064331,C,missense_variant)",1,0.375,0,0.625,0.625
"190","scaffold_3243",101328,"ATCAGACCAGTTGTACGCCTT","missense_variant","MODERATE","HOVITM_064331","312C>A","Asn104Lys","G","T","G/G","G/G","G/G","G/G","G/G","G/G","G/G","G/G","G/T","G/T","G/G","G/T","T/T","G/G","T/T","G/T","(HOVITM_064331,T,missense_variant)",1,0.375,0,0.625,0.625
"191","scaffold_3243",101353,"AACAGTTCCCTATCTACATTA","missense_variant","MODERATE","HOVITM_064331","287G>A","Arg96Lys","C","T","C/C","C/C","C/C","C/C","C/C","C/C","C/C","C/C","C|T","C/T","C/C","C/T","T|T","C/C","T|T","C|T","(HOVITM_064331,T,missense_variant)",1,0.375,0,0.625,0.625
"192","scaffold_3243",101425,"TAGGCTTCAAATACATTCTGT","missense_variant","MODERATE","HOVITM_064331","215T>A","Phe72Tyr","A","T","A/A","A/A","A/A","A/A","A/A","A/A","A/A","A/A","A/T","A/T","A/A","A/T","T/T","A/A","T/T","A/T","(HOVITM_064331,T,missense_variant)",1,0.375,0,0.625,0.625
"193","scaffold_3243",102718,"GGAGACCTACGGGTGCCATTT","missense_variant","MODERATE","HOVITM_064332","356C>T","Thr119Met","C","T","C/C","C/C","C/C","C/C","C/C","C/C","C/C","C/C","T/T","C/T","C/C","C/T","T/T","C/C","T/T","C/T","(HOVITM_064332,T,missense_variant)",1,0.375,0,0.625,0.625
"194","scaffold_3243",105406,"ATAATACTTTAGTTTGAATTG","stop_gained","HIGH","HOVITM_064333","596T>A","Leu199*","T","A","T/T","T/T","T/T","T/T","T/T","T/T","T/T","T/T","T|A","T|A","T/T","T|A","A|A","T/T","A|A","T|A","(HOVITM_064333,A,stop_gained)",1,0.375,0,0.625,0.625
"195","scaffold_3243",108014,"CATTCACATAAATTTTGCTTT","missense_variant","MODERATE","HOVITM_064334","420T>G","Phe140Leu","A","C","A/A","A/A","A/A","A/A","A/A","A/A","A/A","A/A","A|C","A|C","A/A","A|C","C|C","A/A","C|C","A|C","(HOVITM_064334,C,missense_variant)",1,0.375,0,0.625,0.625
"196","scaffold_3243",108022,"TAAATTTTGCTTTAGGATATT","missense_variant","MODERATE","HOVITM_064334","412G>A","Ala138Thr","C","T","C/C","C/C","C/C","C/C","C/C","C/C","C/C","C/C","C|T","C|T","C/C","C|T","T|T","C/C","T|T","C|T","(HOVITM_064334,T,missense_variant)",1,0.375,0,0.625,0.625
"197","scaffold_3243",108032,"TTTAGGATATTTCACATTAGC","missense_variant","MODERATE","HOVITM_064334","402A>T","Lys134Asn","T","A","T/T","T/T","T/T","T/T","T/T","T/T","T/T","T/T","T|A","T|A","T/T","T|A","A|A","T/T","A|A","T|A","(HOVITM_064334,A,missense_variant)",1,0.375,0,0.625,0.625
"198","scaffold_3243",108217,"TGAGTTGGCCAAAGTTCTCAC","missense_variant","MODERATE","HOVITM_064334","217G>A","Gly73Ser","C","T","C/C","C/C","C/C","C/C","C/C","C/C","C/C","C/C","C|T","C|T","C/C","C|T","T|T","C/C","T|T","C/T","(HOVITM_064334,T,missense_variant)",1,0.375,0,0.625,0.625
"199","scaffold_3243",108273,"TTGTAAGTGCTCACAGAATAC","missense_variant","MODERATE","HOVITM_064334","161G>A","Ser54Asn","C","T","C/C","C/C","C/C","C/C","C/C","C/C","C/C",".","C/T","C/T","C/C","C/T","T/T","C/C","T/T","C/T","(HOVITM_064334,T,missense_variant)",1,0.375,0,0.625,0.625
"200","scaffold_3243",111095,"CCACAGAAGTTCGGTTTCTTT","missense_variant","MODERATE","HOVITM_064335","360A>T","Glu120Asp","T","A","T/T","T/T","T/T","T/T","T/T","T/T","T/T","T/T","T/A","T/A","T/T","T/A","A/A","T/T","A/A","T/A","(HOVITM_064335,A,missense_variant)",1,0.375,0,0.625,0.625
"201","scaffold_3293",110468,"ATGACGGGAGAGGTTACTACT","missense_variant","MODERATE","HOVITM_065067","296G>A","Arg99Lys","G","A","G/G","G/A","G/G","G/A","G/A","G|A","G|A","G|A","A/A","A/A","G/A","A/A","A/A","A/A","G|A","A/A","(HOVITM_065067,A,missense_variant)",0.75,0.125,0.25,0.875,0.625
"202","scaffold_3293",110494,"GAGACGTTCACTACTGACAGC","missense_variant","MODERATE","HOVITM_065067","322A>T","Thr108Ser","A","T","A/A","A|T","A/A","A|T","A|T","A|T","A|T","A|T","T|T","T|T","A|T","T|T","T|T","T|T","A|T","T|T","(HOVITM_065067,T,missense_variant)",0.75,0.125,0.25,0.875,0.625
"203","scaffold_3295",121644,"TCAGTTTTGGTTAGTTGTGTT","stop_gained","HIGH","HOVITM_065078","96G>A","Trp32*","G","A","G/A","G/G","G/A","G/A","G/A","A/A","A/A","A/A","A/A","A/A","A/A",".","A/A","A/A","A/A","A/A","(HOVITM_065078,A,stop_gained)",0.625,0,0.375,1,0.625
