"","CHROM","POS","FLANKING","TYPE","IMPACT","GENE","CHANGEDNA","CHANGEPEP","REF","ALT","A.1","A.2","A.3","A.4","B.1","B.2","B.3","B.4","C.1","C.2","C.3","C.4","D.1","D.2","D.3","D.4","ANN","B.REF.freq","C.REF.freq","B.ALT.freq","C.ALT.freq","B.vs.C.REF.freq"
"1","scaffold_3779",81423,"ACACGGGGATTACGTCGCCTG","missense_variant","MODERATE","HOVITM_071028","199A>G","Ile67Val","T","C","T/T",".","T/T","T/T","C|C","C|C","C|C","C|C","T/T","T/T","T/T","T/T","T/T","T|T","T/T","T/T","(HOVITM_071028,C,missense_variant)",0,1,1,0,1
"2","scaffold_536",275940,"CTTCACCATGCACGAGCACTA","missense_variant","MODERATE","HOVITM_087109","237G>A","Met79Ile","G","A","G|A","G|A","G|A","G|A","G/G","G/G","G|A","G/G","A|A","A/A","A|A","A|A","G|A","G/G","G|A","G|A","(HOVITM_087109,A,missense_variant)",0.875,0,0.125,1,0.875
"3","scaffold_950",170161,"TGCGATTCGTATGACTGCTGG","missense_variant","MODERATE","HOVITM_116001","738A>G","Ile246Met","T","C","T/T","T/C","T/T","T|C","C/C","C/C","C/C","C/C","T/T","T/T","T/C","T/T","T/C","T/C","T/C","T/T","(HOVITM_116001,C,missense_variant)",0,0.875,1,0.125,0.875
"4","scaffold_9674",21047,"GTAGAAACTCATGACGGTGAC","missense_variant","MODERATE","HOVITM_116954","153G>C","Met51Ile","C","G","G/G","G/G","G/G","G/G","G|G","G/G","G/G","G/G","C/G","C/C","C/C","C/C","C/C","G/G","G|G","C/C","(HOVITM_116954,G,missense_variant)",0,0.875,1,0.125,0.875
"5","scaffold_1968",95454,"GATCAGCTGATTTAATCTCAA","missense_variant","MODERATE","HOVITM_038696","1102T>C","Ser368Pro","A","G",".","A/G","A/A","A/G","G/G","G/G","G/G","G/G","A/A","A/A","A/G","A/A","A/A","A/A","A/A","A/A","(HOVITM_038696,G,missense_variant)",0,0.875,1,0.125,0.875
"6","scaffold_2263",72862,"ATTAAAGTACAGTCAACTTAC","missense_variant","MODERATE","HOVITM_046628","1093C>A","Gln365Lys","C","A","C/C","C|A","C/A","C/A","A/A","A/A","C/A","A/A","C/C","C/C","C/C","C/C","C/A","C/C","C/C","C|A","(HOVITM_046628,A,missense_variant)",0.125,1,0.875,0,0.875
"7","scaffold_2263",72994,"TCTGAACTCGACCTTGGTGAA","missense_variant","MODERATE","HOVITM_046628","1225G>A","Asp409Asn","G","A","A/A","G|A","G/A","G/A","G/G","G/G","G/A","G/G","A/A","A/A","A/A","A/A","G/A","A/A","A/A","G|A","(HOVITM_046628,A,missense_variant)",0.875,0,0.125,1,0.875
"8","scaffold_2263",73772,"GAGGTAATATGTTTTCAGAAT","missense_variant","MODERATE","HOVITM_046628","2003T>C","Met668Thr","T","C","T/T","T/C","T/C","T/C","C/C","C/C","T/C","C/C","T/T","T/T","T/T","T/T","T/C","T/T","T/T","T/C","(HOVITM_046628,C,missense_variant)",0.125,1,0.875,0,0.875
"9","scaffold_2263",74173,"GGGGTGAAAAAAATTGAATTG","missense_variant","MODERATE","HOVITM_046628","2404A>G","Lys802Glu","A","G","G|G","A/G","A|G","A|G","A/A","A/A","A/G","A/A","G/G","G/G","G/G","G/G","A/G","G|G","G/G","A/G","(HOVITM_046628,G,missense_variant)",0.875,0,0.125,1,0.875
"10","scaffold_2506",103745,"TGGATGATGACAATGATGAAA","missense_variant","MODERATE","HOVITM_051930","11A>G","Asp4Gly","A","G","G/G","G/G","A/G","A/G","G/G","G/G","G/G","G/G","A/A","A/A","A|G","A/A","A/A","A/G","A/G","G|G","(HOVITM_051930,G,missense_variant)",0,0.875,1,0.125,0.875
"11","scaffold_2575",18755,"GCTCCATCAATGTTGTCAATT","missense_variant","MODERATE","HOVITM_053217","215A>G","Asn72Ser","A","G","A/G","A/A","A/G","A/A","A/A","A/A","A/A","A/A","G/G","A/G","G/G","G/G","A/G","A/G","G/G","A/G","(HOVITM_053217,G,missense_variant)",1,0.125,0,0.875,0.875
"12","scaffold_2575",19167,"GACTATGATAGACATCGACGT","missense_variant","MODERATE","HOVITM_053217","627A>G","Ile209Met","A","G","A/G","A/A","A/G","A/A","A/A","A/A","A/A","A/A","G/G","A/G","G/G","G/G","A/G","A/G","G/G","A/G","(HOVITM_053217,G,missense_variant)",1,0.125,0,0.875,0.875
"13","scaffold_2748",64776,"AGTCGTTACTTTACCTAATCC","missense_variant","MODERATE","HOVITM_056372","627A>T","Lys209Asn","T","A","A/A","T/T","A/A","T/T","A/A","T/A","A/A","A/A","T/T","T/T","T/T","T/T","T/T","T/T","T/T","T/T","(HOVITM_056372,A,missense_variant)",0.125,1,0.875,0,0.875
"14","scaffold_2748",90814,"TGACGTTGAGAATGAATTCTA","missense_variant","MODERATE","HOVITM_056373","132G>C","Glu44Asp","G","C","C/C","G/C","G/C","G/C","C/C","G/C","C/C","C/C","G/G","G/G","G/G","G/G","G/C","G/C","G/C","G/G","(HOVITM_056373,C,missense_variant)",0.125,1,0.875,0,0.875
"15","scaffold_3163",117489,"GGATTCAGATGAAAAACGAGA","missense_variant","MODERATE","HOVITM_063205","2112T>G","Asp704Glu","T","G","T/T","T/T","T/T","T/T","T/T","T/T","T/T","T/T","T/G","G|G","G|G","G|G","T/T","T/T",".","G|G","(HOVITM_063205,G,missense_variant)",1,0.125,0,0.875,0.875
"16","scaffold_20",122936,"GTGTGTTTGATGTTGCGCTGC","missense_variant","MODERATE","HOVITM_039717","17A>T","Asp6Val","A","T","A/A","T/T","A/T","A/A","A/A","A/A","A/A","A/A","T/T","T/T","T/T","A/A","A/A","A/A","T/T","A/A","(HOVITM_039717,T,missense_variant)",1,0.25,0,0.75,0.75
"17","scaffold_37",780933,"cttgatgcgtaaaccatgtct","stop_lost&splice_region_variant","HIGH","HOVITM_070142","1147T>A","Ter383Lysext*?","T","A","T/T","T/T","T/T","T/T","T/T","T/T","T/T","T/T","A/A","T/T","A/A","A/A","T/T","T/T","T/T","T/T","(HOVITM_070142,A,stop_lost&splice_region_variant)",1,0.25,0,0.75,0.75
"18","scaffold_5080",46869,"GAACTGGAATAGGCACTTTGG","missense_variant","MODERATE","HOVITM_084596","602T>C","Ile201Thr","T","C","T/T",".","T/T","T/T","C/C","C/C","C/C","T/T","T/T","T/T","T/T","T/T",".","T/T","T/T","C/C","(HOVITM_084596,C,missense_variant)",0.25,1,0.75,0,0.75
"19","scaffold_536",310421,"GACGGATGCAATATGTCCCCA","missense_variant","MODERATE","HOVITM_087110","983A>G","Gln328Arg","A","G","A/G","A/A","A/G","A/G","A/A","A/A","A/A","A/A","G/G","A/A","G/G","G/G","A/A","A/A","A/A","A/A","(HOVITM_087110,G,missense_variant)",1,0.25,0,0.75,0.75
"20","scaffold_6127",61046,"GGTGTGCAAGGGTGAGGTGGT","missense_variant","MODERATE","HOVITM_093543","188G>A","Arg63Lys","G","A","G/G","G|A","G/G","G/G","G/G","G/G","G/G","G/G","A|A","A|A","A/A","G/G","G/G","G/G","G/A","G/G","(HOVITM_093543,A,missense_variant)",1,0.25,0,0.75,0.75
"21","scaffold_6642",29603,"TTGGGTAAAGCGAAAGTGAAG","missense_variant","MODERATE","HOVITM_097532","70G>A","Ala24Thr","G","A",".","G/G",".","G/A","G/G","G/G","G/G","G/G","G/G","A/A","A/A","A/A","G/G","G/G",".","A/A","(HOVITM_097532,A,missense_variant)",1,0.25,0,0.75,0.75
"22","scaffold_6848",32265,"GTTTCACTTGAAAACGAATTG","stop_gained","HIGH","HOVITM_099022","217C>T","Gln73*","G","A","G/A","G/A","G/A","G/G","G/G","G/A","G/G","G/G","A/A","A/A","A/A","G/A","G/A","G/A","G/A","G/A","(HOVITM_099022,A,stop_gained)",0.875,0.125,0.125,0.875,0.75
"23","scaffold_6848",32328,"CTTTTTCCTCACCAACAATGT","stop_gained","HIGH","HOVITM_099022","154G>T","Glu52*","C","A","C/A","C/A","C/A","C/C","C/C","C/A","C/C","C/C","A/A","A/A","A/A","C/A","C/A","C/A","C/A","C/A","(HOVITM_099022,A,stop_gained)",0.875,0.125,0.125,0.875,0.75
"24","scaffold_698",240534,"AGATGTCAACAAAAGCCTCAA","missense_variant","MODERATE","HOVITM_099922","8C>A","Thr3Lys","C","A","C/C","C/C","C/C","C/C","C/C","C/C","C/C","C/C","A/A","A/A","A/A","C/C","C/A","A/A","C/C","C/A","(HOVITM_099922,A,missense_variant)",1,0.25,0,0.75,0.75
"25","scaffold_698",240992,"GGGCAAAACTCTTCAATTATT","missense_variant","MODERATE","HOVITM_099922","466T>C","Ser156Pro","T","C","T/T","T/T","T/T","T/T","T/T","T/T","T/T","T/T","C/C","C/C","C/C","T/T","T/C","C/C","T/T","T/C","(HOVITM_099922,C,missense_variant)",1,0.25,0,0.75,0.75
"26","scaffold_698",241443,"GCAAATACCTTAAAAGAACAA","missense_variant","MODERATE","HOVITM_099922","917T>C","Leu306Pro","T","C","T/T","T/T","T/T","T/C","T/T","T/T","T/T","T/T","C/C","C/C","C/C","T/T","T/C","C/C","T/T","T/C","(HOVITM_099922,C,missense_variant)",1,0.25,0,0.75,0.75
"27","scaffold_7241",66579,"CCATGTCCATTGAGACAAGCC","missense_variant","MODERATE","HOVITM_102111","149T>C","Ile50Thr","T","C","T/C","T/C","C/C","C/C","C/C","C/C","C|C","C/C","T/T","T/C","T/C","T/T","T/C","C/C","T/C","C/C","(HOVITM_102111,C,missense_variant)",0,0.75,1,0.25,0.75
"28","scaffold_7297",64540,"CGCCTTTCAGAATCGATTCTA","missense_variant","MODERATE","HOVITM_102458","451C>A","Leu151Met","G","T","T|T","G/G","T|T","T|T","T|T","G|T","T|T","T/T","G/G","G|T","G/G","G/G","G|T","G|T","T|T","G/G","(HOVITM_102458,T,missense_variant)",0.125,0.875,0.875,0.125,0.75
"29","scaffold_7297",64549,"GAATCGATTCTACAACAACCA","missense_variant","MODERATE","HOVITM_102458","442G>C","Glu148Gln","C","G","G|G","C/C","G|G","G|G","G|G","C|G","G|G","G|G","C/C","C|G","C/C","C/C","C|G","C|G","G|G","C/C","(HOVITM_102458,G,missense_variant)",0.125,0.875,0.875,0.125,0.75
"30","scaffold_7297",66182,"ATGCTGACGTCGGCCATACAG","missense_variant","MODERATE","HOVITM_102458","299A>G","Asp100Gly","T","C","C|C","T/T","C|C","C|C","C|C","T|C","C|C","C|C","T/T","T|C","T/T","T/T","T|C","T|C","C|C","T/T","(HOVITM_102458,C,missense_variant)",0.125,0.875,0.875,0.125,0.75
"31","scaffold_7345",2682,"CTGCATCAGTGGGTGGGGGCA","missense_variant","MODERATE","HOVITM_102841","544A>G","Thr182Ala","T","C","C/C","T/C","T/C","T/T","T/T","T/T","T/C","T/T","T|C","C/C","C|C","C/C","T/T","T/C","T/C","C/C","(HOVITM_102841,C,missense_variant)",0.875,0.125,0.125,0.875,0.75
"32","scaffold_7706",65346,"CTTGTCTCAATGGACATGGCG","missense_variant","MODERATE","HOVITM_105225","38T>C","Ile13Thr","A","G","A/G","A/G","G/G","G/G","G/G","G/G","G|G","G/G","A/A","A/G","A/G","A/A","A/G","G/G","A/G","G/G","(HOVITM_105225,G,missense_variant)",0,0.75,1,0.25,0.75
"33","scaffold_777",266373,"CTGGAACGTTTTTTGCAGATT","missense_variant","MODERATE","HOVITM_105624","688A>C","Asn230His","T","G","T/G","T/T",".","T/T","G/G","G/G","T/T","G/G","T/T","T/T","T/T","T/T",".","T/T","T/T","T/G","(HOVITM_105624,G,missense_variant)",0.25,1,0.75,0,0.75
"34","scaffold_8106",25269,"CCCCCCTCACTACCTCCTGTC","missense_variant","MODERATE","HOVITM_107797","41G>A","Ser14Asn","C","T","T/T","C/T","C/T","C/T","T/T","T/T","C/T","T/T","C/C","C/T","C/C","C/C","C/T","C/T","T/T","C/T","(HOVITM_107797,T,missense_variant)",0.125,0.875,0.875,0.125,0.75
"35","scaffold_829",22885,"ATTAGAGCTGTGCCACTTAGT","missense_variant","MODERATE","HOVITM_108832","23C>T","Thr8Ile","G","A",".","A/A","A/A",".","A/A","A/A","A/A","A/A","G/G","G/A","G/G","G/A","G/A","G/G","G/A","G/G","(HOVITM_108832,A,missense_variant)",0,0.75,1,0.25,0.75
"36","scaffold_829",85352,"AGTTTAGTGCATGTACTGGTT","missense_variant","MODERATE","HOVITM_108846","47C>T","Ala16Val","C","T","T/T","C/C","C/C","C/T","T/T","T/T","C/T","C/T","C/C","C/C","C/C","C/C","C/T","C/C","C/C","C/C","(HOVITM_108846,T,missense_variant)",0.25,1,0.75,0,0.75
"37","scaffold_839",238160,"TCCCTCGAGTTGCAATCGCTC","missense_variant","MODERATE","HOVITM_109511","482A>C","Asn161Thr","T","G","T/T","T/T","T/T","T/G","G/G","T/G","G/G","G/G","T/T","T/T","T/T","T/G","T/G","T/G","T/G","T/G","(HOVITM_109511,G,missense_variant)",0.125,0.875,0.875,0.125,0.75
"38","scaffold_889",110898,"GAAAGATTTACACTCCATGCT","missense_variant","MODERATE","HOVITM_112363","1452T>G","Cys484Trp","A","C",".","A/A","C/C","A/C","C/C","C/C","C/C","C/C","A/A","C/C","A/A","A/A","A/C","A/A","A/A","C/C","(HOVITM_112363,C,missense_variant)",0,0.75,1,0.25,0.75
"39","scaffold_8973",43129,"GCAGGTTGGCGGACAGCGCAT","missense_variant","MODERATE","HOVITM_112883","1225G>A","Ala409Thr","C","T","C/C","C/C","C/C","C/C","T/T","T/T","C/T","C/T","C/C","C/C","C/C","C/C","C/C","C/C","C/C","C/T","(HOVITM_112883,T,missense_variant)",0.25,1,0.75,0,0.75
"40","scaffold_924",75122,"GCAGTCCGACACAGCCCACCA","missense_variant","MODERATE","HOVITM_114488","100G>A","Val34Ile","C","T","C/C","C/C","C/T","C/T","T/T","C/T","T/T","T/T","C/C","C/C","C/C","C/T","C/T","C/T","C/C","C/T","(HOVITM_114488,T,missense_variant)",0.125,0.875,0.875,0.125,0.75
"41","scaffold_940",128197,"GTAGCTCTGTTGGCACCTGAA","missense_variant","MODERATE","HOVITM_115430","244A>G","Thr82Ala","T","C","T/C","C/C","T/T","T/T","C/C","T/C","C/C","C/C","T/C","T/T","T/T","T/T","T/T","T/C","C/C","T/C","(HOVITM_115430,C,missense_variant)",0.125,0.875,0.875,0.125,0.75
"42","scaffold_950",172564,"GCTGGCTAATGTTGAAGTTGG","missense_variant","MODERATE","HOVITM_116001","511A>G","Ile171Val","T","C","T/T","T/C","T/T","T/T","T/T","C/C","C/C","C/C","T/T","T/T","T/T","T/T","T/C","T/T","T/T","T/C","(HOVITM_116001,C,missense_variant)",0.25,1,0.75,0,0.75
"43","scaffold_9558",2067,"CAAGAGGTTGATTTAGATATG","missense_variant","MODERATE","HOVITM_116268","160G>T","Asp54Tyr","G","T","G/T","G/T","G/G","G/T","G/T","G/T","G/G","G/G","T/T","T/T","T/T","T/T","G/G","G/T","G/T","G/T","(HOVITM_116268,T,missense_variant)",0.75,0,0.25,1,0.75
"44","scaffold_9558",4708,"AGTGAATCTATACTAGAGAAA","missense_variant","MODERATE","HOVITM_116268","460A>C","Ile154Leu","A","C","C/C","A|C","C|C","A|C","A|C","A|C","C/C","C|C","A/A","A/A","A/A","A/A","C|C","A|C","C|C","A|C","(HOVITM_116268,C,missense_variant)",0.25,1,0.75,0,0.75
"45","scaffold_9639",56391,"ATCGGAGGAAGATCGTTTACT","missense_variant","MODERATE","HOVITM_116739","174A>T","Glu58Asp","A","T","A/A","A/A","A|T","A/T","T|T","T|T","T|T","A/A","A/A","A/A","A/A","A/A","A/T","A/A","A/A","A/A","(HOVITM_116739,T,missense_variant)",0.25,1,0.75,0,0.75
"46","scaffold_9674",44740,"AAGAATTTAGAAAGATTTTGG","missense_variant","MODERATE","HOVITM_116956","47G>A","Arg16Lys","G","A","G/G","G/G","G/G","G/G","G/G","G/G","G/G","G/A","G/A","A/A","A/A","A|A","G/G","G/G","G/G","G/A","(HOVITM_116956,A,missense_variant)",0.875,0.125,0.125,0.875,0.75
"47","scaffold_9674",45207,"GAACACTCATGTTCAGTGAGT","missense_variant","MODERATE","HOVITM_116956","514T>G","Cys172Gly","T","G","G|G","G/G","G/G","G|G","G|G","G|G","G|G","T|G","T|G","T/T","T/T","T/T","G|G","G|G","G/G","T|G","(HOVITM_116956,G,missense_variant)",0.125,0.875,0.875,0.125,0.75
"48","scaffold_82",514959,"GATGGTCCTGATAGCATGTTC","missense_variant","MODERATE","HOVITM_108341","609C>G","Ile203Met","G","C","G/G","G/G","G/C","G/G","G/G","G/G","G/G","G/G","C/C","G/C","C/C","G/C","G/C","G/C","G/G",".","(HOVITM_108341,C,missense_variant)",1,0.25,0,0.75,0.75
"49","scaffold_82",605656,"TTTTACGAATCAATTTCAATA","missense_variant","MODERATE","HOVITM_108345","1087T>C","Ser363Pro","T","C","C/C","C/C","C|C","C/C","C/C","C/C","C/C","C/C","T/T","T/C","T/T","T/C","C/C","C/C","C|C","T/C","(HOVITM_108345,C,missense_variant)",0,0.75,1,0.25,0.75
"50","scaffold_82",642658,"GATCACACGCGCCCGATTTGC","missense_variant","MODERATE","HOVITM_108349","500C>T","Ala167Val","C","T","C/C","C/C","T/T","C/C","C/C","C/C","C/C","C/C","T/T","C/T","T/T","C/T","C/T","C/T","C/T","C/T","(HOVITM_108349,T,missense_variant)",1,0.25,0,0.75,0.75
"51","scaffold_89",638660,"GAATTTCTTTTTGCTCTGAGA","missense_variant","MODERATE","LIG3","82A>C","Lys28Gln","T","G","T/T",".","G/G",".","G/G","G/G","G/G","G/G","T/T","T/G","T/G","T/T","G/G","G/G",".",".","(LIG3,G,missense_variant)",0,0.75,1,0.25,0.75
"52","scaffold_90",12051,"CTGGGTTCATGTTGAGCCCTG","missense_variant","MODERATE","HOVITM_113094","422T>A","Met141Lys","T","A","T/A","T/A","T/A","T/A","A/A","A/A","A/A","T/A","T|A","T/T","T/T","T/T","A/A","T/T","T/A","T/T","(HOVITM_113094,A,missense_variant)",0.125,0.875,0.875,0.125,0.75
"53","scaffold_10387",1786,"ttTGATCCCAAGCTTTTGCTG","missense_variant","MODERATE","HOVITM_002483","344T>C","Leu115Ser","A","G","A/G","A/A","A/A","A/A","G/G","A|G","A/G","G|G","A/A","A/A","A/A","A/A","A|G","A/G","A/A","A/A","(HOVITM_002483,G,missense_variant)",0.25,1,0.75,0,0.75
"54","scaffold_1046",131406,"ATGAAACCACTGAAATTATGC","missense_variant","MODERATE","HOVITM_002891","1355C>T","Thr452Ile","C","T","C/C","C/C","C/C","C/C","C/C","C/C","C/C","C/C","T/T","C/T","C/T","T/T","C/T","C/C","C/C","C/C","(HOVITM_002891,T,missense_variant)",1,0.25,0,0.75,0.75
"55","scaffold_1068",110905,"TTTCTTCTTCACCTCCTCCAC","stop_gained","HIGH","HOVITM_003969","145G>T","Glu49*","C","A","C/C","C/A","C/C","C/C","C/C","C/C","C/C","C/C","A/A","A/A","C/C","A/A","C/C","C/A","C/C","C/C","(HOVITM_003969,A,stop_gained)",1,0.25,0,0.75,0.75
"56","scaffold_11388",35943,"AGTTAGAAATCTACAATTTTG","missense_variant","MODERATE","HOVITM_007401","350A>G","Asp117Gly","T","C","T/T","T/C","T/C","C/C","C/C","C/C","C/C","C/C","T/T","T/T","T/T","C/C","C|C","C|C","T/C","T/T","(HOVITM_007401,C,missense_variant)",0,0.75,1,0.25,0.75
"57","scaffold_1109",54458,"GACACGAACGTCTCTAAACTG","missense_variant","MODERATE","HOVITM_006034","1390G>A","Val464Ile","G","A","G/G","G/G","G/G","G/G","G/G","G/G","G/G","G/G","A/A","G/G","A/A","A/A","G/G","G/G","G/G",".","(HOVITM_006034,A,missense_variant)",1,0.25,0,0.75,0.75
"58","scaffold_1144",196986,"ctcctgcccccgtggctgcgc","missense_variant","MODERATE","HOVITM_007688","1943C>T","Pro648Leu","C","T","C|T","C|T","C|T","C/C","C/C","C/C","C/C","C/C","T|T","C/C","T|T","T|T","C/C","C/C","C|T","C/C","(HOVITM_007688,T,missense_variant)",1,0.25,0,0.75,0.75
"59","scaffold_1147",136462,"CAGACTGAGATTCCCCTAGAG","missense_variant","MODERATE","HOVITM_007813","487A>G","Ile163Val","A","G","A|G","A/G","A|G","A|G","G/G","G/G","G/G","G/G","A/A","G/G","A/A","A/A","G/G","A/G","A/A","A/A","(HOVITM_007813,G,missense_variant)",0,0.75,1,0.25,0.75
"60","scaffold_1215",132116,"ATAGCGTGACAAGTCAAGTTC","missense_variant","MODERATE","HOVITM_010932","293C>A","Thr98Lys","C","A","C/C","C/C","C/C","C/C","A/A","A|A","C/A","A/A","C/C","C/A","C/C","C/C","C/C",".","C/C","C/C","(HOVITM_010932,A,missense_variant)",0.125,0.875,0.875,0.125,0.75
"61","scaffold_1248",140157,"TCTGCAAGACCCCTCCCAGCA","missense_variant","MODERATE","HOVITM_012395","836G>A","Gly279Asp","C","T","C/T","C/T","T/T","T/T","C/C","C/C","C/T","C/T","T/T","T/T","T/T","T/T","C/T","T/T","T/T","T/T","(HOVITM_012395,T,missense_variant)",0.75,0,0.25,1,0.75
"62","scaffold_13061",19716,"TGTCTTTACCGCTTTTGGCAC","missense_variant","MODERATE","HOVITM_014841","2452G>A","Gly818Ser","C","T","C/C","C/T","C/T","C/T","T/T","T/T","C/T","T/T","C/C","C/T","C/C","C/C","C/C","C/T","C/T","C/T","(HOVITM_014841,T,missense_variant)",0.125,0.875,0.875,0.125,0.75
"63","scaffold_1430",21375,"CACATGAAATATCTCCACGGA","missense_variant","MODERATE","HOVITM_019956","409A>G","Ile137Val","T","C","C/C","C/C","T/C","T/T","T/C","T/T","T/T","T/C","C/C","C/C","C/C","C/C","T/T","T/C","T/C","T|C","(HOVITM_019956,C,missense_variant)",0.75,0,0.25,1,0.75
"64","scaffold_1433",197323,"CGCGGTGCAGATCGCTGCCGC","missense_variant","MODERATE","HOVITM_020063","248C>T","Ser83Phe","G","A","G|A","G/G","G|A","G|A","A|A","G|A","G|A","A|A","G/G","G/G","G/G","G/G","G|A","G/G","G|A","G/G","(HOVITM_020063,A,missense_variant)",0.25,1,0.75,0,0.75
"65","scaffold_1433",197879,"GGACTGTCCAGACAGTGGCCC","missense_variant","MODERATE","HOVITM_020063","68T>C","Leu23Pro","A","G","A|G","A/A","A|G","A|G","G|G","A/G","A|G","G|G","A/A","A/A","A/A","A/A","A|G","A/A","A/G","A/A","(HOVITM_020063,G,missense_variant)",0.25,1,0.75,0,0.75
"66","scaffold_1433",197930,"CCACCATGCTGAGTCCAGAAC","missense_variant","MODERATE","HOVITM_020063","17A>G","Gln6Arg","T","C","T/C","T/T","T/C","T/C","C/C","T/C","T/C","C/C","T/T","T/T","T/T","T/T","T/C","T/T","T/C","T/T","(HOVITM_020063,C,missense_variant)",0.25,1,0.75,0,0.75
"67","scaffold_1663",66630,"GAAATGTTCATGTTTGGACCA","missense_variant","MODERATE","HOVITM_028725","984T>G","His328Gln","A","C","A/A","A/A","A/A","A/A","C/C","C/C","C/C","A/A","A/A","A/A","A/A","A/A","C/C","A/A","A/A","C/C","(HOVITM_028725,C,missense_variant)",0.25,1,0.75,0,0.75
"68","scaffold_19596",2054,"GGATGCAGCACAGACGGAAAC","missense_variant","MODERATE","HOVITM_038438","169A>G","Thr57Ala","A","G","A/A","G/G","A/G","A/A","G/G","G/G","A/G","A/G","A/A","A/A","A/A","A/A",".","A/A",".","G/G","(HOVITM_038438,G,missense_variant)",0.25,1,0.75,0,0.75
"69","scaffold_2025",15952,"CCCTAGATACGGTCTTAAAGG","missense_variant","MODERATE","HOVITM_040487","356C>A","Thr119Lys","C","A",".","C/A",".","C/C","C/C","C/C","C/C","C/C","A/A","A/A","A/A","C/C","C/C","C/A","C/A","C/C","(HOVITM_040487,A,missense_variant)",1,0.25,0,0.75,0.75
"70","scaffold_20653",6259,"CGACTAGGCGAACCCATCGAC","missense_variant","MODERATE","HOVITM_041582","202G>A","Glu68Lys","G","A","G/G",".","G/G","G/G","G/G","G/G","G/G","G/G","A/A","A/A","A/A","G/G","G/G","G/G","G/A","A/A","(HOVITM_041582,A,missense_variant)",1,0.25,0,0.75,0.75
"71","scaffold_2071",120655,"GACATGTCGACACCAGTCGCA","missense_variant","MODERATE","HOVITM_041751","13T>C","Ser5Pro","A","G","A/G","A/A","A/A","A/A","A/A","A/A","A/A","A/A","G/G","G/G","A/A","G/G","A/A","A/A","A/G","A/G","(HOVITM_041751,G,missense_variant)",1,0.25,0,0.75,0.75
"72","scaffold_2213",82279,"ATGGACTTGACTCAGATGTGC","missense_variant","MODERATE","HOVITM_045338","571A>G","Thr191Ala","A","G",".",".","G/G","G/G","G/G","G|G","G|G","G/G","G/G","A/A","A/A","A/A","G/G","G/G","A/A","A/A","(HOVITM_045338,G,missense_variant)",0,0.75,1,0.25,0.75
"73","scaffold_2392",93280,"TGGAGTTCACTTCTCTAGGAC","missense_variant","MODERATE","HOVITM_049570","131C>T","Thr44Ile","C","T","C/C","C/C","C/C","C/C","T|T","C/T","C|T","T|T","C/C","C/C","C/C","C/C","C|T","C/C","C/C","C/C","(HOVITM_049570,T,missense_variant)",0.25,1,0.75,0,0.75
"74","scaffold_223",336444,"CTGTTCACTTAGCAGTCCAGG","missense_variant","MODERATE","HOVITM_045833","398T>C","Leu133Ser","T","C","T/C","T/T","T/T","C/C","T/T","T/T","T/C","T/T","T/C","C/C","C/C","C|C","T/T","T/T","T/C","T/T","(HOVITM_045833,C,missense_variant)",0.875,0.125,0.125,0.875,0.75
"75","scaffold_247",371256,"TCAGCTATAAAGGAAAACAAA","stop_gained","HIGH","HOVITM_051119","76A>T","Lys26*","A","T","A/A",".","A/A","T/T","T/T","T/T","A/A","T/T","A/A","A/A","A/A","A/A","A/A","A/T","A/A","A/A","(HOVITM_051119,T,stop_gained)",0.25,1,0.75,0,0.75
"76","scaffold_247",371316,"GGCTGTCTACGCTCAGATTAT","missense_variant","MODERATE","HOVITM_051119","136C>T","Arg46Cys","C","T","C/T",".","C/C","C/C","T/T","T/T","C/C","T/T","C/C","C/C","C/C","C/C","C/T","C/T","C/T","C/C","(HOVITM_051119,T,missense_variant)",0.25,1,0.75,0,0.75
"77","scaffold_2876",71872,"GAACAACGCGCCACAGGATTT","missense_variant","MODERATE","HOVITM_058477","391G>A","Ala131Thr","G","A","G/G","A/A","G/G","A/A","G/G","G/G","G/G","G/G","G/G","A/A","A/A","A/A","G/G","G/G","G/G","G/G","(HOVITM_058477,A,missense_variant)",1,0.25,0,0.75,0.75
"78","scaffold_3076",68981,"ATAGTCAGTCGATGTTGCTGG","missense_variant","MODERATE","HOVITM_061930","782C>T","Ser261Leu","C","T","C/T","T/T","C/C","T/T","T/T","T/T","T/T","T/T","C/C","T/T","C/C","C/C","T/T","C/C","T/T","C/C","(HOVITM_061930,T,missense_variant)",0,0.75,1,0.25,0.75
"79","scaffold_3268",20295,"AATAATGTACCACTATTGAGG","missense_variant","MODERATE","HOVITM_064694","46C>T","Pro16Ser","C","T","C/C","C/C","C/C","C/C","C/C","C/C","C/T","C/C","T/T","T/T","T/T","C/T","C/T","C/T","C/C","C/T","(HOVITM_064694,T,missense_variant)",0.875,0.125,0.125,0.875,0.75
"80","scaffold_327",97652,"GGGTGGCCTTTGATGTAGGAT","missense_variant","MODERATE","HOVITM_064711","3920A>G","Lys1307Arg","T","C","C/C","T/C","T/T","T/T","C/C","C/C","C/C","C/C","C/C","T/T","T/T","T/T",".",".","T/T","C/C","(HOVITM_064711,C,missense_variant)",0,0.75,1,0.25,0.75
"81","scaffold_333",297570,"CCAACAGAGGCTCGCACAATA","missense_variant","MODERATE","HOVITM_065600","292C>T","Pro98Ser","G","A","G/A","G/G","G/G","G/A","G/A","G/G","G/G","G/G","A/A","G/A","A/A","A/A","G/A","G/G","G/G","G/G","(HOVITM_065600,A,missense_variant)",0.875,0.125,0.125,0.875,0.75
"82","scaffold_3574",96314,"ACAAAATGCTAGAAAAATTTC","missense_variant","MODERATE","HOVITM_068537","5T>A","Leu2Gln","T","A","T/T","T/A","T/A","T/T","T/T","T/T","T/T","T/T","A/A","A/A","T/T","A/A","T/T","T/A","T/T","T/T","(HOVITM_068537,A,missense_variant)",1,0.25,0,0.75,0.75
"83","scaffold_3723",23800,"TTTGCTGTGGTTCTTCTACTG","missense_variant","MODERATE","HOVITM_070443","592C>A","Pro198Thr","G","T","G|T","T|T","G|T","T|T","T|T","T|T","G|T","T|T","G/G","G|T","G/G","G/G","G|T","T|T","G/G","T|T","(HOVITM_070443,T,missense_variant)",0.125,0.875,0.875,0.125,0.75
"84","scaffold_3751",78123,"GGACTGGCAATGAACAATCCA","missense_variant","MODERATE","HOVITM_070724","1001A>C","Asn334Thr","A","C","C/C","A/A","C/C","A/A","C/C","A/C","C/C","C/C","A/A","A/C","A/A","A/A","C/C","C/C","A/A","C/C","(HOVITM_070724,C,missense_variant)",0.125,0.875,0.875,0.125,0.75
"85","scaffold_20",201930,"TTGAACAAACAAGAAAAGATT","missense_variant","MODERATE","HOVITM_039722","902C>G","Thr301Arg","C","G","G|G",".","G/G","G/G","C|G","C/G","C/C","C/C","G/G","C|G","G|G","G/G",".","C|G","G/G","C|G","(HOVITM_039722,G,missense_variant)",0.75,0.125,0.25,0.875,0.625
"86","scaffold_37",455473,"CTTCAACTTTATTCCTTAATT","missense_variant","MODERATE","HOVITM_070123","55A>G","Lys19Glu","T","C","T/T","T/T","T/T","T/T","T/T","T/T","T/T","T/T","T/C","T/T","C/C","C/C","T/T","T/T","T/T","T/T","(HOVITM_070123,C,missense_variant)",1,0.375,0,0.625,0.625
"87","scaffold_4",474952,"CTGACCGAAACTCTTAGCTTG","missense_variant","MODERATE","HOVITM_073667","59T>C","Val20Ala","A","G","G|G","A/A","G/G","G/G","G|G","G/G","G/G","G/G","A/G","A/G","A/G","A/A","A/A","A/G","G/G","G/G","(HOVITM_073667,G,missense_variant)",0,0.625,1,0.375,0.625
"88","scaffold_4",552519,"TGGGAATTGACAGCAAAGCTT","missense_variant","MODERATE","HOVITM_073673","237T>G","Cys79Trp","A","C","C/C","A/A","C|C","C/C","C/C","C/C","C/C","C/C","A/C","A/C","A/C","A/A","A/C","A/C","C/C","C/C","(HOVITM_073673,C,missense_variant)",0,0.625,1,0.375,0.625
"89","scaffold_5",882701,"GGGACATCGCTACACTGTACA","missense_variant","MODERATE","HOVITM_083794","230C>T","Ala77Val","C","T","T/T","C/T","T/T","C/C","T/T","T/T","T/T","C/T","C/C","C/T","C/C","C/T","C/C","C/C","C/C","C/C","(HOVITM_083794,T,missense_variant)",0.125,0.75,0.875,0.25,0.625
"90","scaffold_456",142718,"TGACTCTTGGCAGTAGACTGT","missense_variant","MODERATE","HOVITM_079483","944C>T","Ala315Val","G","A","G/A","G/G","G/G","G/A","G/G","G/A","G/A","G/G","A/A","A/A","A/A","G/A","G/A","A/A","G/G","G/G","(HOVITM_079483,A,missense_variant)",0.75,0.125,0.25,0.875,0.625
"91","scaffold_456",142754,"TGTTGCTTCGCCGGCTTCGAT","missense_variant","MODERATE","HOVITM_079483","908C>T","Ala303Val","G","A","G|A","G/G","G/G","G/A","G/G","G/A","G|A","G/G","A/A","A/A","A/A","G/A","G/A","A/A","G/G","G/G","(HOVITM_079483,A,missense_variant)",0.75,0.125,0.25,0.875,0.625
"92","scaffold_472",112859,"CGAGTATGGTTGCAATGTGTA","missense_variant","MODERATE","HOVITM_081053","346A>G","Thr116Ala","T","C","T/T","T|C","T/T","C|C","C|C","C|C","C|C","C|C","T/C","T|C","T/T","T|C","T/T","T|C","T|C","T|C","(HOVITM_081053,C,missense_variant)",0,0.625,1,0.375,0.625
"93","scaffold_472",112942,"AAAATTGATCTTCTTTGCTTC","missense_variant","MODERATE","HOVITM_081053","263G>T","Arg88Ile","C","A","C/C","C|A","C/C","A|A","A|A","A|A","A|A","A|A","C|A","C|A","C/C","C|A","C/C","C|A","C|A","C|A","(HOVITM_081053,A,missense_variant)",0,0.625,1,0.375,0.625
"94","scaffold_482",299355,"AATAGATTTTATGGAACCAGA","missense_variant","MODERATE","HOVITM_082022","586T>G","Tyr196Asp","T","G","T/G","T/G","T/T","T/T","T/T","T/T","T/T","T/T","G/G","G/G","T/G","T/T","T/T","T/T","T/T","T/T","(HOVITM_082022,G,missense_variant)",1,0.375,0,0.625,0.625
"95","scaffold_490",368541,"CCAGGCTTATTGATATGTGGT","missense_variant","MODERATE","HOVITM_082879","65A>C","Asn22Thr","T","G","T/T","T/T",".","T/T","G/G","G/G","T/G","T/T","T/T","T/T","T/T","T/T","T/T",".","T/T","T/T","(HOVITM_082879,G,missense_variant)",0.375,1,0.625,0,0.625
"96","scaffold_500",134642,"GTATGATCAGAGTGGATTGAC","missense_variant","MODERATE","HOVITM_083897","840G>T","Gln280His","G","T","G/G","G/T","G/G","G/G","G/G","G/G","G/G","G/G","T/T","G/T","G/T","G/T","G/T","G/G","G/G","G/G","(HOVITM_083897,T,missense_variant)",1,0.375,0,0.625,0.625
"97","scaffold_4976",49815,"GCCAATTTGTCTGGCCATGGC","missense_variant","MODERATE","HOVITM_083506","281A>G","Asp94Gly","T","C","T/C","T/C","T/C","T/T","T/T","T/C","T/C","T/T","C/C","T/C","C/C","C/C",".","C/C","T/T","T/C","(HOVITM_083506,C,missense_variant)",0.75,0.125,0.25,0.875,0.625
"98","scaffold_4995",19319,"GCGACCCCGACAACGCGAAGA","missense_variant","MODERATE","HOVITM_083682","121T>C","Ser41Pro","A","G","A/G","A/G","A/A","A/A","A/A","A/G","A/G","A/A","A/G","G/G","G/G","G/G","A/A","G/G","G/G","A/G","(HOVITM_083682,G,missense_variant)",0.75,0.125,0.25,0.875,0.625
"99","scaffold_5099",56680,"CAACGGTGATACAAGTTTTGT","missense_variant","MODERATE","HOVITM_084766","403A>G","Ile135Val","T","C","T|C","T|C","T/T","C/C","T|C","T/T","C|C","C|C","T/T","T/T","T/T","T/T","T/T","T|C","T|C","T/T","(HOVITM_084766,C,missense_variant)",0.375,1,0.625,0,0.625
"100","scaffold_5209",25155,"GTGGAACTATTGCAGGATTTT","missense_variant","MODERATE","HOVITM_085746","310A>G","Ile104Val","T","C","C/C","T/C","C/C","C/C","T/T","T/C","T/C","T/T","T/C","C/C","C/C","C/C","T/C","T/T","C/C","T/C","(HOVITM_085746,C,missense_variant)",0.75,0.125,0.25,0.875,0.625
"101","scaffold_5287",48575,"CATTGTTGACAAGGATTCTGT","missense_variant","MODERATE","HOVITM_086397","1743C>G","Asp581Glu","C","G","C/C","C/C","C/C","C/C","C/G","G/G","C/G","G/G","C/G","C/C","C/C","C/C","C/C","C/G","C/C","C/G","(HOVITM_086397,G,missense_variant)",0.25,0.875,0.75,0.125,0.625
"102","scaffold_526",2144,"CATAGGAGAAGAGCCTGGTAC","missense_variant","MODERATE","HOVITM_086178","45A>C","Glu15Asp","A","C","C/C","C/C","C/C","A/C","C/C","C/C","C/C","C|C","C/C","A/A","A/A","A/C","C/C","A/C","A/C","A/A","(HOVITM_086178,C,missense_variant)",0,0.625,1,0.375,0.625
"103","scaffold_526",3322,"GAGCCGACTACACAACCTGAA","missense_variant","MODERATE","HOVITM_086178","292A>G","Thr98Ala","A","G","G/G","G/G","G/G","A/G","G|G","G/G","G/G","G|G","G/G","A/A","A/A","A|G","G/G","A/G","A|G","A/A","(HOVITM_086178,G,missense_variant)",0,0.625,1,0.375,0.625
"104","scaffold_534",23790,"AACCCTGGGCAGATCCCACAT","missense_variant","MODERATE","HOVITM_086864","1117G>A","Ala373Thr","C","T","T/T","C/C","T/T","T/T","T/T","T/T","T|T","C/T","C/C","C/T","C/T","C/C","C/T","C/T","T/T","T/T","(HOVITM_086864,T,missense_variant)",0.125,0.75,0.875,0.25,0.625
"105","scaffold_536",211838,"AGGATGTACGCTCTGGGGATT","missense_variant","MODERATE","HOVITM_087103","811G>T","Ala271Ser","G","T","G/G","G/G","G/G","G/G","G/G","G/G","G/G","G/G","G/T","G/G","T/T","T/T","G/G","G/G","G/G","G/G","(HOVITM_087103,T,missense_variant)",1,0.375,0,0.625,0.625
"106","scaffold_536",278918,"CTGCCCCCGCCAGAGTTCAGG","missense_variant","MODERATE","HOVITM_087109","343C>G","Pro115Ala","C","G","C/C","C/G","C/C","C/C","C/C","C/C","C/G","C/C","G/G","C/C","G/G","G/G","C/C","C/C","C/G","C/C","(HOVITM_087109,G,missense_variant)",0.875,0.25,0.125,0.75,0.625
"107","scaffold_536",301259,"TTCGCGAAAGTTACTACCCTT","missense_variant","MODERATE","HOVITM_087110","130G>T","Val44Phe","G","T","G/G","G/T","G/T","G/T","G/G","G/G","G/T","G/G","T/T","G/G","T/T","T/T","G/G","G/G","G/G","G/G","(HOVITM_087110,T,missense_variant)",0.875,0.25,0.125,0.75,0.625
"108","scaffold_536",301316,"ATATTATTAATTGTTTTTTCG","missense_variant","MODERATE","HOVITM_087110","187A>T","Ile63Phe","A","T","A|T","A|T","A|T","A|T","A/A","A/A","A|T","A/A","T|T","A/A","T/T","T|T","A/A","A/A","A/A","A/A","(HOVITM_087110,T,missense_variant)",0.875,0.25,0.125,0.75,0.625
"109","scaffold_536",301319,"TTATTAATTGTTTTTTCGTCC","missense_variant","MODERATE","HOVITM_087110","190G>A","Val64Ile","G","A","G|A","G/A","G|A","G|A","G/G","G/G","G|A","G/G","A|A","G/G","A/A","A|A","G/G","G/G","G/G","G/G","(HOVITM_087110,A,missense_variant)",0.875,0.25,0.125,0.75,0.625
"110","scaffold_536",301326,"TTGTTTTTTCGTCCCTTCTAA","missense_variant","MODERATE","HOVITM_087110","197C>T","Ser66Leu","C","T","C|T","C|T","C|T","C|T","C/C","C/C","C|T","C/C","T|T","C/C","T/T","T|T","C/C","C/C","C/C","C/C","(HOVITM_087110,T,missense_variant)",0.875,0.25,0.125,0.75,0.625
"111","scaffold_536",310537,"GAATACATGTCATGGATCATT","missense_variant","MODERATE","HOVITM_087110","1099T>C","Ser367Pro","T","C","T/C","T/T","T/C","T/C","T/T","T/T","T/C","T/C","C/C","T/C","C/C","C/C","T/C","T/T","T/C","T/T","(HOVITM_087110,C,missense_variant)",0.75,0.125,0.25,0.875,0.625
"112","scaffold_545",23988,"GTAACAACTCTGCGCCCCTCC","missense_variant","MODERATE","HOVITM_087835","323C>G","Ser108Cys","C","G","C/C","C|G","C/C","C/C","C/C","C/C","C/C","C/C","C|G","C|G","C|G","G|G","C|G","G|G","C/C","C/G","(HOVITM_087835,G,missense_variant)",1,0.375,0,0.625,0.625
"113","scaffold_550",112940,"TCTCCACTAGATGTGTTCTGA","missense_variant","MODERATE","HOVITM_088241","161G>A","Arg54Lys","G","A","G/G","G/G","G/G","G|A","G|A","G|A","A|A","G|A","G/G","G/G","G/G","G/G","G/G","G/G","G/G","G/G","(HOVITM_088241,A,missense_variant)",0.375,1,0.625,0,0.625
"114","scaffold_5558",63322,"AAACTGTCCAACAAAAAAGCG","missense_variant","MODERATE","HOVITM_088708","262A>C","Asn88His","A","C","C/C","A/C","A/C","A/C","A/C","A/A","A/A","A/A","A|C","C/C","A/C","C/C","C/C","A/C","A/C","A/A","(HOVITM_088708,C,missense_variant)",0.875,0.25,0.125,0.75,0.625
"115","scaffold_5558",63341,"CGTTGAGCAGCTATATCACTG","missense_variant","MODERATE","HOVITM_088708","281G>A","Ser94Asn","G","A","A/A","G/A","A/A","G/A","G/A","G/G","G/G","G/G","G|A","A/A","G/A","A/A","A/A","G/A","G/A","G/A","(HOVITM_088708,A,missense_variant)",0.875,0.25,0.125,0.75,0.625
"116","scaffold_5818",81354,"CGGTGTCCGTATCGTCTTGTT","missense_variant","MODERATE","HOVITM_090938","940A>C","Thr314Pro","T","G","T/T","T/T","T/T","T/T","T/T","T/T","T/T","T/T","T/T","T|G","G|G","G|G","T/T","T/T","T/T","T|G","(HOVITM_090938,G,missense_variant)",1,0.375,0,0.625,0.625
"117","scaffold_5818",81413,"ATCTGATTCTCTTCTGTTGTT","missense_variant","MODERATE","HOVITM_090938","881A>G","Glu294Gly","T","C","T/T","T/T","T/T","T/T","T/T","T/T","T/T","T/T","T/T","T|C","C|C","C|C","T/T","T/T","T/T","T|C","(HOVITM_090938,C,missense_variant)",1,0.375,0,0.625,0.625
"118","scaffold_5818",81425,"TCTGTTGTTGTTAGTGAAGTA","missense_variant","MODERATE","HOVITM_090938","869C>A","Thr290Lys","G","T","G/G","G/G","G/G","G/G","G/G","G/G","G/G","G/G","G/G","G|T","T|T","T|T","G/G","G/G","G/G","G|T","(HOVITM_090938,T,missense_variant)",1,0.375,0,0.625,0.625
"119","scaffold_5818",81541,"TGTGCTGTTATCTGACTCTGA","missense_variant","MODERATE","HOVITM_090938","753T>G","Asp251Glu","A","C","A/A","A/A","A/A","A/A","A/A","A/A","A/A","A/A","A/A","A|C","C|C","C|C","A/A","A/A","A/A","A|C","(HOVITM_090938,C,missense_variant)",1,0.375,0,0.625,0.625
"120","scaffold_5818",81546,"TGTTATCTGACTCTGAACGTG","missense_variant","MODERATE","HOVITM_090938","748T>C","Ser250Pro","A","G","A/A","A/A","A/A","A/A","A/A","A/A","A/A","A/A","A/A","A|G","G|G","G|G","A/A","A/A","A/A","A|G","(HOVITM_090938,G,missense_variant)",1,0.375,0,0.625,0.625
"121","scaffold_562",280563,"GTCCGTTTAATttcttcttct","missense_variant","MODERATE","HOVITM_089284","148A>G","Ile50Val","A","G","G|G","G|G","A|G","A|G","G|G","A/A","G|G","G/G","A/A","A/A","A/G","A/A","A/A","A|G","A/A","A|G","(HOVITM_089284,G,missense_variant)",0.25,0.875,0.75,0.125,0.625
"122","scaffold_575",78607,"TTGTGAATAGTTAGCATTATT","missense_variant","MODERATE","HOVITM_090418","168C>G","Asn56Lys","G","C","G/G","G|C","G/G","G/G","G/C","C/C","G/G","C/C","G/G","G/G","G/G","G/G","G/G","G/G","G|C","G|C","(HOVITM_090418,C,missense_variant)",0.375,1,0.625,0,0.625
"123","scaffold_592",287900,"ATCAATGACCTGGAGAACCAT","missense_variant","MODERATE","HOVITM_091713","1324C>A","Leu442Met","C","A","C/C","C/C","C/C","C/C","A/A","C/A","C/A","A/A","C/A","C/C","C/C","C/C","C/C","C/C","C/C","C/C","(HOVITM_091713,A,missense_variant)",0.25,0.875,0.75,0.125,0.625
"124","scaffold_6127",61327,"ATAAAGTTGCAACTTACCCCT","stop_gained","HIGH","HOVITM_093543","469C>T","Gln157*","C","T","C/C","C/T","C/C","C/C","C/C","C/T","C/C","C/C","T|T","T|T","T/T","C/C","T/T","C/T","C/T","C/C","(HOVITM_093543,T,stop_gained)",0.875,0.25,0.125,0.75,0.625
"125","scaffold_6307",32088,"CGTGGAGATATTTCATGTGTC","missense_variant","MODERATE","HOVITM_094937","37A>G","Ile13Val","A","G","G/G","G/G","A/G","A/A","A/G","A/A","A/A","A/G","G/G","G/G","G/G","A/G","A/A","A/G","A/G","A/G","(HOVITM_094937,G,missense_variant)",0.75,0.125,0.25,0.875,0.625
"126","scaffold_6536",36939,"TATGTGTTGCGCCAGCCACAG","missense_variant","MODERATE","HOVITM_096732","1570G>A","Ala524Thr","C","T","C/C","C/C","C/T","C/T","C/C","C|T","C/C","C/C","T|T","T/T","C/T","C/T","C/C","T/T","C/C","C/C","(HOVITM_096732,T,missense_variant)",0.875,0.25,0.125,0.75,0.625
"127","scaffold_667",40195,"CATGATGTTAACAACAGACAC","missense_variant","MODERATE","HOVITM_097714","738A>C","Leu246Phe","A","C","A|C","A|C","A|C","A|C","A/A","A/A","A/A","C|C","A|C","C|C","C|C","C|C","A|C","C|C","A/A","C|C","(HOVITM_097714,C,missense_variant)",0.75,0.125,0.25,0.875,0.625
"128","scaffold_667",137033,"CTGTGAGCAGACTTGTAACAA","missense_variant","MODERATE","HOVITM_097721","107G>A","Arg36Lys","G","A","G/A","A/A","G/G","G|A","A/A","G/A","A/A","A/A","G/A","G|A","G/G","G/G","G/A","G|A","A/A","A/A","(HOVITM_097721,A,missense_variant)",0.125,0.75,0.875,0.25,0.625
"129","scaffold_691",313022,"ACCTAGTTTATCATACACGTC","missense_variant","MODERATE","HOVITM_099475","1212T>A","Asp404Glu","A","T",".","A/A","A/A",".","A/A","A/A","A/A","A/A","T/T","A/T","T/T","A/A",".","A/A","A/A",".","(HOVITM_099475,T,missense_variant)",1,0.375,0,0.625,0.625
"130","scaffold_691",313152,"ATATCCACACCAGATTCAGTT","missense_variant","MODERATE","HOVITM_099475","1082G>C","Gly361Ala","C","G",".","C/C","C/C",".","C/C","C/C","C/C","C/C","G/G","C/G","G/G","C/C",".","C/C","C/C",".","(HOVITM_099475,G,missense_variant)",1,0.375,0,0.625,0.625
"131","scaffold_691",313497,"AGAGTTCTAAGGGCTTTTAAT","missense_variant","MODERATE","HOVITM_099475","737T>C","Leu246Pro","A","G",".","A/A","A/A",".","A/A","A/A","A/A","A/A","G/G","A/G","G/G","A/A","A/A","A/A","A/A",".","(HOVITM_099475,G,missense_variant)",1,0.375,0,0.625,0.625
"132","scaffold_691",313713,"TCAGGATTACTTCTGTGCACA","missense_variant","MODERATE","HOVITM_099475","521G>T","Ser174Ile","C","A",".","C/C","C/C","C/C","C/C","C/C","C/C","C/C","A/A","C/A","A/A","C/C","C/C","C/C","C/C","C/C","(HOVITM_099475,A,missense_variant)",1,0.375,0,0.625,0.625
"133","scaffold_691",314048,"AGTAGTTTGCTCATTGGGTTT","missense_variant","MODERATE","HOVITM_099475","186G>T","Glu62Asp","C","A",".","C/C","C/C",".","C/C","C/C","C/C","C/C","A|A","C|A","A|A","C/C","C/C","C/C","C/C",".","(HOVITM_099475,A,missense_variant)",1,0.375,0,0.625,0.625
"134","scaffold_691",314061,"TTGGGTTTCTTATACCGGATA","missense_variant","MODERATE","HOVITM_099475","173A>G","Lys58Arg","T","C",".","T/T","T/T",".","T/T","T/T","T/T","T/T","C/C","T/C","C/C","T/T","T/T","T/T","T/T",".","(HOVITM_099475,C,missense_variant)",1,0.375,0,0.625,0.625
"135","scaffold_691",314076,"CGGATATTTGCCCTAATTATA","missense_variant","MODERATE","HOVITM_099475","158C>A","Ala53Glu","G","T",".","G/G","G/G",".","G/G","G/G","G/G","G/G","T/T","G/T","T/T","G/G","G/G","G/G","G/G","G/G","(HOVITM_099475,T,missense_variant)",1,0.375,0,0.625,0.625
"136","scaffold_695",261300,"AGGATATACTTTTTTTGTCCA","missense_variant","MODERATE","HOVITM_099712","45A>T","Lys15Asn","T","A",".",".","T/T","T/T","T/T","T/T","T/T","T/T","T/T","T/A","A/A","A/A","T/T",".",".",".","(HOVITM_099712,A,missense_variant)",1,0.375,0,0.625,0.625
"137","scaffold_7205",37587,"TATCACCAAGGCTACGGCGGG","missense_variant","MODERATE","HOVITM_101852","670G>A","Gly224Ser","G","A","G/A","A/A","A/A","G/G","G/A","G/G","G/G","G/G","A/A","A/A","G/A","G/A","G/A","A/A","G/A","G/A","(HOVITM_101852,A,missense_variant)",0.875,0.25,0.125,0.75,0.625
"138","scaffold_7241",25516,"GGCTGGCCTGTCTTGTGCTCG","missense_variant","MODERATE","HOVITM_102108","411C>A","Asp137Glu","G","T","G/G","G/G","G/G","G/T","G/T","T/T","T/T","T/T","G/G","G/G","T/T","G/G","G/G","T/T","G/G","G/T","(HOVITM_102108,T,missense_variant)",0.125,0.75,0.875,0.25,0.625
"139","scaffold_7259",60036,"TTGACTTAGGTGTTTTGGTAT","missense_variant","MODERATE","HOVITM_102207","2065C>T","Pro689Ser","G","A","A/A","G/G","G/G","G/G","G/A","A/A","A/A","A/A","G/G","G/A","G/A","G/G","G/A","G/A","G/A","A/A","(HOVITM_102207,A,missense_variant)",0.125,0.75,0.875,0.25,0.625
"140","scaffold_7297",37748,"CACCCTCGATGCACAGAACTC","missense_variant","MODERATE","HOVITM_102456","256A>G","Ile86Val","T","C","C|C","C/C","C/C","C|C","C/C","T|C","C|C","C|C","T/T","T/C","T/T","T/C","C/C","T/C","C|C","T/C","(HOVITM_102456,C,missense_variant)",0.125,0.75,0.875,0.25,0.625
"141","scaffold_7297",50648,"CGGACTGCCCGCTCCACATGT","missense_variant","MODERATE","HOVITM_102457","440G>A","Arg147Gln","C","T","T/T","T/T","T/T","T/T","T/T","C/T","T/T","T/T","C/C","C/T","C/C","C/T","T/T","C/T","T/T","C/T","(HOVITM_102457,T,missense_variant)",0.125,0.75,0.875,0.25,0.625
"142","scaffold_7390",6893,"TTGTGCGACTGGGGTTATATT","missense_variant","MODERATE","HOVITM_103160","251T>A","Leu84Gln","T","A","T/T","T/T","T|A","T|A","A|A","T|A","T/T","A|A","T/T","T/T","T/T","T/T","A|A","T|A","T/T","A|A","(HOVITM_103160,A,missense_variant)",0.375,1,0.625,0,0.625
"143","scaffold_7390",19502,"GAAACTTCGCTGTGTGATCTT","missense_variant","MODERATE","HOVITM_103163","1520G>C","Ser507Thr","C","G","C/C","C/G","C/G","C/G","C/C","C/C","C/G","C/C","G|G","G|G","C/C","G|G","C/C","C/G","G|G","C/C","(HOVITM_103163,G,missense_variant)",0.875,0.25,0.125,0.75,0.625
"144","scaffold_716",325121,"CGTGTGCAGAGGCAACACCAC","missense_variant","MODERATE","HOVITM_101481","387A>C","Arg129Ser","A","C","A/A","A/A","A/A","A|C","A/A","A/A","A/A","A/A","A|C","C|C","A/A","C/C","A|C","A/A","A/C","A/A","(HOVITM_101481,C,missense_variant)",1,0.375,0,0.625,0.625
"145","scaffold_749",139489,"TCTGACACTTCGGTGCCACTG","missense_variant","MODERATE","HOVITM_103814","89A>C","Glu30Ala","T","G","T/T","T/G","T/T","T/T","T/T","T/T","T/T","T/T","T/G","G/G","T/G","T/G","T/G","T/T","T/T","T/T","(HOVITM_103814,G,missense_variant)",1,0.375,0,0.625,0.625
"146","scaffold_783",245237,"GGGCAGTCACCCATATAATTG","missense_variant","MODERATE","HOVITM_106056","650G>A","Gly217Asp","C","T","C/C","C|T","C|T","C/C","C|T","C/C","C/C","C/C","T|T","C|T","T|T","C|T","C/C","C|T","C|T","T|T","(HOVITM_106056,T,missense_variant)",0.875,0.25,0.125,0.75,0.625
"147","scaffold_796",47054,"TCACAGGGAGAGTCACAGCTG","missense_variant","MODERATE","HOVITM_106859","1151C>T","Ser384Phe","G","A",".",".",".","G/A","G/G","G/A","G/G","G/A","A/A","A/A","A/A","G/A","G/G","G/G",".",".","(HOVITM_106859,A,missense_variant)",0.75,0.125,0.25,0.875,0.625
"148","scaffold_7989",8548,"TAGAGATTTTAAAAGTCATGT","missense_variant","MODERATE","HOVITM_107036","1026T>A","Phe342Leu","T","A","A/A","A/A","A/A","A/A","T/T","T/A","T/A","T/A","A/A","A/A","A/A","A/A","A/A","A/A","T/T","A/A","(HOVITM_107036,A,missense_variant)",0.625,0,0.375,1,0.625
"149","scaffold_8175",65968,"TGAGTTTTTGAACCATGTTAT","missense_variant","MODERATE","HOVITM_108160","478C>G","Gln160Glu","G","C","G/C","G/C","C|C","G/G","C/C","C/C","C/C","C/C","G/G","G/C","G/C","G|C","C/C","C/C","C/C","G/C","(HOVITM_108160,C,missense_variant)",0,0.625,1,0.375,0.625
"150","scaffold_8281",64835,"ATCGCCTACTCTCCACCTGCT","missense_variant","MODERATE","HOVITM_108810","2335T>A","Ser779Thr","T","A","T/A","T/T","T/A","A/A","T/A","T/A","T/A","A/A","T/T","T/T","T/T","T/T","T/A","T/T","T/A","A/A","(HOVITM_108810,A,missense_variant)",0.375,1,0.625,0,0.625
"151","scaffold_806",85945,"AAAGTCAGATGGTGAAGGGGG","missense_variant","MODERATE","HOVITM_107508","240T>G","Asp80Glu","T","G","T/T","T/G","T/G","T/G","G/G","T/G","T/G","G/G","T/T","T/T","T/G","T/T","T/T","T/G","T/G","T/G","(HOVITM_107508,G,missense_variant)",0.25,0.875,0.75,0.125,0.625
"152","scaffold_806",169003,"tttgtcacgctcactctcttt","missense_variant","MODERATE","HOVITM_107514","216G>T","Glu72Asp","C","A","C/C","C|A","C/A","C/A","A/A","C/A","C/A","A/A","C/C","C/C","C/A","C/C","C/C","C/A","C/A","C/A","(HOVITM_107514,A,missense_variant)",0.25,0.875,0.75,0.125,0.625
"153","scaffold_828",163486,"TAACGTCCTTCTTAGTGCTGG","missense_variant","MODERATE","HOVITM_108796","874A>G","Lys292Glu","T","C",".","T/C","T/T","T/T","C/C","C/C","T/C","T/C","T/C","T/T","T/T","T/T","T/C","T/C","T/C","C/C","(HOVITM_108796,C,missense_variant)",0.25,0.875,0.75,0.125,0.625
"154","scaffold_8639",36586,"TTAGTGGAATCACCGCCACCA","missense_variant","MODERATE","HOVITM_110976","37A>G","Ile13Val","T","C","C|C","T|C","T/T","T|C","C|C","C|C","T|C","C|C","T/T","T|C","T/T","T|C","C|C","C|C","T|C","T|C","(HOVITM_110976,C,missense_variant)",0.125,0.75,0.875,0.25,0.625
"155","scaffold_866",36968,"TGTGACTCTATCGAGACCAGA","missense_variant","MODERATE","HOVITM_111084","3094A>G","Ile1032Val","A","G","A/G","G/G","G/G","A/G","G/G","A/A","G/G","G/G","A/G","A/A","A/A","A/A","A/G","G/G","G/G","A/A","(HOVITM_111084,G,missense_variant)",0.25,0.875,0.75,0.125,0.625
"156","scaffold_889",110933,"CGTTTTGTGTCCATGTCCTGA","missense_variant","MODERATE","HOVITM_112363","1417A>T","Thr473Ser","T","A","T/T","T/T","A/A","T/A","A/A","A/A","A/A","A/A","T/T","A/A","T/A","T/T","T/A","T/T","T/A","A/A","(HOVITM_112363,A,missense_variant)",0,0.625,1,0.375,0.625
"157","scaffold_900",41724,"CATCGTGGGGCCTTGCTGATG","missense_variant","MODERATE","HOVITM_113124","1141C>T","Pro381Ser","G","A","G/A","G/A","G/G","G/G","G/A","A/A","A/A","G/A","G/G","G/G","G/A","G/G","A/A","A|A","G/G","A/A","(HOVITM_113124,A,missense_variant)",0.25,0.875,0.75,0.125,0.625
"158","scaffold_900",41753,"GATACTTTACTCTGGTCCCTG","missense_variant","MODERATE","HOVITM_113124","1112G>A","Ser371Asn","C","T","C/C","C|T","C/C","C/C","C|T","T|T","T|T","C|T","C/C","C/C","C|T","C/C","T|T","T|T","C/C","T|T","(HOVITM_113124,T,missense_variant)",0.25,0.875,0.75,0.125,0.625
"159","scaffold_9233",47210,"ACAAAAACAGCCAGAAGAGGC","missense_variant","MODERATE","HOVITM_114461","2372G>C","Ser791Thr","G","C","G/G","G/G","G|C","G/C","G/C","G/G","G/G","G/G","C|C","G|C","C|C","G/C","G/C","G|C","C|C","G/C","(HOVITM_114461,C,missense_variant)",0.875,0.25,0.125,0.75,0.625
"160","scaffold_917",42766,"GACGAACTGGTTTTACCCACT","missense_variant","MODERATE","HOVITM_114085","200C>G","Thr67Ser","G","C","G/G","G/G","G/G","G/G","G/G","G/G","G/G","G/G","C/C","C|C","G|C","G/G","G/G","G/G","C|C","G/G","(HOVITM_114085,C,missense_variant)",1,0.375,0,0.625,0.625
"161","scaffold_919",209004,"GTGGGTGTGGTAGTGGGAGGT","missense_variant","MODERATE","HOVITM_114205","215C>T","Thr72Ile","G","A","G/G","G/G","G/G","G/G","G/G","G/G","G/G","G/G","A/A","G/A","A/A","G/G","G/A","G/A","G/G","G/A","(HOVITM_114205,A,missense_variant)",1,0.375,0,0.625,0.625
"162","scaffold_946",192943,"CAGAGGGGCCATCTGCGGGGT","missense_variant","MODERATE","HOVITM_115718","297G>T","Met99Ile","C","A","C/C","C/C","C|A","C|A","C/C","C/C","C/C","C/C","A|A","C|A","A|A","C/C","C|A","A|A","C/C","C|A","(HOVITM_115718,A,missense_variant)",1,0.375,0,0.625,0.625
"163","scaffold_9674",5808,"AGAAGATCAAACTTTTTGCCG","missense_variant","MODERATE","HOVITM_116952","368T>A","Phe123Tyr","A","T","A|T","A/A","A/A","A/A","A|T","A|T","T|T","A|T","A/A","A/A","A/A","A/A","A/A","T|T","A/A","A/A","(HOVITM_116952,T,missense_variant)",0.375,1,0.625,0,0.625
"164","scaffold_9674",20476,"GAGGCCGGGCATTCACAATCG","missense_variant","MODERATE","HOVITM_116954","724G>T","Ala242Ser","C","A","C/C","C/C","C/C","C/C","C/C","C/C","C/C","C/A","C/C","A/A","A/A","A/A","C/C","C/C","C/C","A/A","(HOVITM_116954,A,missense_variant)",0.875,0.25,0.125,0.75,0.625
"165","scaffold_9674",44892,"CAAGTGGCTAGAGGGTTGGCT","missense_variant","MODERATE","HOVITM_116956","199A>G","Arg67Gly","A","G","G/G","A/G","A/G","G/G","A/G","G/G","G/G","A/G","A|G","A/A","A/A","A/A","A/G","G/G","A/G","A/G","(HOVITM_116956,G,missense_variant)",0.25,0.875,0.75,0.125,0.625
"166","scaffold_9930",7330,"CACTACAAGCGATGGTAAACT","missense_variant","MODERATE","HOVITM_118301","387C>A","Ser129Arg","C","A","C/C","C/C","C/C","C/A","C/A","C/C","C/C","C/C","A/A","C/A","C/A","A/A","C/A","C/C","C/C","C/A","(HOVITM_118301,A,missense_variant)",0.875,0.25,0.125,0.75,0.625
"167","scaffold_57",66138,"AGAATCAGATGAAACCAAATG","start_lost","HIGH","HOVITM_089943","2T>C","Met1?","T","C","T/T","T/T","T/T","T/T","T/T","T/T","T/T","T/T","T/C","T/T","C/C","C/C","T/T","T/T","T/C","T/T","(HOVITM_089943,C,start_lost)",1,0.375,0,0.625,0.625
"168","scaffold_57",66456,"CTACAGTTACTCTACTGAGCG","missense_variant","MODERATE","HOVITM_089943","266C>T","Thr89Ile","C","T","C/C","C/C","C/C","C/C","C/C","C/C","C/C","C/C","C/T","C/C","T/T","T/T","C/C","C/C","C/T","C/C","(HOVITM_089943,T,missense_variant)",1,0.375,0,0.625,0.625
"169","scaffold_66",422773,"GAATGAAATAAAGTCAAGTAC","missense_variant","MODERATE","HOVITM_097231","24A>G","Ile8Met","A","G","A/A","A/A","A/A",".","A/G","G/G","A/G","G/G","A/G","A/A","A/A","A/A","A/A","A/A","A/A","G/G","(HOVITM_097231,G,missense_variant)",0.25,0.875,0.75,0.125,0.625
"170","scaffold_74",275393,"CACAATGATGTTGATACAGTT","missense_variant","MODERATE","HOVITM_103225","313G>A","Val105Ile","G","A","G/G","G/G",".","G/G","G/G","G/G","G/G","G/G","G/G","G/A","A/A","A/A","G/G","G/A","G/G",".","(HOVITM_103225,A,missense_variant)",1,0.375,0,0.625,0.625
"171","scaffold_82",168882,"CAACCGTCAGTAGCAGCCCGA","missense_variant","MODERATE","TAF12","134G>A","Ser45Asn","G","A","G/G","G/A","G/G","G/G","G/G","G/G","G/G","G/G","G/A","G/A","A/A","G/A","G/A","G/A","G/G","G/G","(TAF12,A,missense_variant)",1,0.375,0,0.625,0.625
"172","scaffold_82",495385,"TTTCTCCTGGGGGGTTTGTGG","missense_variant","MODERATE","HOVITM_108340","745C>T","Pro249Ser","G","A","G/G","G/G","G/A","G/G","G/G","G/G","G/A","G/G","A/A","G/A","A/A","G/A","G/A","G/A","G/G","G/A","(HOVITM_108340,A,missense_variant)",0.875,0.25,0.125,0.75,0.625
"173","scaffold_82",495409,"TCTGGGCGGGTTGCCGCTGGG","missense_variant","MODERATE","HOVITM_108340","721C>A","Pro241Thr","G","T","G/G","G/G","G/T","G/G","G/G","G/G","G/T","G/G","T/T","G/T","T/T","G/T","G/T","G/T","G/G","G/T","(HOVITM_108340,T,missense_variant)",0.875,0.25,0.125,0.75,0.625
"174","scaffold_82",604966,"ATCGTATTCATAGTTTCCTTC","missense_variant","MODERATE","HOVITM_108345","397A>G","Ile133Val","A","G","A/A","A/A","G/G","A/A","A/A","A/A","A/G","A/A","G/G","A/G","G/G","A/G","G/G",".","G/G","G/G","(HOVITM_108345,G,missense_variant)",0.875,0.25,0.125,0.75,0.625
"175","scaffold_82",605130,"AAGTTCAGAGGAAAAAGCTTC","missense_variant","MODERATE","HOVITM_108345","561G>T","Glu187Asp","G","T","G/G","G/G","G|T","G/G","G/G","G/G","G/G","G/G","T|T","G|T","T|T","G/G","G|G","G/G","G/G","G|T","(HOVITM_108345,T,missense_variant)",1,0.375,0,0.625,0.625
"176","scaffold_89",519870,"CTCCGACTATTGAAGATCAAA","missense_variant","MODERATE","HOVITM_112448","1460T>C","Ile487Thr","T","C","T/T","C|C","T/C","C/C","C/C","C/C","C|C","C/C","T/T","T/C","T|C","T|C","C/C","C/C","C|C","C/C","(HOVITM_112448,C,missense_variant)",0,0.625,1,0.375,0.625
"177","scaffold_89",591022,"TCATTTAAAATGCTAATTTGT","missense_variant","MODERATE","HOVITM_112453","136A>C","Met46Leu","A","C","A|C","A|C","A/A","C|C","C|C","C|C","C|C","A|C","A/A","A|C","A/A","A|C","C|C","C|C","C|C","C|C","(HOVITM_112453,C,missense_variant)",0.125,0.75,0.875,0.25,0.625
"178","scaffold_90",175577,"GACACCAGCCATGTATCCACG","stop_gained","HIGH","HOVITM_113102","263G>A","Trp88*","C","T","C|T","C|T",".","C/C","C/T","C|T","T|T","C|T","C/C","C/C","C/C","C/C","T|T","C/C","C/C","C|T","(HOVITM_113102,T,stop_gained)",0.375,1,0.625,0,0.625
"179","scaffold_90",175598,"AAACCACGGAGATCACCACGA","missense_variant","MODERATE","HOVITM_113102","242T>A","Leu81His","A","T","A|T","A|T",".","A|T","T|T","A|T","T|T","A|T","A/A","A|T","A/A","A/A","T|T","A|T","A/A","T|T","(HOVITM_113102,T,missense_variant)",0.25,0.875,0.75,0.125,0.625
"180","scaffold_952",16585,"TACGCAGTGATTGGAACTCAT","missense_variant","MODERATE","HOVITM_116090","346A>T","Ile116Phe","A","T",".",".",".",".","T/T","T/T","A/T","T/T","A/A","T/T","A/A","A/A","T/T","A/A","A/A","A/A","(HOVITM_116090,T,missense_variant)",0.125,0.75,0.875,0.25,0.625
"181","scaffold_952",267476,"CAACTGTACGGGCTGACAGTA","missense_variant","MODERATE","HOVITM_116105","481C>T","Arg161Cys","G","A","G/A","G/A","G/A","G/A","G/G","G/G","G/G","G/G","A|A","G/A","G/A","G/A","G/G","G/G","G/A","G/A","(HOVITM_116105,A,missense_variant)",1,0.375,0,0.625,0.625
"182","scaffold_987",34348,"TAGCGTGACCTATACTCCTCC","missense_variant","MODERATE","HOVITM_117953","29G>A","Arg10Lys","C","T","C/T","C/T","C/C","T/T","T/T","C/T","T/T","C/C","C/C","C/C","C/C","C/C","C/T","C/C","C/T","C/C","(HOVITM_117953,T,missense_variant)",0.375,1,0.625,0,0.625
"183","scaffold_995",163288,"tccaattgaggaaacagccat","missense_variant","MODERATE","HOVITM_118386","233C>T","Pro78Leu","G","A","G/G","G/A","G/G","G/A","A/A","G/A","G/G","A/A","G/G","G/G","G/G","G/G","G/A","A/A","G/A","G/G","(HOVITM_118386,A,missense_variant)",0.375,1,0.625,0,0.625
"184","scaffold_9972",19465,"CTGTTTCTAGTCAGAAGTGTA","missense_variant","MODERATE","HOVITM_118493","1000G>T","Val334Phe","G","T","G/G","G/G","G/G","G/T","G/G","G/G","G/T","G/G","T/T","T/T","G/T","G/T","G/T","G/G","G/G","G/G","(HOVITM_118493,T,missense_variant)",0.875,0.25,0.125,0.75,0.625
"185","scaffold_10137",11653,"TCTATGGCCACAATTGTGAGG","missense_variant","MODERATE","HOVITM_001148","499A>T","Thr167Ser","A","T","A|T","A/A","A/A","A/A","T|T","A/T","A|T","A/T","A/A","A/A","A/A","A/A","A/T","A/A","A/A","A/A","(HOVITM_001148,T,missense_variant)",0.375,1,0.625,0,0.625
"186","scaffold_10137",11696,"AGGAAATGGGGATGAGAGGCA","missense_variant","MODERATE","HOVITM_001148","542G>T","Gly181Val","G","T","G|T","G/G","G/G","G/G","T|T","G/T","G|T","G|T","G/G","G/G","G/G","G/G","G|T","G/G","G/G","G/G","(HOVITM_001148,T,missense_variant)",0.375,1,0.625,0,0.625
"187","scaffold_10137",19875,"GAAGAACCGACTGTGAAAGTA","missense_variant","MODERATE","HOVITM_001148","2812A>T","Thr938Ser","A","T","A/A","A/T","A/T","T/T","A/A","A/A","A/T","T/T","T/T","T/T","T/T","T|T","A/T","A/T","A/T","A/A","(HOVITM_001148,T,missense_variant)",0.625,0,0.375,1,0.625
"188","scaffold_10338",28678,"TTTTAAAAACTGCACTACTTC","missense_variant","MODERATE","HOVITM_002195","2322G>C","Gln774His","C","G","G/G","C/G","C/C","C/G","G/G","G/G","G/G","C/G","C/C","C/G","C/C","C/G",".","C/G","G/G","C/G","(HOVITM_002195,G,missense_variant)",0.125,0.75,0.875,0.25,0.625
"189","scaffold_10387",444,"TCTGCTTCGCTCTCTCTTCCT","missense_variant","MODERATE","HOVITM_002483","609G>T","Glu203Asp","C","A","C/A","A/A","C/C","A/A","C/C","C/A","C/A","C/C","A/A","C/A","A/A","A/A","C/A","C/C","A/A","C/A","(HOVITM_002483,A,missense_variant)",0.75,0.125,0.25,0.875,0.625
"190","scaffold_10556",40493,"TTCTTCATCCTCTGCGTCAGG","missense_variant","MODERATE","HOVITM_003385","225G>T","Glu75Asp","C","A","C/A","C/C","A/A","C|A","C|A","C/A","A|A","A|A","C/C","C/C","C/A","C/C","C/C","C/C","A|A","C|A","(HOVITM_003385,A,missense_variant)",0.25,0.875,0.75,0.125,0.625
"191","scaffold_10817",42123,"TGATAAGGACCTCAAGGCGTT","missense_variant","MODERATE","HOVITM_004725","1084G>C","Val362Leu","C","G","G/G","C/G","C/C","C/G","G/G","G/G","G/G","C/C","C/C","C/C","C/C","C/G","C/G","C/G","C/G","G/G","(HOVITM_004725,G,missense_variant)",0.25,0.875,0.75,0.125,0.625
"192","scaffold_10855",17594,"AATGATTTAGACAATATAATT","missense_variant","MODERATE","HOVITM_004912","766G>C","Asp256His","G","C","G/G","C/C","G/G","C/C","G/G","G/G","G/G","G/G","C/C","C/C","G/G","G/C","G/G","C/C","G/C","C/C","(HOVITM_004912,C,missense_variant)",1,0.375,0,0.625,0.625
"193","scaffold_10916",12875,"CCTTGTTCGGCTGGTAATACC","missense_variant","MODERATE","HOVITM_005271","1516G>A","Ala506Thr","G","A","G|A","G|A","G/G","G/G","G/G","G/G","G/G","G/G","A/A","A/A","G/A","G/G","G|A","G/G","G/G","G/G","(HOVITM_005271,A,missense_variant)",1,0.375,0,0.625,0.625
"194","scaffold_1059",142977,"AAGTGCCAGCAGAATTTACAT","missense_variant","MODERATE","HOVITM_003540","335C>A","Ala112Glu","C","A","C/C","C/C","C/C","C/C","C/C","C/C","C/C","C/C","A/A","C/A","A/A","C/C","C/A","C/A","C/C","C/A","(HOVITM_003540,A,missense_variant)",1,0.375,0,0.625,0.625
"195","scaffold_1068",203703,"TTTCCAACCCCTTCTTCTCGC","missense_variant","MODERATE","HOVITM_003975","68G>A","Gly23Glu","C","T","C/T","C/C","C/C","C/C","C/C","C|T","C/C","C/C","T/T","T/T","C/T","C/T","C/C","T/T","C/T","C/C","(HOVITM_003975,T,missense_variant)",0.875,0.25,0.125,0.75,0.625
"196","scaffold_1100",250578,"GGATGCAGCACAGACGGAAAC","missense_variant","MODERATE","HOVITM_005657","334A>G","Thr112Ala","A","G","A/G","A/G","A/G","A/A","G/G","G/G","A/G","A/G","A/G","A/A","A/A","A/A","A/A","A/A","A/A","G/G","(HOVITM_005657,G,missense_variant)",0.25,0.875,0.75,0.125,0.625
"197","scaffold_11017",38260,"TCTGCACCTCAACCAGAGCTT","missense_variant","MODERATE","HOVITM_005733","418G>C","Glu140Gln","C","G","C/C","C/C","C|G","C|G","C/C","G|G","G|G","G|G","C/C","C/C","C/C","C|G","C/C","C|G","C/C","C|G","(HOVITM_005733,G,missense_variant)",0.25,0.875,0.75,0.125,0.625
"198","scaffold_11163",38830,"GGACCAATTTGACATTTTCTC","missense_variant","MODERATE","HOVITM_006424","907A>C","Lys303Gln","T","G","T/T","T/T","T/G","T/G","T|G","T/G","G|G","T/G","T/T","T/T","T/T","T/T","G/G","T/G","T/G","T/G","(HOVITM_006424,G,missense_variant)",0.375,1,0.625,0,0.625
"199","scaffold_1121",73170,"TCTGAAGGTTACGGCTCGGGT","missense_variant","MODERATE","HOVITM_006661","394A>C","Asn132His","T","G","G/G","T/G","T/G","T/G","T/T","T/T","T/T","T/G","G/G","T/G","T/G","G/G","G/G","T/G","G/G","G/G","(HOVITM_006661,G,missense_variant)",0.875,0.25,0.125,0.75,0.625
"200","scaffold_1144",178542,"CACCTGGATATCAGCTGTGAT","missense_variant","MODERATE","HOVITM_007687","262A>G","Ile88Val","A","G","A/G","A/G","A/G","A/A","A/A","A/A","A/A","A/A","G/G","A/A","G/G","A/G","A/A","A/A","A/G","A/A","(HOVITM_007687,G,missense_variant)",1,0.375,0,0.625,0.625
"201","scaffold_1144",178603,"GCATCATTCGAATCTACGACG","missense_variant","MODERATE","HOVITM_007687","323G>A","Arg108Gln","G","A","G/A","G/A","G/A","G/G","G/G","G/G","G/G","G/G","A/A","G/G","A/A","G/A","G/G","G/G","G/A","G/G","(HOVITM_007687,A,missense_variant)",1,0.375,0,0.625,0.625
"202","scaffold_1144",218588,"TCATGAATGTCTCACGGAGTA","missense_variant","MODERATE","HOVITM_007688","3161T>C","Val1054Ala","T","C","T/T","T/C","T/C","T/T","T/T","T/T","T/T","T/T","C/C","T/T","C/C","T/C","T/T","T/T","T/T","T/T","(HOVITM_007688,C,missense_variant)",1,0.375,0,0.625,0.625
"203","scaffold_1144",236987,"AGAAGCTTTTGCTGGAACTGA","missense_variant","MODERATE","HOVITM_007689","24T>G","Phe8Leu","T","G","T/T","T/G","T/G","T/T","T/T","T/T","T/T","T/T","G/G","T/T","G/G","T/G","T/T","T/T","T/T","T/T","(HOVITM_007689,G,missense_variant)",1,0.375,0,0.625,0.625
"204","scaffold_1151",190638,"AACTTGGATATAACTCTCAGG","missense_variant","MODERATE","HOVITM_008014","728A>G","Tyr243Cys","A","G","A/A","G/G","A/A","G/G","G/G","G/G","G/G","G/G","A/A","A/G","A/G","A/G","G/G",".","G/G",".","(HOVITM_008014,G,missense_variant)",0,0.625,1,0.375,0.625
"205","scaffold_1212",22302,"AAAAAAAGACAAGTCAATTTC","missense_variant","MODERATE","HOVITM_010813","7992C>A","Asp2664Glu","C","A","A/A","C/A","C/C","C/C","C/C","C/C","C/C","C/C","A/A","C/A","C/C","A/A","C/A","C/A","C/C","C/C","(HOVITM_010813,A,missense_variant)",1,0.375,0,0.625,0.625
"206","scaffold_1221",64600,"AGTGAGAAGCCTGCGGTGTAA","missense_variant","MODERATE","HOVITM_011157","802G>A","Ala268Thr","C","T","C/C","C/C","C/C","C/T","C/T","T/T","T/T","C/T","C/T","C/C","C/C","C/C","T/T","C/C","C/T","C/T","(HOVITM_011157,T,missense_variant)",0.25,0.875,0.75,0.125,0.625
"207","scaffold_1221",114832,"CACTCTTCTCGGACCCGGGTT","missense_variant","MODERATE","HOVITM_011162","659C>T","Ser220Leu","C","T","C/C","C/C","C/C","C/C","C/T","T/T","T/T","C/T","C/T","C/C","C/C","C/C","T/T","C/C","C/C","C/T","(HOVITM_011162,T,missense_variant)",0.25,0.875,0.75,0.125,0.625
"208","scaffold_12578",7692,"TTGTTGTTGATAACGATAGGG","missense_variant","MODERATE","HOVITM_012845","599T>C","Ile200Thr","A","G","G|G","G|G",".","A/A","G|G","A|G","G/G","G/G","A/A","A|G","A|G","A/A","G|G","G/G","G|G","A|G","(HOVITM_012845,G,missense_variant)",0.125,0.75,0.875,0.25,0.625
"209","scaffold_1271",190702,"AAAACTGTTGATGTGATGAAA","missense_variant","MODERATE","HOVITM_013380","414C>G","Ile138Met","G","C","G/G","G|C","G/G","G/G","G/G","G/G","G/G","G/G","G/G","C/C","G|C","C|C","C/C","C/C","G/C","G/G","(HOVITM_013380,C,missense_variant)",1,0.375,0,0.625,0.625
"210","scaffold_1281",82425,"TGCAAAAATCTCCGCCGTGGT","missense_variant","MODERATE","HOVITM_013830","984G>T","Glu328Asp","C","A","C|A","A|A","C|A","C|A","A|A","A|A","C|A","C/A","C/C","C/C","C/A","C/C","C/C","C/C","A|A","C/C","(HOVITM_013830,A,missense_variant)",0.25,0.875,0.75,0.125,0.625
"211","scaffold_13061",20109,"TGTTCACAGAAATTCGGGGAG","missense_variant","MODERATE","HOVITM_014841","2059T>C","Ser687Pro","A","G","A/A","A/G","A/G","G/G","G/G","G/G","A/G","G/G","A/G","A/G","A/A","A/A","A/A","A/G","A/G","A/G","(HOVITM_014841,G,missense_variant)",0.125,0.75,0.875,0.25,0.625
"212","scaffold_1329",74045,"TTCAAATTATGTTCTTCTTTT","missense_variant","MODERATE","HOVITM_015730","1805A>T","His602Leu","T","A","T/T","T/T","A|A","A|A","T|A","A|A","T|A","A|A","T/T","T/T","T|A","T/T","T/T","T/T","T/T","T|A","(HOVITM_015730,A,missense_variant)",0.25,0.875,0.75,0.125,0.625
"213","scaffold_1329",74155,"TGTGGGTTGTTGTTTGCGTTG","missense_variant","MODERATE","HOVITM_015730","1695A>T","Gln565His","T","A","T/T","T/T","T|A","T|A","T/A","A/A","T/A","A/A","T/T","T/T","T|A","T/T","T/T","T/T","T/T","T/A","(HOVITM_015730,A,missense_variant)",0.25,0.875,0.75,0.125,0.625
"214","scaffold_1329",74617,"ATCGTCATCCAACTTCTGACT","missense_variant","MODERATE","HOVITM_015730","1233G>T","Leu411Phe","C","A","C/C","C/C","A/A","A/A","C/A","A/A","C/A","A/A","C/C","C/C","C/A","C/C","C/C","C/C","C/C","C/A","(HOVITM_015730,A,missense_variant)",0.25,0.875,0.75,0.125,0.625
"215","scaffold_1337",205569,"ATTTTAGAAGATAATTCTGGG","missense_variant","MODERATE","HOVITM_016087","1202C>G","Ser401Cys","G","C","G/C","G/G","G/C","G/C","G/G","G/G","G/C","G/G","G/C","C/C","G/C","C/C","G/C","C/C","G/C","G/G","(HOVITM_016087,C,missense_variant)",0.875,0.25,0.125,0.75,0.625
"216","scaffold_13461",26980,"GTGAACTACTCGATGACGTTG","missense_variant","MODERATE","HOVITM_016431","644A>G","Glu215Gly","T","C","T/C","C/C","T/T","T/C","T/C","T/C","T/C","C/C","T/T","T/T","T/T","T/T","T/T","T/C","T/C","T/C","(HOVITM_016431,C,missense_variant)",0.375,1,0.625,0,0.625
"217","scaffold_1352",186657,"CATTATCTATTCTTAGATAAC","missense_variant","MODERATE","HOVITM_016702","184A>T","Ile62Leu","T","A","A/A","T/T","T/T","T/T","A/A","A/A","A/A","A/A","T/T","A/A","T/T","T/A","T/A","T/A","T/A","A/A","(HOVITM_016702,A,missense_variant)",0,0.625,1,0.375,0.625
"218","scaffold_1372",178211,"ACATTTTGAAGGAAGATTTAG","missense_variant","MODERATE","HOVITM_017548","5150A>T","Lys1717Met","A","T","A/T","A/A","A/T","A/T","A/A","A/A","A/A","A/A","T/T","A/A","T/T","A/T","A/A","A/A","T/T","A/A","(HOVITM_017548,T,missense_variant)",1,0.375,0,0.625,0.625
"219","scaffold_1386",193316,"GGACCTCACCGAGTACCAGCC","missense_variant","MODERATE","HOVITM_018100","112G>A","Gly38Ser","C","T","C/T","C/T","C/C","C/T","C/T","C/C","C/C","C/C","C/T","C/T","T/T","T/T","C/C","T/T","T/T","C/T","(HOVITM_018100,T,missense_variant)",0.875,0.25,0.125,0.75,0.625
"220","scaffold_1386",193346,"AGAGTACGAAGCCAACAAAGA","missense_variant","MODERATE","HOVITM_018100","82T>C","Phe28Leu","A","G","A/G","A/G","A/A","A/G","A/G","A/A","A/A","A/A","A/G","A/G","G/G","G/G","A/A","G/G","G/G","A/G","(HOVITM_018100,G,missense_variant)",0.875,0.25,0.125,0.75,0.625
"221","scaffold_14031",21061,"ACTTCAGAGAGAGGTAGTAAC","missense_variant","MODERATE","HOVITM_018891","18A>C","Arg6Ser","A","C",".","A/A","A/A","C|C","A/A","A/A","A/A","A/A","A|C","A|C","A|C","C|C","A/A","A|C","A/A","A/A","(HOVITM_018891,C,missense_variant)",1,0.375,0,0.625,0.625
"222","scaffold_14227",32121,"GCGGGGTAGTAGGAGGGTCTC","missense_variant","MODERATE","HOVITM_019686","521A>T","Tyr174Phe","T","A","T/T","T/T","T/T","T/T","T/T","T/T","T/T","T/T","T/A","T/T","A/A","A/A","T/T","T/T","T/T","T/T","(HOVITM_019686,A,missense_variant)",1,0.375,0,0.625,0.625
"223","scaffold_1404",106751,"AATCTCCTTCCAAAAGTTGAG","missense_variant","MODERATE","SIRT2_1","902C>A","Ser301Tyr","C","A","C/C","C|A","C/C","C|A","C/C","C/C","C/C","C/C","A/A","C|A","C/C","A/A","C/C","C|A","C/A","C/A","(SIRT2_1,A,missense_variant)",1,0.375,0,0.625,0.625
"224","scaffold_1410",105904,"CGTTCCACTCTGTAGACCTTT","missense_variant","MODERATE","HOVITM_019208","344G>A","Arg115Lys","C","T","C/T","C/C","T/T","C/T","C/T","T/T","T/T","C/T","C/C","C/T","C/C","C/C","C/C","C/T","C/C","C/C","(HOVITM_019208,T,missense_variant)",0.25,0.875,0.75,0.125,0.625
"225","scaffold_1425",209839,"CACGGAAGCCACCGCCACCGC","missense_variant","MODERATE","HOVITM_019773","430G>A","Gly144Ser","C","T","C/T","C/T","C/T","C/C","C/T","C/C","C/C","C/C","T/T","C/T","T/T","C/T","T/T","T/T","C/T","T/T","(HOVITM_019773,T,missense_variant)",0.875,0.25,0.125,0.75,0.625
"226","scaffold_14523",12991,"CATGCAGGAGCTTCGTGACAG","missense_variant","MODERATE","HOVITM_020805","408G>T","Glu136Asp","G","T","G/T","G/G","G/T","G/G","G/T","G/G","G/G","G/G","T/T","T/T","G/T","G/T","G/G","G/G","G|T","G/G","(HOVITM_020805,T,missense_variant)",0.875,0.25,0.125,0.75,0.625
"227","scaffold_14577",32699,"ACTATGCAAGAGCGACGATGA","missense_variant","MODERATE","HOVITM_020978","459G>C","Lys153Asn","G","C","G/C","G/C","G/C","C/C","G/C","G/C","G/G","G/G","C/C","G/C","C/C","C/C","G/G","G/C","G/C","C/C","(HOVITM_020978,C,missense_variant)",0.75,0.125,0.25,0.875,0.625
"228","scaffold_105",232316,"TCTTGGGTGGTCCCACTCTAG","missense_variant","MODERATE","HOVITM_003051","898C>A","Pro300Thr","G","T","G|T","G/G","G/G","G|T","G|T","T|T","T|T","T|T","G|T","G/G","G/G","G|T","G|T","T|T","T|T","G|T","(HOVITM_003051,T,missense_variant)",0.125,0.75,0.875,0.25,0.625
"229","scaffold_105",232342,"GGCTTAGTCTTTCCATTCTGC","missense_variant","MODERATE","HOVITM_003051","872A>G","Lys291Arg","T","C","T|C","T/T","T/T","T|C","T|C","C|C","C|C","C|C","T|C","T/T","T/T","T|C","T|C","C|C","C|C","T|C","(HOVITM_003051,C,missense_variant)",0.125,0.75,0.875,0.25,0.625
"230","scaffold_135",451388,"AGGCCCTCCGGTGGCAACCGA","missense_variant","MODERATE","HOVITM_016613","778G>A","Gly260Ser","G","A","A|A","G|A","G/G","G/G","A|A","G/G","A|A","A|A","G/G","G/G","G/G","G|A","G/G","G|A","G|A","A|A","(HOVITM_016613,A,missense_variant)",0.25,0.875,0.75,0.125,0.625
"231","scaffold_1480",160944,"GTTGAATGATCAGCTGATCAC","missense_variant","MODERATE","HOVITM_021827","1494T>A","Asp498Glu","T","A","T/T","T/T","T/T","T/T","T/T","T/T","T/T","T/T","A/A","T/T","T/A","A/A","T/T","T/T","T/T","T/T","(HOVITM_021827,A,missense_variant)",1,0.375,0,0.625,0.625
"232","scaffold_1530",44625,"CGCCGGAACTGGTGCCCAGAT","missense_variant","MODERATE","HOVITM_023746","869A>G","Gln290Arg","T","C","T/T","T/C","C/C","T/T","C/C","T|C","C/C","C/C","T/C","T/T","T/T","T/C","T/T","C/C","C/C","T/T","(HOVITM_023746,C,missense_variant)",0.125,0.75,0.875,0.25,0.625
"233","scaffold_1532",71795,"AGACACCCCCCTCTGGTGGCA","missense_variant","MODERATE","HOVITM_023823","380C>T","Pro127Leu","C","T","C/C","C/T","C/T","C/T","T/T","C/T","T/T","T/T","C/T","C/C","C/C","C/T","C/C","C/T","C/T","C/T","(HOVITM_023823,T,missense_variant)",0.125,0.75,0.875,0.25,0.625
"234","scaffold_1541",30622,"CTCTTAAGACCTCATGTCCAT","missense_variant","MODERATE","HOVITM_024189","61C>A","Pro21Thr","C","A","C/C","C/C","C/A","C/C","C/C","C/A","C/C","C/C","A/A","C/A","C/A","A/A","C/A","C/A","A/A","C/C","(HOVITM_024189,A,missense_variant)",0.875,0.25,0.125,0.75,0.625
"235","scaffold_15772",28265,"GCGTTTGCAATCAGAGTTTCC","missense_variant","MODERATE","HOVITM_025549","1235A>G","Asn412Ser","A","G","A/A","A/A","A|G","A/A","A|G","A|G","A|G","G|G","A/A","A/A","A/A","A/A","G|G","A/A","A/A","A/A","(HOVITM_025549,G,missense_variant)",0.375,1,0.625,0,0.625
"236","scaffold_1554",110996,"GGTTAAGGGCGGGACCCAGAG","missense_variant","MODERATE","HOVITM_024660","2431G>A","Ala811Thr","C","T","C/C","C/C","C/T","C/C","C/C","C/C","C/C","C/C","C/T","T/T","C/C","T/T","C/C","C/T","C/C","T/T","(HOVITM_024660,T,missense_variant)",1,0.375,0,0.625,0.625
"237","scaffold_1567",120092,"ATGTCTCACAGGAGGGGAACG","missense_variant","MODERATE","HOVITM_025196","1589A>T","Gln530Leu","A","T","A/T","A/T","A/A","A/A","T/T","A/T","A/A","T/T","A/A","A/A","A/A","A/A","A/A","A/A","A/A","A/A","(HOVITM_025196,T,missense_variant)",0.375,1,0.625,0,0.625
"238","scaffold_1574",95117,"AAATCATTCCTATCATACAGC","missense_variant","MODERATE","HOVITM_025451","791G>A","Arg264Lys","C","T","T/T","C/C","C/C","T/T","C|T","C/T","T/T","T/T","C/C","C|T","C/C","C/C","T/T","C/C","T/T","C/C","(HOVITM_025451,T,missense_variant)",0.25,0.875,0.75,0.125,0.625
"239","scaffold_16044",26490,"ATATGCTGGTAGTCGTGTTGG","missense_variant","MODERATE","HOVITM_026622","61A>C","Thr21Pro","T","G","T/T","G/G","T/T","T/T","G/G","G/G","T/G","G/G","T/T","T/T","G/G","T/T","T/G","T/T","G/G","T/T","(HOVITM_026622,G,missense_variant)",0.125,0.75,0.875,0.25,0.625
"240","scaffold_1663",175718,"GCTTCACTCGAGTGGCAGGAC","missense_variant","MODERATE","HOVITM_028737","37G>A","Glu13Lys","G","A","G/G","A/A","A/A","G/A","A/A","A/A","A/A","G/A","G/A","G/G","G/A","G/G","A|A","A/A","A/A","A/A","(HOVITM_028737,A,missense_variant)",0.125,0.75,0.875,0.25,0.625
"241","scaffold_1663",175748,"GTTCAGGATGCCCTGAGGATC","missense_variant","MODERATE","HOVITM_028737","67G>A","Ala23Thr","G","A","G/G","G/A","G/A","G/G","G/A","G/A","A/A","G/A","G/G","G/G","G/G","G/G","G/G","A/A","G/G","G/A","(HOVITM_028737,A,missense_variant)",0.375,1,0.625,0,0.625
"242","scaffold_1663",175901,"GACAAAGGGCTCGATCTGAGC","missense_variant","MODERATE","HOVITM_028737","220C>T","Leu74Phe","C","T","C/C","T|T","T|T","C|T","T|T","T|T","T/T","T|T","C|T","C/C","C|T","C|T","T|T","T|T","T|T","T|T","(HOVITM_028737,T,missense_variant)",0,0.625,1,0.375,0.625
"243","scaffold_1682",26825,"GTCCATACCACACACAATGTC","missense_variant","MODERATE","GUF1","101A>C","His34Pro","A","C",".","C|C","A/A","C|C","C|C","A|C","A|C","C|C","A/A","A|C","A/A","A|A","A|C","C|C","A|C","C|C","(GUF1,C,missense_variant)",0.25,0.875,0.75,0.125,0.625
"244","scaffold_1778",136108,"TCGGGCATTTGCTGTTTCCTT","missense_variant","MODERATE","HOVITM_032782","544A>C","Lys182Gln","T","G",".","T/T",".","T|G","G|G","T|G","G|G","G|G","T/T","T/T","G/G","T/T","G|G","T|G","T|G",".","(HOVITM_032782,G,missense_variant)",0.125,0.75,0.875,0.25,0.625
"245","scaffold_1824",147280,"AATCAACCCTCCTGTCGACTG","missense_variant","MODERATE","HOVITM_034177","112T>G","Ser38Ala","T","G",".","T/T",".","T|G","G|G","T|G","T|G","T|G","T/T","T/T","T/T","T/T","T/T","T/T","T/T","T/T","(HOVITM_034177,G,missense_variant)",0.375,1,0.625,0,0.625
"246","scaffold_1842",144507,"TATACAATTTCTTCTTTCTCC","missense_variant","MODERATE","HOVITM_034735","359A>G","Glu120Gly","T","C","T/T","T/T","T/T","T/C","T/C","C/C","T/C","T/C","T/T","T/T","T/T","T/T","T/T","T/T","T/T","T/T","(HOVITM_034735,C,missense_variant)",0.375,1,0.625,0,0.625
"247","scaffold_18710",12624,"TGGAGAGAGGCTCTCAACATA","missense_variant","MODERATE","HOVITM_035752","401G>A","Gly134Asp","G","A","G/G","G/G","G/G","G/G","G/G","G/G","G/G","G/G","G/A","A/A","A/A","G/G","G/G","G/G","G/G","G/A","(HOVITM_035752,A,missense_variant)",1,0.375,0,0.625,0.625
"248","scaffold_1878",80703,"GAATTCGGTGTCCCTATTCTC","missense_variant","MODERATE","HOVITM_035964","603C>A","Asp201Glu","G","T","T/T","T/T","T/T","T/T","G/T","G/G","G/T","G/G","T/T","T/T","G/T","T/T","G/T","T/T","G/T","G/T","(HOVITM_035964,T,missense_variant)",0.75,0.125,0.25,0.875,0.625
"249","scaffold_157",19558,"GGGCTCGTGCTGCTTGGAAGC","missense_variant","MODERATE","HOVITM_025283","889G>T","Ala297Ser","C","A","C/C","C/A","C/A","C/C","C/C","C/C","C/C","C/C","A/A","A/A","C/A","C/C","C/C","C/C","C/A","C/C","(HOVITM_025283,A,missense_variant)",1,0.375,0,0.625,0.625
"250","scaffold_162",232514,"GTAATTCCAGAGTATCCTTCG","missense_variant","MODERATE","HOVITM_027209","1168C>A","Leu390Met","G","T","G/T","G/T","G/G","G/T","T/T","G/T","G/T","G/T","G/G","G/G","G/G","G/G","G/G","G/G","G/G","G/G","(HOVITM_027209,T,missense_variant)",0.375,1,0.625,0,0.625
"251","scaffold_162",234202,"CTATCACTGAACTCTCACTCA","missense_variant","MODERATE","HOVITM_027209","1015T>G","Ser339Ala","A","C","A/C","A/C","A/A","A/C","C/C","A/C","A/C","A/C","A/A","A/A","A/A","A/A","A/A","A/C","A/A","A/A","(HOVITM_027209,C,missense_variant)",0.375,1,0.625,0,0.625
"252","scaffold_162",237883,"TCAGAGCTGATGACAGGCTTG","missense_variant","MODERATE","HOVITM_027209","644T>C","Ile215Thr","A","G","A|G","A|G","A/A","A|G","G|G","A|G","A|G","A|G","A/A","A/A","A/A","A/A","A/A","A|G","A/A","A/A","(HOVITM_027209,G,missense_variant)",0.375,1,0.625,0,0.625
"253","scaffold_162",237895,"ACAGGCTTGGGGTGAGCTGTA","missense_variant","MODERATE","HOVITM_027209","632C>T","Pro211Leu","G","A","G|A","G|A","G/G","G|A","A|A","G|A","G|A","G|A","G/G","G/G","G/G","G/G","G/G","G|A","G/G","G/G","(HOVITM_027209,A,missense_variant)",0.375,1,0.625,0,0.625
"254","scaffold_162",250833,"CAATTTTTTCGTCTTTTAATT","missense_variant","MODERATE","HOVITM_027210","187G>A","Glu63Lys","C","T",".","C/T","C/C","C/T","T/T","C/T","C/T","C/T","C/C","C/C","C/C","C/C","C/C","C/T","C/C","C/C","(HOVITM_027210,T,missense_variant)",0.375,1,0.625,0,0.625
"255","scaffold_162",311103,"CTTGGATTAGCAGTAACAGTT","missense_variant","MODERATE","HOVITM_027213","818C>T","Ala273Val","G","A","A/A","G/A","G/A","G/A","A/A","G/A","G/A","G/A","G/G","G/G","G/G","G/G","G/G","G/G","G/G","G/G","(HOVITM_027213,A,missense_variant)",0.375,1,0.625,0,0.625
"256","scaffold_185",189838,"CCCATTCCATCATCTTTACCT","missense_variant","MODERATE","HOVITM_034940","1501T>C","Ser501Pro","T","C","T/T","T/T","T|C","T/T","T/T","T/T","T/T","T|C","C|C","C|C","C|C","T/T","T|C","T/T","T|C","T|C","(HOVITM_034940,C,missense_variant)",0.875,0.25,0.125,0.75,0.625
"257","scaffold_185",189841,"ATTCCATCATCTTTACCTTCA","missense_variant","MODERATE","HOVITM_034940","1504T>C","Ser502Pro","T","C","T/T","T/T","T|C","T/T","T/T","T/T","T/T","T|C","C|C","C|C","C|C","T/T","T|C","T/T","T|C","T|C","(HOVITM_034940,C,missense_variant)",0.875,0.25,0.125,0.75,0.625
"258","scaffold_185",190270,"TGCCCAAATGCCACCAACAAT","missense_variant","MODERATE","HOVITM_034940","1933G>A","Ala645Thr","G","A","G/G","G/G","G/A","G/G","G/G","G/G","G/G","G/A","A/A","A/A","A/A","G/G","G/A","G/G","G/A","G/A","(HOVITM_034940,A,missense_variant)",0.875,0.25,0.125,0.75,0.625
"259","scaffold_185",190880,"GACCAGCAGGCTCCAGCTCTG","missense_variant","MODERATE","HOVITM_034940","2287G>A","Ala763Thr","G","A","G/G","G/G","G/A","G/G","G/G","G/G","G/G","G/A","A/A","A/A","A/A","G/G","G/A","G/G","G/A","G|A","(HOVITM_034940,A,missense_variant)",0.875,0.25,0.125,0.75,0.625
"260","scaffold_1982",30708,"CCCCAAAAAATCCACATAGAC","missense_variant","MODERATE","HOVITM_039098","4537A>T","Ile1513Phe","A","T","A/T","A/A","A/A","A/A","A/A","A/A","A/A","A/A","A/T","A/T","A/T","T/T","A/A","A/A","A/A","T/T","(HOVITM_039098,T,missense_variant)",1,0.375,0,0.625,0.625
"261","scaffold_1996",10179,"ATGCCAACTACCGCACTGTGT","missense_variant","MODERATE","HOVITM_039546","41A>T","Tyr14Phe","A","T","A/A","A/A","A/A","A/A","T/T","A/T","A/T","A/T","A/A","A/A","A/A","A/A","A/A","A/T","A/A","A/A","(HOVITM_039546,T,missense_variant)",0.375,1,0.625,0,0.625
"262","scaffold_20401",7214,"GCTTCTTGACATCCTTGGGGT","missense_variant","MODERATE","HOVITM_040907","367G>A","Val123Ile","C","T","C/C","C/C","C/C","C/C","T|T","C|T","C/C","T|T","C/C","C/C","C/C","C/C","C/C","C/C","C/C","C/C","(HOVITM_040907,T,missense_variant)",0.375,1,0.625,0,0.625
"263","scaffold_2012",155631,"GGGGAAGAACCCCGTGATCAG","missense_variant","MODERATE","HOVITM_040122","42C>A","Asn14Lys","C","A","C/C","C/C","C/C","C/C","C/A","C/A","A/A","A/A","C/C","C/A","C/C","C/C","C/C","C/C","C/C","C/C","(HOVITM_040122,A,missense_variant)",0.25,0.875,0.75,0.125,0.625
"264","scaffold_2037",131503,"GTCCGCCAGTATTAGCAATTA","missense_variant","MODERATE","HOVITM_040817","1236T>G","Ser412Arg","T","G","T/T","T/T",".","T/T","T/T","T/T","T/T","T/T","T/G","G/G","G/G","T/T","T/T","T/T","G/G","T/T","(HOVITM_040817,G,missense_variant)",1,0.375,0,0.625,0.625
"265","scaffold_20653",8077,"ATAACCATTATCGAAGACGGT","missense_variant","MODERATE","HOVITM_041582","2020A>G","Ile674Val","A","G","G/G","G/G","A/A","G/G","A/A","G/G","A/A","A/A","G/G","G/G","G/G","A/G","A/G","G/G","A/G","A/G","(HOVITM_041582,G,missense_variant)",0.75,0.125,0.25,0.875,0.625
"266","scaffold_2057",91070,"GCCTGGGAACGTTCGATCGAG","missense_variant","MODERATE","HOVITM_041322","406G>A","Val136Ile","C","T","C/C","C/C","C/T","C/C","C/T","C/T","C/T","T/T","C/C","C/C","C/C","C/C","C/C","C/T","C/T","C/C","(HOVITM_041322,T,missense_variant)",0.375,1,0.625,0,0.625
"267","scaffold_21082",11616,"GGGGTGTGGCAGCACGGGGCA","missense_variant","MODERATE","HOVITM_042726","964G>C","Ala322Pro","C","G","C/C","C/C","C/G","C/G","G/G","G/G","C/C","G/G","C/C","C/G","C/C","C/C","C/G","C/G","C/G","C/G","(HOVITM_042726,G,missense_variant)",0.25,0.875,0.75,0.125,0.625
"268","scaffold_2115",84592,"ATCAAGTGTAGAGGAAAGGCG","missense_variant","MODERATE","HOVITM_042910","809T>C","Leu270Pro","A","G","A/G","A/G","G/G","A/A","G/G","A/G","G/G","G/G","A/G","A/G","A/A","A/A","G/G","A/A","G/G","G/G","(HOVITM_042910,G,missense_variant)",0.125,0.75,0.875,0.25,0.625
"269","scaffold_2208",140395,"CAACTAATTCATTTTCCCCTT","missense_variant","MODERATE","HOVITM_045229","1614G>T","Met538Ile","C","A","C/A","A/A","A/A","A/A","C/C","C/C","C/A","C/A","C/A","A/A","A/A","A/A","A/A","A/A","C/A","C/A","(HOVITM_045229,A,missense_variant)",0.75,0.125,0.25,0.875,0.625
"270","scaffold_2228",114121,"GATTGTGTTCGTTGCTGTAGT","missense_variant","MODERATE","HOVITM_045777","200G>A","Arg67Gln","C","T","C/C","C|T","C/C","C/T","C/C","C/C","C/C","C/C","C/C","T|T","C|T","T|T","C|T","C/C","C/C","C/C","(HOVITM_045777,T,missense_variant)",1,0.375,0,0.625,0.625
"271","scaffold_2263",73322,"AAGTTGCATCTACAGAAAATG","missense_variant","MODERATE","HOVITM_046628","1553C>G","Ser518Cys","C","G","C/C","C/G","C/C","C/C","C/C","C/C","C/G","C/C","C/G","C/G","G/G","G/G","C/G","C/C","C/G","C/G","(HOVITM_046628,G,missense_variant)",0.875,0.25,0.125,0.75,0.625
"272","scaffold_2280",95757,"GAACTATTCTGTATGAACTGC","missense_variant","MODERATE","HOVITM_047033","740A>G","Gln247Arg","T","C","T|C","T/T","T/T","T/T","T|C","C|C","T/T","C|C","T/T","T/T","T/T","T/T","T|C","T|C","T|C","T/T","(HOVITM_047033,C,missense_variant)",0.375,1,0.625,0,0.625
"273","scaffold_2280",103951,"TTTTTTACATTTAATGGTAGA","missense_variant","MODERATE","HOVITM_047033","260A>C","Asn87Thr","T","G","T/T","T/T","T/T","T/T","T/G","T/T","G/G","G/G","T/T","T/T","T/T","T/T","T/T","T/T","T/T","T/T","(HOVITM_047033,G,missense_variant)",0.375,1,0.625,0,0.625
"274","scaffold_201",471777,"CCAATGATGCTCTCCTGGCTG","missense_variant","MODERATE","HOVITM_040071","947G>C","Ser316Thr","C","G","G/G","C/C","C/G","C/G","G/G","G/G","G/G","C/G","C/G","C/C","C/C","C/G","C/G","C/C","C/G","C/C","(HOVITM_040071,G,missense_variant)",0.125,0.75,0.875,0.25,0.625
"275","scaffold_2463",143189,"CTTCCTCAGACCAGAGTTTAG","missense_variant","MODERATE","HOVITM_050954","2695T>A","Ser899Thr","A","T","A/A","A/A","A/T","A/T","A/T","T/T","T/T","A/T","A/A","A/A","A/T","A/A","A/A","T/T","T/T","A/A","(HOVITM_050954,T,missense_variant)",0.25,0.875,0.75,0.125,0.625
"276","scaffold_2530",162077,"GCTAGTACTGGAGATCCAAAC","stop_gained","HIGH","HOVITM_052401","1669G>T","Gly557*","G","T","G|G","G|T","G/G","G/G","G/G","G|T","T/T","T/T","G/G","G/G","G/G","G/G","G|T","G/G","G/G","G/G","(HOVITM_052401,T,stop_gained)",0.375,1,0.625,0,0.625
"277","scaffold_2552",134337,"GTTGTACTGACTCTGGGATAA","missense_variant","MODERATE","HOVITM_052785","541T>C","Ser181Pro","A","G","A|G","A/A","A/A","A/A","A/G","G/G","G/G","A/G","A/A","A/A","A/G","A/A","A/A","A|G","A/G","A/G","(HOVITM_052785,G,missense_variant)",0.25,0.875,0.75,0.125,0.625
"278","scaffold_2552",134443,"GCGTACTCTGTCGGATAATCG","missense_variant","MODERATE","HOVITM_052785","435C>A","Asp145Glu","G","T","G|T","G/G","G/G","G/G","G/T","T|T","T|T","G|T","G/G","G/G","G|T","G/G","G/G","G|T","G|T","G|T","(HOVITM_052785,T,missense_variant)",0.25,0.875,0.75,0.125,0.625
"279","scaffold_2552",134691,"GGAACGAACCGAGTATGAACG","missense_variant","MODERATE","HOVITM_052785","263G>T","Arg88Leu","C","A","C/A","A|A","A/A","A/A","C/A","C/C","C/C","C/A","A/A","A|A","C/A","A/A","A/A","C/A","C/A","C|A","(HOVITM_052785,A,missense_variant)",0.75,0.125,0.25,0.875,0.625
"280","scaffold_2568",38652,"GAATCAGCTGCATTCTTGCTG","missense_variant","MODERATE","HOVITM_053059","53C>T","Ala18Val","G","A","G/G","G/A","G/G","G/A","G/G","G/G","G|A","G/A","A/A","G/A","A/A","A/A","G/A","G/A","A/A","A/A","(HOVITM_053059,A,missense_variant)",0.75,0.125,0.25,0.875,0.625
"281","scaffold_2568",116939,"TCAAGTTCTTCTATGGATGCC","missense_variant","MODERATE","HOVITM_053066","260A>C","Glu87Ala","T","G","T/G","G/G","G/G","T/T","T/G","T/T","T/T","T/T","G/G","G/G","T/G","T/G","T/G","G/G","T/G","T/G","(HOVITM_053066,G,missense_variant)",0.875,0.25,0.125,0.75,0.625
"282","scaffold_2575",18791,"TGACATCACGGGCTTTGTCGG","missense_variant","MODERATE","HOVITM_053217","251G>A","Arg84Gln","G","A","G/G","G/G","G/A","G/G","G/G","G/G","G/G","G/G","A/A","G/A","A/A","G/G","G/G","G/A","G/G","G/A","(HOVITM_053217,A,missense_variant)",1,0.375,0,0.625,0.625
"283","scaffold_2629",4220,"GAGGAAACAGGTTTGGCCTCT","missense_variant","MODERATE","HOVITM_054210","1181C>G","Pro394Arg","G","C","G/G","C|C","G|C","G|C","G/G","G|C","G|C","G/G","G|C","C|C","C|C","C|C","C|C","C|C","G/G","G|C","(HOVITM_054210,C,missense_variant)",0.75,0.125,0.25,0.875,0.625
"284","scaffold_2636",19215,"TACAAGACTTTTAACTCCACT","missense_variant","MODERATE","HOVITM_054371","316T>C","Phe106Leu","T","C","T/C","T/T","T/T","T/T","T/C","T/C","C/C","T/C","T/T","T/T","T/T","T/T","T/T","T/T","T/T","T/T","(HOVITM_054371,C,missense_variant)",0.375,1,0.625,0,0.625
"285","scaffold_2741",28260,"TACAAGGTTCATGGGGGCAAA","missense_variant","MODERATE","HOVITM_056245","88C>G","His30Asp","C","G","C/G","C/G","C/G","C/G","C/G","C/G","G/G","G/G","C/C","C/G","C/C","C/C","G/G","C/C","C/G","C/G","(HOVITM_056245,G,missense_variant)",0.25,0.875,0.75,0.125,0.625
"286","scaffold_2748",64862,"CAAGAGACTGATTCTGGGCTT","missense_variant","MODERATE","HOVITM_056372","541C>G","Gln181Glu","G","C","G/G","G/G","G|G","G/C","G/G","G|C","G/G","G/G","C|C","C|C","G/G","C|C","C|C","G/C","G/G","C|C","(HOVITM_056372,C,missense_variant)",0.875,0.25,0.125,0.75,0.625
"287","scaffold_2759",46106,"CACAAATAATGCTTTCTTATA","missense_variant","MODERATE","HOVITM_056563","1214A>T","His405Leu","T","A",".",".","T/T",".","T/T","T/A","A/A","A/A","T/T","T/T","T/T","T/T","T/T","T/T","T/T",".","(HOVITM_056563,A,missense_variant)",0.375,1,0.625,0,0.625
"288","scaffold_2759",46143,"GATCTCTTAGATGTTTTAAAA","missense_variant","MODERATE","HOVITM_056563","1177C>G","Leu393Val","G","C",".",".","G/G","G/G","G/G","G/C","C/C","C/C","G/G","G/G","G/G","G/G","G/G","G/G","G/G",".","(HOVITM_056563,C,missense_variant)",0.375,1,0.625,0,0.625
"289","scaffold_2778",122780,"TCACGTGCGCGTCTGCCGGGT","missense_variant","MODERATE","HOVITM_056886","1510G>A","Ala504Thr","C","T","C/T","T|T","C/C","C|T","T|T","C/C","C|T","T|T","C/C","C/C","C/C","C/C","C|T","C/C","C|T","C/C","(HOVITM_056886,T,missense_variant)",0.375,1,0.625,0,0.625
"290","scaffold_2791",77152,"ACTATGGTTGTCTGTGGAATC","missense_variant","MODERATE","HOVITM_057107","148G>A","Val50Ile","G","A","G/G",".","A/A","G/A","A/A","G/G","A/A","G/A","G/G","G/G","G/G","G/G","G/A","G/G","G/A","A/A","(HOVITM_057107,A,missense_variant)",0.375,1,0.625,0,0.625
"291","scaffold_2820",76332,"GATTTATCCAATACTCTCTCA","missense_variant","MODERATE","HOVITM_057605","1429A>G","Asn477Asp","A","G","G/G","A/A","A/G","A/G","A/G","G/G","A/G","A/G","A/A","A/A","A/A","A/A","A/A","A/A","A/A","A/G","(HOVITM_057605,G,missense_variant)",0.375,1,0.625,0,0.625
"292","scaffold_28943",1248,"GAGTGGACAACTGCTTCTTGG","missense_variant","MODERATE","HOVITM_058725","898T>G","Leu300Val","A","C","A/A","A/A","A/A","A/A","A/C","A/C","C/C","A/C","A/A","A/A","A/A","A/A","A/A","A/A","A/C","A/C","(HOVITM_058725,C,missense_variant)",0.375,1,0.625,0,0.625
"293","scaffold_2874",42750,"AGCATCATAGAGCAGTGGCCG","missense_variant","MODERATE","HOVITM_058436","631G>C","Glu211Gln","G","C","G/G","G/G","G/G","G/C","G/G","C/C","G/C","G/G","C/C","C/C","C/C","C/C","G/G","G/G","G/C","G/G","(HOVITM_058436,C,missense_variant)",0.625,0,0.375,1,0.625
"294","scaffold_2881",118226,"TCTTTGTTGCCCGCTTCTGCC","missense_variant","MODERATE","HOVITM_058561","509G>A","Gly170Asp","C","T","C/T","T/T","C/C","C/C","T/T","C/T","C/T","C/T","C/C","C/C","C/C","C/C","C/T","C/T","C/C","C/C","(HOVITM_058561,T,missense_variant)",0.375,1,0.625,0,0.625
"295","scaffold_2933",90392,"AAACTGCCTAATGAACGAGAA","missense_variant","MODERATE","HOVITM_059382","1768A>C","Asn590His","A","C","A/C","A/C","A/C","A/C","A/A","A/C","A/A","C/C","C/C","C/C","C/C","C/C","A/A","C/C","C/C","A/C","(HOVITM_059382,C,missense_variant)",0.625,0,0.375,1,0.625
"296","scaffold_29612",3110,"GGCGGTCACGGCTGTCTCTGT","missense_variant","MODERATE","HOVITM_059854","268C>T","Arg90Cys","G","A","G/A","G/G","G/G","G/G","A/A","G/A","A/A","A/A","A/A","G/G","G/G","G/G","A/A","G/A","G/A","A/A","(HOVITM_059854,A,missense_variant)",0.125,0.75,0.875,0.25,0.625
"297","scaffold_282",176608,"TCTACCAGTTAAATGACTAGT","stop_lost&splice_region_variant","HIGH","HOVITM_057590","1363T>G","Ter455Gluext*?","T","G","T/T","T/T","G/G","G/G","G/G","G/G","G/G","G/G","T/T","T/G","G/G","T/T","T|G","G/G","T/G","G|G","(HOVITM_057590,G,stop_lost&splice_region_variant)",0,0.625,1,0.375,0.625
"298","scaffold_288",70359,"TCTCAGCTGCCGAAGGATTAA","missense_variant","MODERATE","HOVITM_058522","749C>T","Ala250Val","C","T","C/C","C/C","C/T","C/C","C/C","C/C","C/C","C/C","C|T","C/T","C/T","T|T","C/C","C/C","C|T","C/C","(HOVITM_058522,T,missense_variant)",1,0.375,0,0.625,0.625
"299","scaffold_295",126567,"GAAGAGGGGTTCCAATTGCTG","missense_variant","MODERATE","HOVITM_059659","2237T>C","Val746Ala","T","C","T/T","T/C","T/C","T/C","T/C","T/C","T/T","T/C","C/C","C/C","C/C","C/C","C/C","C/C","C/C","C/C","(HOVITM_059659,C,missense_variant)",0.625,0,0.375,1,0.625
"300","scaffold_295",220202,"CCAGAGACCGCTGTGATTGAA","missense_variant","MODERATE","HOVITM_059666","2050G>A","Ala684Thr","G","A","G/G","G/G","G/G","G/G","G/G","G/G","G/G","G/G","A/A","G/A","G/G","A/A","A/A","G/G",".","G/G","(HOVITM_059666,A,missense_variant)",1,0.375,0,0.625,0.625
"301","scaffold_299",116127,"TCCAGGACGCTCACAAGTGGT","missense_variant","MODERATE","HOVITM_060272","374G>A","Ser125Asn","C","T","C/C","C/C","C/C","C/T","T/T","C/C","C/T","T/T","C/C","C/C","C/C","C/C","C/C","C/T","C/C",".","(HOVITM_060272,T,missense_variant)",0.375,1,0.625,0,0.625
"302","scaffold_299",309342,"TCCCCACAACTAACAGACACA","missense_variant","MODERATE","HOVITM_060281","895G>A","Val299Ile","C","T","C/C","C/C","C/C",".","C/T","C/C","T/T","T/T","C/C","C/C","C/C","C/C","C/C",".","C/C","C/C","(HOVITM_060281,T,missense_variant)",0.375,1,0.625,0,0.625
"303","scaffold_3048",6607,"CTTGGCGTAGTCTGTCGCTCG","missense_variant","MODERATE","HOVITM_061533","306C>G","Asp102Glu","G","C","G/G","C/C","G/G","G/G","G/C","G/C","G/C","C/C","G/G","G/G","G/G","G/G","G/C","G/G","G/G","G/G","(HOVITM_061533,C,missense_variant)",0.375,1,0.625,0,0.625
"304","scaffold_3121",129385,"GAACGTCGAACGTGGTTGTGG","missense_variant","MODERATE","HOVITM_062643","434A>C","Asn145Thr","A","C","A/C","A|C","A|C","A/A","A/A","C/C","A/C","C/C","A/A","A/A","A/A","A/A","A/C","A/A","A/A","A/C","(HOVITM_062643,C,missense_variant)",0.375,1,0.625,0,0.625
"305","scaffold_3163",117388,"GTTGTTAGTGCCGATAAAATG","missense_variant","MODERATE","HOVITM_063205","2011G>A","Ala671Thr","G","A","G/G","G/G",".","G/G","G/G","G/G","G/G","G/G","G/G","G|A","A|A","A|A","G/G","G/G","G/G","A|A","(HOVITM_063205,A,missense_variant)",1,0.375,0,0.625,0.625
"306","scaffold_3163",117399,"CGATAAAATGCATGAAGATGG","missense_variant","MODERATE","HOVITM_063205","2022G>A","Met674Ile","G","A","G/G","G/G",".","G/G","G/G","G/G","G/G","G/G","G/G","G|A","A|A","A|A","G/G","G/G","G/G","A|A","(HOVITM_063205,A,missense_variant)",1,0.375,0,0.625,0.625
"307","scaffold_3221",34197,"GAGAATAGAACGTGGGAGGGG","missense_variant","MODERATE","HOVITM_064019","340T>C","Phe114Leu","A","G","A/A","A/A","A/G","A/G","A/A","A/A","A/A","A/A","G/G","A/G","G/G","A/A","A/A","A/A","A/A","A/A","(HOVITM_064019,G,missense_variant)",1,0.375,0,0.625,0.625
"308","scaffold_3243",94570,"CATATCTTTCTTCTCTTCAGC","missense_variant","MODERATE","HOVITM_064328","93G>T","Lys31Asn","C","A",".","C/C","C/A","C/C","C/A","A/A","A/A","C/A","C/C","C/A","C/C","C/C","C/C","C/C","C/C","C/C","(HOVITM_064328,A,missense_variant)",0.25,0.875,0.75,0.125,0.625
"309","scaffold_3243",98163,"TTCCTTTTGAACGCCTTTTTG","missense_variant","MODERATE","HOVITM_064330","538T>A","Ser180Thr","A","T","A/T","A/T","A/T","T/T","T/T","T/T","T/T","A/T","A/A","A/T","A/A","A/T","A/A","A/A","A/A","A/A","(HOVITM_064330,T,missense_variant)",0.125,0.75,0.875,0.25,0.625
"310","scaffold_3243",102713,"TCGTAGGAGACCTACGGGTGC","missense_variant","MODERATE","HOVITM_064332","351A>C","Arg117Ser","A","C",".","A/A","A|C","A/A","A/C","C|C","C/C","A|C","A/A","A|C","A/A","A/A","A/A","A/A","A/A","A/A","(HOVITM_064332,C,missense_variant)",0.25,0.875,0.75,0.125,0.625
"311","scaffold_3267",61925,"CCTTCTCCTTCACATAACATC","missense_variant","MODERATE","HOVITM_064683","1960T>C","Ser654Pro","T","C","T/T","T/T","T/T",".","T/T","T/T","T/T","T/T","C/C","C/C","T/C","T/T","T/T","T/T","T/C","T/T","(HOVITM_064683,C,missense_variant)",1,0.375,0,0.625,0.625
"312","scaffold_3267",63354,"CGTTGAATTCCGTTGAAAATT","missense_variant","MODERATE","HOVITM_064683","3389C>T","Ser1130Phe","C","T","C/C","C/C","C/C","C/C","C/C","C/C","C/C","C/C","T|T","T|T","C|T","C/C","C/C","C/C","C|T","C/C","(HOVITM_064683,T,missense_variant)",1,0.375,0,0.625,0.625
"313","scaffold_3267",64071,"GTAAACCGATACATGatcaaa","missense_variant","MODERATE","HOVITM_064683","4106T>G","Ile1369Arg","T","G","T/T","T/T","T/T","T/T","T/T","T/T","T/T","T/T","G/G","G/G","T/G","T/T","T/T","T/T","T/G","T/T","(HOVITM_064683,G,missense_variant)",1,0.375,0,0.625,0.625
"314","scaffold_3267",64402,"ATACGAACAAAGTGAGGACTC","missense_variant","MODERATE","HOVITM_064683","4437A>C","Gln1479His","A","C","A/A","A/A","A/A","A/A","A/A","A/A","A/A","A/A","C/C","C/C","A/C","A/A","A/A","A/A","A/C","A/A","(HOVITM_064683,C,missense_variant)",1,0.375,0,0.625,0.625
"315","scaffold_3267",64584,"AATCATACGTACCGTCTCCat","missense_variant","MODERATE","HOVITM_064683","4619T>C","Val1540Ala","T","C","T/T","T/T","T/T","T/T","T/T","T/T","T/T","T/T","C/C","C/C","T/C","T/T","T/T","T/T","T/C","T/T","(HOVITM_064683,C,missense_variant)",1,0.375,0,0.625,0.625
"316","scaffold_3267",66068,"CAGAATGATGATCTTGAACAG","missense_variant","MODERATE","HOVITM_064683","6103G>A","Asp2035Asn","G","A","G/G","G/G","G/G","G/G","G/G","G/G","G/G","G/G","A/A","A/A","G/A","G/G","G/G","G/G","G/A","G/G","(HOVITM_064683,A,missense_variant)",1,0.375,0,0.625,0.625
"317","scaffold_3267",66192,"CACCATGTCCACAAAGAAGCT","missense_variant","MODERATE","HOVITM_064683","6227C>T","Pro2076Leu","C","T","C/C","C/C","C/C","C/C","C/C","C/C","C/C","C/C","T/T","T/T","C/T","C/C","C/C","C/C","C/T","C/C","(HOVITM_064683,T,missense_variant)",1,0.375,0,0.625,0.625
"318","scaffold_3270",100230,"TGCGGTGGATAAATTTCCTTT","missense_variant","MODERATE","HOVITM_064745","927A>C","Leu309Phe","T","G","T/G","T/G","T/G","T/T","G/G","G/G","G/G","G/G","T/T","T/T","T/G","G/G","T/T","T/T","T/G","T/T","(HOVITM_064745,G,missense_variant)",0,0.625,1,0.375,0.625
"319","scaffold_3270",100306,"TCAGGTTTACTTTTATTGTAA","missense_variant","MODERATE","HOVITM_064745","851G>A","Ser284Asn","C","T","C|T","C|T","C|T","C/C","T|T","T|T","T|T","T|T","C/C","C/C","C|T","T|T","C/C","C/C","C|T","C/C","(HOVITM_064745,T,missense_variant)",0,0.625,1,0.375,0.625
"320","scaffold_3331",8852,"ATATAGATGAATCTTCAAAAG","missense_variant","MODERATE","HOVITM_065621","1190A>C","Glu397Ala","A","C","A/C","C/C","C/C","C/C","A/C","A/A","A/A","A/A","C/C","A/C","A/C","C/C","A/A","A/C","A|C","C|C","(HOVITM_065621,C,missense_variant)",0.875,0.25,0.125,0.75,0.625
"321","scaffold_3359",120860,"AGCTGGATACACACCAACCAC","missense_variant","MODERATE","HOVITM_065908","356C>G","Thr119Arg","C","G","C/C","C/C","C/C","C/C","G/G","C/G","G/G","C/C","C/C","C/C","C/C","C/C","C/C","C/G","C/C","C/C","(HOVITM_065908,G,missense_variant)",0.375,1,0.625,0,0.625
"322","scaffold_331",231257,"AGATACCATGACACCTCTGCG","missense_variant","MODERATE","HOVITM_065319","502G>A","Asp168Asn","G","A",".","A/A",".","G/A","A/A","G/A","A/A","A/A","G/G","A/A","G/G","G/G","G/A",".","G/G","G/A","(HOVITM_065319,A,missense_variant)",0.125,0.75,0.875,0.25,0.625
"323","scaffold_331",231306,"GGAATAAATACTTGAAAAGAA","missense_variant","MODERATE","HOVITM_065319","551A>C","Tyr184Ser","A","C",".","C/C","A/A","A/C","C/C","A/C","C/C","C/C","A/A","C/C","A/A","A/A","A/A","A/A","A/A","A/C","(HOVITM_065319,C,missense_variant)",0.125,0.75,0.875,0.25,0.625
"324","scaffold_346",109646,"AGTACGCTGTGAGCCTGTACT","missense_variant","MODERATE","HOVITM_067264","244A>T","Thr82Ser","T","A","T/A","T/T","T/A","T/A","A/A","A/A","T/A","A/A","T/A","T/T","T/A","T/T","T/A","T/T","T/A","T/A","(HOVITM_067264,A,missense_variant)",0.125,0.75,0.875,0.25,0.625
"325","scaffold_3488",17337,"CAAGGGTGAGTAGCCTCCCCC","missense_variant","MODERATE","HOVITM_067548","1331C>T","Thr444Ile","G","A","G/G","G/G","G/G","G/G","G/G","G/G","G/G","G/G","G/A","G/G","A/A","A/A","G/G","G/G","G/G","G/G","(HOVITM_067548,A,missense_variant)",1,0.375,0,0.625,0.625
"326","scaffold_3488",78199,"TTTTCGGACTAATCAGCTACC","stop_lost&splice_region_variant","HIGH","HOVITM_067558","331T>C","Ter111Glnext*?","T","C","T/T","T|C","T/T","T/T","T/T","T/T","T/T","T/T","T/C","T/T","C|C","C|C","T/T","T/T","T/T","T/T","(HOVITM_067558,C,stop_lost&splice_region_variant)",1,0.375,0,0.625,0.625
"327","scaffold_3574",57487,"TCTGCTTTACAAAAGGTGGGA","missense_variant","MODERATE","HOVITM_068535","2215G>A","Val739Ile","C","T","C/C","T/T","T/T","C/C","C/C","C/C","C/C","C/C","T/T","C/T","C/T","C/T","C/C","C/C","C/C","C/C","(HOVITM_068535,T,missense_variant)",1,0.375,0,0.625,0.625
"328","scaffold_3574",96394,"GGACTTAACCTTCAGCCCTCT","missense_variant","MODERATE","HOVITM_068537","85C>T","Leu29Phe","C","T","C/C","C|T","C|T","C/C","C/C","C/C","C/C","C|T","T|T","T|T","C/C","T|T","C/C","C|T","C/C","C/C","(HOVITM_068537,T,missense_variant)",0.875,0.25,0.125,0.75,0.625
"329","scaffold_3604",56595,"AGAGACGACCCAGAAGCGTTT","missense_variant","MODERATE","HOVITM_068989","1688C>A","Pro563His","C","A","C/C","C/A","C/C","C/C","C/C","C/C","C/C","C/C","C/A","A/A","C/A","C/A","C/A","C/A","C/C","C/C","(HOVITM_068989,A,missense_variant)",1,0.375,0,0.625,0.625
"330","scaffold_3649",113402,"CATCTCCAAGTCTCTTGGAAG","missense_variant","MODERATE","HOVITM_069540","753C>A","Asp251Glu","G","T","G|T","G/G","G|T","G|T","G|T","G|T","G|T","T|T","G/G","G/G","G/G","G/G","G|T","G/G","G/G","G/G","(HOVITM_069540,T,missense_variant)",0.375,1,0.625,0,0.625
"331","scaffold_3682",6258,"AACCGTATATCTGAGAACGAG","missense_variant","MODERATE","HOVITM_069927","127T>A","Ser43Thr","T","A",".",".",".",".","A/A","A/A","A/A","T/T","T/T","T/T","T/T","T/A",".","A/A",".","T/A","(HOVITM_069927,A,missense_variant)",0.25,0.875,0.75,0.125,0.625
"332","scaffold_3699",49343,"TGAAGATGGAAACAGCTATCT","missense_variant","MODERATE","HOVITM_070086","649T>G","Ser217Ala","A","C","A/C","C/C","C/C","C/C","C/C","C/C","C/C","C/C","A/A","A/C","A/A","C/C","A/C","C/C","C/C","A/C","(HOVITM_070086,C,missense_variant)",0,0.625,1,0.375,0.625
"333","scaffold_3699",49445,"TGGCAAACACACGTTTTACAT","missense_variant","MODERATE","HOVITM_070086","547G>A","Val183Met","C","T","C/T","C/C","C/C","C/C","C/C","C/C","C/C","C/C","T/T","C/T","T/T","C/C","C/T","C/C","C/C","C/T","(HOVITM_070086,T,missense_variant)",1,0.375,0,0.625,0.625
