"","CHROM","POS","FLANKING","TYPE","IMPACT","GENE","CHANGEDNA","CHANGEPEP","REF","ALT","A.1","A.2","A.3","A.4","B.1","B.2","B.3","B.4","C.1","C.2","C.3","C.4","D.1","D.2","D.3","D.4","ANN","FreqDiff_Susceptible_AB_vs_Resistant_CD","FreqDiff_Tulare_Susceptible_A_vs_GeneralBeale_Resistant_C","FreqDiff_Tulare_Susceptible_A_vs_Tulare_Resistant_D","FreqDiff_Temecula_Susceptible_B_vs_GeneralBeale_Resistant_C","FreqDiff_Temecula_Susceptible_B_vs_Tulare_Resistant_D"
"1","scaffold_9674",21047,"GTAGAAACTCATGACGGTGAC","missense_variant","MODERATE","HOVITM_116954","153G>C","Met51Ile","C","G","G/G","G/G","G/G","G/G","G|G","G/G","G/G","G/G","C/G","C/C","C/C","C/C","C/C","G/G","G|G","C/C","(HOVITM_116954,G,missense_variant)",0.6875,0.875,0.5,0.875,0.5
"2","scaffold_2748",64776,"AGTCGTTACTTTACCTAATCC","missense_variant","MODERATE","HOVITM_056372","627A>T","Lys209Asn","T","A","A/A","T/T","A/A","T/T","A/A","T/A","A/A","A/A","T/T","T/T","T/T","T/T","T/T","T/T","T/T","T/T","(HOVITM_056372,A,missense_variant)",0.6875,0.5,0.5,0.875,0.875
"3","scaffold_5",283364,"ACTCTCATCACTTACATACAG","missense_variant","MODERATE","HOVITM_083751","471T>A","Ser157Arg","A","T","A/A","A/A","A/A","A/A","A/A","A/A","A/A","A/A","A/T","A/T","A/A","T/T","T/T","A/A","T/T","T/T","(HOVITM_083751,T,missense_variant)",0.625,0.5,0.75,0.5,0.75
"4","scaffold_5",882701,"GGGACATCGCTACACTGTACA","missense_variant","MODERATE","HOVITM_083794","230C>T","Ala77Val","C","T","T/T","C/T","T/T","C/C","T/T","T/T","T/T","C/T","C/C","C/T","C/C","C/T","C/C","C/C","C/C","C/C","(HOVITM_083794,T,missense_variant)",0.625,0.375,0.625,0.625,0.875
"5","scaffold_698",240534,"AGATGTCAACAAAAGCCTCAA","missense_variant","MODERATE","HOVITM_099922","8C>A","Thr3Lys","C","A","C/C","C/C","C/C","C/C","C/C","C/C","C/C","C/C","A/A","A/A","A/A","C/C","C/A","A/A","C/C","C/A","(HOVITM_099922,A,missense_variant)",0.625,0.75,0.5,0.75,0.5
"6","scaffold_698",240992,"GGGCAAAACTCTTCAATTATT","missense_variant","MODERATE","HOVITM_099922","466T>C","Ser156Pro","T","C","T/T","T/T","T/T","T/T","T/T","T/T","T/T","T/T","C/C","C/C","C/C","T/T","T/C","C/C","T/T","T/C","(HOVITM_099922,C,missense_variant)",0.625,0.75,0.5,0.75,0.5
"7","scaffold_8291",15445,"AGGGGACGATATTTTGTCGAT","missense_variant","MODERATE","HOVITM_108901","249T>G","Asp83Glu","T","G","T|G","T/T","T/T","T/T","T/T","T/T","T|G","G|G","G/G","T/G","T|G","G/G","G/G","G|G","G|G","G|G","(HOVITM_108901,G,missense_variant)",0.625,0.625,0.875,0.375,0.625
"8","scaffold_1479",149109,"TTCCTTTCGATCCCAACGATC","missense_variant","MODERATE","HOVITM_021743","273T>G","Asp91Glu","A","C","A/A","A/A","A/C","A/A","A/A","A/C","A/A","A/A","A/C","C/C","A/C","A/C","C/C","C/C","A/C","C/C","(HOVITM_021743,C,missense_variant)",0.625,0.5,0.75,0.5,0.75
"9","scaffold_17177",11304,"CGTATTTGAACGCTAACAAGT","missense_variant","MODERATE","HOVITM_030692","545A>G","Asn182Ser","A","G","G/G","G/G","G/G","A/A","A/G","G/G","G/G","A/A","A/G","A/A","A/A","A/A","A/A","A/A","A/A","A/A","(HOVITM_030692,G,missense_variant)",0.625,0.625,0.75,0.5,0.625
"10","scaffold_162",311103,"CTTGGATTAGCAGTAACAGTT","missense_variant","MODERATE","HOVITM_027213","818C>T","Ala273Val","G","A","A/A","G/A","G/A","G/A","A/A","G/A","G/A","G/A","G/G","G/G","G/G","G/G","G/G","G/G","G/G","G/G","(HOVITM_027213,A,missense_variant)",0.625,0.625,0.625,0.625,0.625
"11","scaffold_2575",18755,"GCTCCATCAATGTTGTCAATT","missense_variant","MODERATE","HOVITM_053217","215A>G","Asn72Ser","A","G","A/G","A/A","A/G","A/A","A/A","A/A","A/A","A/A","G/G","A/G","G/G","G/G","A/G","A/G","G/G","A/G","(HOVITM_053217,G,missense_variant)",0.625,0.625,0.375,0.875,0.625
"12","scaffold_2575",19167,"GACTATGATAGACATCGACGT","missense_variant","MODERATE","HOVITM_053217","627A>G","Ile209Met","A","G","A/G","A/A","A/G","A/A","A/A","A/A","A/A","A/A","G/G","A/G","G/G","G/G","A/G","A/G","G/G","A/G","(HOVITM_053217,G,missense_variant)",0.625,0.625,0.375,0.875,0.625
"13","scaffold_295",126567,"GAAGAGGGGTTCCAATTGCTG","missense_variant","MODERATE","HOVITM_059659","2237T>C","Val746Ala","T","C","T/T","T/C","T/C","T/C","T/C","T/C","T/T","T/C","C/C","C/C","C/C","C/C","C/C","C/C","C/C","C/C","(HOVITM_059659,C,missense_variant)",0.625,0.625,0.625,0.625,0.625
"14","scaffold_3243",98163,"TTCCTTTTGAACGCCTTTTTG","missense_variant","MODERATE","HOVITM_064330","538T>A","Ser180Thr","A","T","A/T","A/T","A/T","T/T","T/T","T/T","T/T","A/T","A/A","A/T","A/A","A/T","A/A","A/A","A/A","A/A","(HOVITM_064330,T,missense_variant)",0.625,0.375,0.625,0.625,NA
"15","scaffold_3295",29147,"GACTCCAGACTCATCCTATGT","missense_variant","MODERATE","HOVITM_065074","1607G>T","Ser536Ile","C","A","C/C","C/C","C/C","C|A","C/C","A|A","C/A","C|A","A|A","A/A","A|A","C|A","A/A","A|A","A|A","A|A","(HOVITM_065074,A,missense_variant)",0.625,0.75,0.875,0.375,NA
"16","scaffold_5",283450,"TTTTATTTAAAGCTCGCCATA","missense_variant","MODERATE","HOVITM_083751","385T>A","Leu129Ile","A","T","A/A","A/A","A/A","A/A","A/A","A/A","A/A","A/A","A/T","A/T","A/A","A/T","T/T","A/A","T/T","T/T","(HOVITM_083751,T,missense_variant)",0.5625,0.375,0.75,0.375,0.75
"17","scaffold_5",654326,"GCTGTCTCACCAATGGAGGTC","missense_variant","MODERATE","HOVITM_083776","113C>G","Thr38Ser","C","G","C/C","C/C","C/C","C/C","C/C","C/C","C/C","C/C","C|G","C|G","C/C","C|G","G|G","C/C","G|G","G|G","(HOVITM_083776,G,missense_variant)",0.5625,0.375,0.75,0.375,0.75
"18","scaffold_5",658850,"TTAGACTTCGTACACGAGGGC","missense_variant","MODERATE","HOVITM_083776","529G>A","Val177Ile","G","A","G/G","G/G","G/G","G/G","G/G","G/G","G/G","G/G","G/A","G/A","G/G","G/A","A/A","G/G","A/A","A/A","(HOVITM_083776,A,missense_variant)",0.5625,0.375,0.75,0.375,0.75
"19","scaffold_451",191873,"TTACTGGCACTGAAGATTGTC","missense_variant","MODERATE","HOVITM_079019","880G>A","Val294Met","C","T","C/C","C/C","C/C","C/C","T/T","C/C","C/C","C/C","T/T","T/T","C/C","T/T","C/T","C/C","T/T","T|T","(HOVITM_079019,T,missense_variant)",0.5625,0.75,0.625,0.5,0.375
"20","scaffold_562",280563,"GTCCGTTTAATttcttcttct","missense_variant","MODERATE","HOVITM_089284","148A>G","Ile50Val","A","G","G|G","G|G","A|G","A|G","G|G","A/A","G|G","G/G","A/A","A/A","A/G","A/A","A/A","A|G","A/A","A|G","(HOVITM_089284,G,missense_variant)",0.5625,0.625,0.5,0.625,0.5
"21","scaffold_6382",60755,"AGATTTTCAGATAAACATTTT","missense_variant","MODERATE","HOVITM_095552","4037C>T","Ser1346Phe","G","A","G/A","A/A","A/A","A/A","G/G","A/A","A/A","G/A","G/G","G/G","A/A","G/G","G/G","G/G","G/A","G/G","(HOVITM_095552,A,missense_variant)",0.5625,0.625,0.75,0.375,0.5
"22","scaffold_6835",31258,"GCGAAGGAGGCCCCCGCCCTT","missense_variant","MODERATE","HOVITM_098955","476C>T","Ala159Val","G","A","A|A","A|A","G/A","A|A","A|A","A|A","A/A","A|A","A/A","A/A","G|A","G/G","G/G","G|A","G/G","G/G","(HOVITM_098955,A,missense_variant)",0.5625,0.25,0.75,0.375,0.875
"23","scaffold_698",241443,"GCAAATACCTTAAAAGAACAA","missense_variant","MODERATE","HOVITM_099922","917T>C","Leu306Pro","T","C","T/T","T/T","T/T","T/C","T/T","T/T","T/T","T/T","C/C","C/C","C/C","T/T","T/C","C/C","T/T","T/C","(HOVITM_099922,C,missense_variant)",0.5625,0.625,0.375,0.75,0.5
"24","scaffold_7106",67678,"CTTTTCTCTTCATCTCGAAGT","missense_variant","MODERATE","HOVITM_101095","806A>G","Glu269Gly","T","C","C|C","T/C","T/C","C/C","T|C","T|C","T/C","C/C","T/T","T/T","T/C","T/C","T/T","T/T","T/T","T/T","(HOVITM_101095,C,missense_variant)",0.5625,0.5,0.75,0.375,0.625
"25","scaffold_7106",67702,"ATAATGTCAGTGTCTAAAACT","missense_variant","MODERATE","HOVITM_101095","782C>G","Thr261Ser","G","C","C|C","G/C","G/C","C/C","G/C","G|C","G/C","C/C","G/G","G/G","G/C","G/C","G/G","G/G","G/G","G/G","(HOVITM_101095,C,missense_variant)",0.5625,0.5,0.75,0.375,0.625
"26","scaffold_7106",67895,"TTTCTATTGCAGCTTCTTTCT","missense_variant","MODERATE","HOVITM_101095","589G>T","Ala197Ser","C","A","A/A","C/A","C/A","A/A","C/A","C/A","C/A","A/A","C/C","C/C","C/A","C/A","C/C","C/C","C/C","C/C","(HOVITM_101095,A,missense_variant)",0.5625,0.5,0.75,0.375,0.625
"27","scaffold_7106",69892,"TTCACTCGGAACGTTGGTCCT","missense_variant","MODERATE","HOVITM_101095","185T>A","Phe62Tyr","A","T","T/T","A/T","A/T","T/T","A/T","A/T","A/T","T/T","A/A","A/A","A/T","A/T","A/A","A/A","A/A","A/A","(HOVITM_101095,T,missense_variant)",0.5625,0.5,0.75,0.375,0.625
"28","scaffold_7619",35589,"ACATGGAATGTTAAGGGCAGT","missense_variant","MODERATE","HOVITM_104596","1090G>A","Val364Ile","G","A","A/A","G/A","A/A","A/A","G/A","A/A","G/A","G/A","G/G","G/G","G/A","G/G","G/G","G/G","G/A","G/A","(HOVITM_104596,A,missense_variant)",0.5625,0.75,0.625,0.5,0.375
"29","scaffold_8291",15465,"TTGACCAAACATACcgagaca","missense_variant","MODERATE","HOVITM_108901","269C>T","Thr90Ile","C","T","C|T","C/C","C/C","C/C","C/C","C/C","C|T","T|T","T|T","C/T","C|T","C|T","T|T","T|T","T|T","T|T","(HOVITM_108901,T,missense_variant)",0.5625,0.5,0.875,0.25,0.625
"30","scaffold_1271",190702,"AAAACTGTTGATGTGATGAAA","missense_variant","MODERATE","HOVITM_013380","414C>G","Ile138Met","G","C","G/G","G|C","G/G","G/G","G/G","G/G","G/G","G/G","G/G","C/C","G|C","C|C","C/C","C/C","G/C","G/G","(HOVITM_013380,C,missense_variant)",0.5625,0.5,0.5,0.625,0.625
"31","scaffold_1425",209839,"CACGGAAGCCACCGCCACCGC","missense_variant","MODERATE","HOVITM_019773","430G>A","Gly144Ser","C","T","C/T","C/T","C/T","C/C","C/T","C/C","C/C","C/C","T/T","C/T","T/T","C/T","T/T","T/T","C/T","T/T","(HOVITM_019773,T,missense_variant)",0.5625,0.375,0.5,0.625,0.75
"32","scaffold_1617",2694,"TTAGAAGATATAGAAGCATTT","missense_variant","MODERATE","HOVITM_027072","337A>T","Ile113Leu","A","T","A/A","A/A","A/A","A/A","A/A","A/A","A/A","A/A","A|T","A/T","T/T","A/A","A/T","A/T","A/T","T/T","(HOVITM_027072,T,missense_variant)",0.5625,0.5,0.625,0.5,0.625
"33","scaffold_1750",147689,"GGGGCTGCATTTGTTGGATAG","missense_variant","MODERATE","HOVITM_031890","1139A>C","Asn380Thr","T","G","G/G","G/G","G/G","T/G","G/G","G/G","G/G","G/G","T/G","T/G","G/G","T/T","T/T","G/G","T/T","T/T","(HOVITM_031890,G,missense_variant)",0.5625,0.375,0.625,0.5,0.75
"34","scaffold_18690",6827,"ggagacagcgctccctcatgt","missense_variant","MODERATE","HOVITM_035634","67C>T","Arg23Cys","G","A","G|A","G/G","G/G","G/G","G/G","G/G","G/A","G/G","G/G","G|A","A/A","G|A","G|A","A/A","A/A","A|A","(HOVITM_035634,A,missense_variant)",0.5625,0.375,0.75,0.375,0.75
"35","scaffold_2352",154383,"AGTAACATCACTACAGTGACG","missense_variant","MODERATE","HOVITM_048789","115A>T","Thr39Ser","A","T","A/A","A/A","A/A","A/A","A/T","A/A","A/A","A/T","T/T","A/T","A/A","T/T","A/T","T/T","A/T","T/T","(HOVITM_048789,T,missense_variant)",0.5625,0.625,0.75,0.375,0.5
"36","scaffold_2506",103745,"TGGATGATGACAATGATGAAA","missense_variant","MODERATE","HOVITM_051930","11A>G","Asp4Gly","A","G","G/G","G/G","A/G","A/G","G/G","G/G","G/G","G/G","A/A","A/A","A|G","A/A","A/A","A/G","A/G","G|G","(HOVITM_051930,G,missense_variant)",0.5625,0.625,0.25,0.875,0.5
"37","scaffold_2568",38652,"GAATCAGCTGCATTCTTGCTG","missense_variant","MODERATE","HOVITM_053059","53C>T","Ala18Val","G","A","G/G","G/A","G/G","G/A","G/G","G/G","G|A","G/A","A/A","G/A","A/A","A/A","G/A","G/A","A/A","A/A","(HOVITM_053059,A,missense_variant)",0.5625,0.625,0.5,0.625,0.5
"38","scaffold_2748",64862,"CAAGAGACTGATTCTGGGCTT","missense_variant","MODERATE","HOVITM_056372","541C>G","Gln181Glu","G","C","G/G","G/G","G|G","G/C","G/G","G|C","G/G","G/G","C|C","C|C","G/G","C|C","C|C","G/C","G/G","C|C","(HOVITM_056372,C,missense_variant)",0.5625,0.625,0.5,0.625,0.5
"39","scaffold_2748",90814,"TGACGTTGAGAATGAATTCTA","missense_variant","MODERATE","HOVITM_056373","132G>C","Glu44Asp","G","C","C/C","G/C","G/C","G/C","C/C","G/C","C/C","C/C","G/G","G/G","G/G","G/G","G/C","G/C","G/C","G/G","(HOVITM_056373,C,missense_variant)",0.5625,0.625,0.25,0.875,0.5
"40","scaffold_3243",102718,"GGAGACCTACGGGTGCCATTT","missense_variant","MODERATE","HOVITM_064332","356C>T","Thr119Met","C","T","C/C","C/C","C/C","C/C","C/C","C/C","C/C","C/C","T/T","C/T","C/C","C/T","T/T","C/C","T/T","C/T","(HOVITM_064332,T,missense_variant)",0.5625,0.5,0.625,0.5,NA
"41","scaffold_3268",20295,"AATAATGTACCACTATTGAGG","missense_variant","MODERATE","HOVITM_064694","46C>T","Pro16Ser","C","T","C/C","C/C","C/C","C/C","C/C","C/C","C/T","C/C","T/T","T/T","T/T","C/T","C/T","C/T","C/C","C/T","(HOVITM_064694,T,missense_variant)",0.5625,0.875,0.375,0.75,NA
"42","scaffold_3909",98336,"GGAAGCCTCACCCTCATCATG","missense_variant","MODERATE","HOVITM_072654","1690A>T","Thr564Ser","A","T","A/A","A/T","T/T","A/A","A/T","T/T","T/T","T/T","A/A","A/A","A/A","A/A","A/A","A/T","A/A","A/A","(HOVITM_072654,T,missense_variant)",0.5625,0.375,NA,NA,NA
"43","scaffold_377",87718,"GCTTTTGAACATGTGGTCTGT","missense_variant","MODERATE","HOVITM_070923","828G>A","Met276Ile","C","T","C/C","C/C","C/C","T/T","C/C","C/T","C/C","C/C","C/T","T/T","C/T","T/T","T/T","T/T","C/T","C/T","(HOVITM_070923,T,missense_variant)",0.5625,0.5,NA,NA,NA
"44","scaffold_4877",34099,"AAAGCGAAGACTGATGCAGAA","missense_variant","MODERATE","HOVITM_082595","2290A>G","Thr764Ala","A","G","A/A","G/G","A/A","A/G","A/A","A/A","A|G","A/G","A|G","G/G","G/G","G/G","G/G","A/G","G/G","G/G","(HOVITM_082595,G,missense_variant)",0.5625,NA,NA,NA,NA
"45","scaffold_4877",42646,"CAATTGCTTTGAAAACAGCAT","missense_variant","MODERATE","HOVITM_082595","2966T>C","Leu989Ser","T","C","T/T","C/C","T/T","T/C","T/T","T/T","T/C","T/C","C/C","C|C","C/C","C/C","C/C","T/C","C/C","T/C","(HOVITM_082595,C,missense_variant)",0.5625,NA,NA,NA,NA
"46","scaffold_5",269484,"TGACCAGATCTCATAATCGTG","missense_variant","MODERATE","HOVITM_083749","161C>A","Ser54Tyr","C","A","C/C","C/C","C/C","C/C","C/C","C/C","C/C","C/C","C/A","C/A","C/C","C/C","A/A","C/C","A/A","A/A","(HOVITM_083749,A,missense_variant)",0.5,0.25,0.75,0.25,0.75
"47","scaffold_5",563576,"GTTGTTCCTGCATAGACATCC","missense_variant","MODERATE","HOVITM_083769","362C>A","Ala121Glu","G","T","G/G","G/G","G/G","G/G","G/G","G/G","G/G","G/G","G/G","G/T","G/G","G/T","T/T","G/G","T/T","T/T","(HOVITM_083769,T,missense_variant)",0.5,0.25,0.75,0.25,0.75
"48","scaffold_7297",64540,"CGCCTTTCAGAATCGATTCTA","missense_variant","MODERATE","HOVITM_102458","451C>A","Leu151Met","G","T","T|T","G/G","T|T","T|T","T|T","G|T","T|T","T/T","G/G","G|T","G/G","G/G","G|T","G|T","T|T","G/G","(HOVITM_102458,T,missense_variant)",0.5,0.625,0.25,0.75,0.375
"49","scaffold_7297",64549,"GAATCGATTCTACAACAACCA","missense_variant","MODERATE","HOVITM_102458","442G>C","Glu148Gln","C","G","G|G","C/C","G|G","G|G","G|G","C|G","G|G","G|G","C/C","C|G","C/C","C/C","C|G","C|G","G|G","C/C","(HOVITM_102458,G,missense_variant)",0.5,0.625,0.25,0.75,0.375
"50","scaffold_7297",66182,"ATGCTGACGTCGGCCATACAG","missense_variant","MODERATE","HOVITM_102458","299A>G","Asp100Gly","T","C","C|C","T/T","C|C","C|C","C|C","T|C","C|C","C|C","T/T","T|C","T/T","T/T","T|C","T|C","C|C","T/T","(HOVITM_102458,C,missense_variant)",0.5,0.625,0.25,0.75,0.375
"51","scaffold_7869",54343,"TTACATCGATGCCGGTGTGGG","missense_variant","MODERATE","HOVITM_106295","668T>C","Met223Thr","T","C","T/T","T/T","T/T","T/T","T/T","T/T","C/C","T/T","C/C","T/T","T/C","T/C","T/C","T/C","C/C","C/C","(HOVITM_106295,C,missense_variant)",0.5,0.5,0.75,0.25,0.5
"52","scaffold_776",113073,"TTGGATCGTTCCGGAGCTGCT","missense_variant","MODERATE","HOVITM_105542","64A>G","Asn22Asp","T","C","T/C","T/C","T/C","T/C","T/T","C/C","C/C","C/C","T/C","T/T","T/C","T/T","T/T","T/T","T/T","T/T","(HOVITM_105542,C,missense_variant)",0.5,0.25,0.5,0.5,0.75
"53","scaffold_829",85352,"AGTTTAGTGCATGTACTGGTT","missense_variant","MODERATE","HOVITM_108846","47C>T","Ala16Val","C","T","T/T","C/C","C/C","C/T","T/T","T/T","C/T","C/T","C/C","C/C","C/C","C/C","C/T","C/C","C/C","C/C","(HOVITM_108846,T,missense_variant)",0.5,0.375,0.25,0.75,0.625
"54","scaffold_82",642658,"GATCACACGCGCCCGATTTGC","missense_variant","MODERATE","HOVITM_108349","500C>T","Ala167Val","C","T","C/C","C/C","T/T","C/C","C/C","C/C","C/C","C/C","T/T","C/T","T/T","C/T","C/T","C/T","C/T","C/T","(HOVITM_108349,T,missense_variant)",0.5,0.5,0.25,0.75,0.5
"55","scaffold_13089",22412,"CCATTCCCAACCACAGAAAAA","missense_variant","MODERATE","HOVITM_014927","298T>A","Leu100Met","A","T","T|T","A|T","A/T","T/T","T|T","A|T","A/A","A/A","A/A","A/A","A/A","A/T","A/A","A/A","A/A","A/A","(HOVITM_014927,T,missense_variant)",0.5,0.625,0.75,0.25,0.375
"56","scaffold_16134",3845,"GTTGCAGGTGGAAGGAGTGTA","missense_variant","MODERATE","HOVITM_026933","620C>A","Pro207Gln","G","T","G/G","G/G","G/T","G/G","G/T","G/T","G/T","G/G","G/T","T/T","T/T","T/T","G/G","T/T","T/T","G/T","(HOVITM_026933,T,missense_variant)",0.5,0.75,0.5,0.5,0.25
"57","scaffold_2263",72862,"ATTAAAGTACAGTCAACTTAC","missense_variant","MODERATE","HOVITM_046628","1093C>A","Gln365Lys","C","A","C/C","C|A","C/A","C/A","A/A","A/A","C/A","A/A","C/C","C/C","C/C","C/C","C/A","C/C","C/C","C|A","(HOVITM_046628,A,missense_variant)",0.5,0.375,0.125,0.875,0.625
"58","scaffold_2263",72994,"TCTGAACTCGACCTTGGTGAA","missense_variant","MODERATE","HOVITM_046628","1225G>A","Asp409Asn","G","A","A/A","G|A","G/A","G/A","G/G","G/G","G/A","G/G","A/A","A/A","A/A","A/A","G/A","A/A","A/A","G|A","(HOVITM_046628,A,missense_variant)",0.5,0.375,0.125,0.875,0.625
"59","scaffold_2263",73772,"GAGGTAATATGTTTTCAGAAT","missense_variant","MODERATE","HOVITM_046628","2003T>C","Met668Thr","T","C","T/T","T/C","T/C","T/C","C/C","C/C","T/C","C/C","T/T","T/T","T/T","T/T","T/C","T/T","T/T","T/C","(HOVITM_046628,C,missense_variant)",0.5,0.375,0.125,0.875,0.625
"60","scaffold_2263",74173,"GGGGTGAAAAAAATTGAATTG","missense_variant","MODERATE","HOVITM_046628","2404A>G","Lys802Glu","A","G","G|G","A/G","A|G","A|G","A/A","A/A","A/G","A/A","G/G","G/G","G/G","G/G","A/G","G|G","G/G","A/G","(HOVITM_046628,G,missense_variant)",0.5,0.375,0.125,0.875,0.625
"61","scaffold_3268",8362,"GCAATGCCGGCTGCACCTGCA","missense_variant","MODERATE","HOVITM_064693","326G>T","Gly109Val","G","T","G/T","G/G","G/T","G/G","G/G","G/T","G/T","T/T","T|T","T/T","T|T","T/T","T/T","G|T","T/T","G|T","(HOVITM_064693,T,missense_variant)",0.5,0.75,0.5,0.5,NA
"62","scaffold_3365",69286,"GTTTGACAAGTTTCGTCTATT","missense_variant","MODERATE","HOVITM_066007","818C>A","Thr273Asn","G","T","T/T","T/T","T/T","T/T","T/T","T/T","G/G","G/T","G/G","G/T","G/G","G/G","G/T","G/T","T/T","G/G","(HOVITM_066007,T,missense_variant)",0.5,0.875,0.5,0.5,NA
"63","scaffold_535",296171,"TGTCAGCTACGCTGAAGTTCT","missense_variant","MODERATE","HOVITM_087022","365C>T","Thr122Met","C","T","T/T","C/T","T/T","T|T","T/T","T/T","T/T","T/T","T/T","T/T","C/C","T/T","C/C","C/T","C/T","C/C","(HOVITM_087022,T,missense_variant)",0.4375,0.125,0.625,0.25,0.75
"64","scaffold_535",297656,"AGTCTCCCAGTGGCTATAGCA","missense_variant","MODERATE","HOVITM_087022","565G>A","Val189Met","G","A","A|A","G|A","A|A","A|A","A|A","A|A","A|A","A|A","A|A","A|A","G/G","A|A","G/G","G|A","G|A","G/G","(HOVITM_087022,A,missense_variant)",0.4375,0.125,0.625,0.25,0.75
"65","scaffold_535",297662,"CCAGTGGCTATAGCAGTAGTG","missense_variant","MODERATE","HOVITM_087022","571A>G","Ile191Val","A","G","G|G","A|G","G|G","G|G","G|G","G|G","G|G","G|G","G|G","G|G","A/A","G|G","A/A","A|G","A|G","A/A","(HOVITM_087022,G,missense_variant)",0.4375,0.125,0.625,0.25,0.75
"66","scaffold_6848",32265,"GTTTCACTTGAAAACGAATTG","stop_gained","HIGH","HOVITM_099022","217C>T","Gln73*","G","A","G/A","G/A","G/A","G/G","G/G","G/A","G/G","G/G","A/A","A/A","A/A","G/A","G/A","G/A","G/A","G/A","(HOVITM_099022,A,stop_gained)",0.4375,0.5,0.125,0.75,0.375
"67","scaffold_6848",32328,"CTTTTTCCTCACCAACAATGT","stop_gained","HIGH","HOVITM_099022","154G>T","Glu52*","C","A","C/A","C/A","C/A","C/C","C/C","C/A","C/C","C/C","A/A","A/A","A/A","C/A","C/A","C/A","C/A","C/A","(HOVITM_099022,A,stop_gained)",0.4375,0.5,0.125,0.75,0.375
"68","scaffold_7297",37748,"CACCCTCGATGCACAGAACTC","missense_variant","MODERATE","HOVITM_102456","256A>G","Ile86Val","T","C","C|C","C/C","C/C","C|C","C/C","T|C","C|C","C|C","T/T","T/C","T/T","T/C","C/C","T/C","C|C","T/C","(HOVITM_102456,C,missense_variant)",0.4375,0.75,0.25,0.625,0.125
"69","scaffold_7297",50648,"CGGACTGCCCGCTCCACATGT","missense_variant","MODERATE","HOVITM_102457","440G>A","Arg147Gln","C","T","T/T","T/T","T/T","T/T","T/T","C/T","T/T","T/T","C/C","C/T","C/C","C/T","T/T","C/T","T/T","C/T","(HOVITM_102457,T,missense_variant)",0.4375,0.75,0.25,0.625,0.125
"70","scaffold_8321",55772,"TGCCGGCATGCTTCTTAAGGC","missense_variant","MODERATE","HOVITM_109092","259C>T","His87Tyr","G","A","G|A","A|A","A|A","A|A","G/G","A|A","A|A","G|A","G|A","G|G","G/G","G/G","G|A","G|A","A|A","G/G","(HOVITM_109092,A,missense_variant)",0.4375,0.75,0.375,0.5,0.125
"71","scaffold_816",25394,"CAACTCAAGACTCTCCTGACA","missense_variant","MODERATE","HOVITM_108061","1283A>G","Asp428Gly","A","G","G|G","G|G","A|G","A|G","A/A","A|G","A|G","A/A","A/A","A/A","A/A","A/A","A/A","A/A","A|G","A/A","(HOVITM_108061,G,missense_variant)",0.4375,0.75,0.625,0.25,0.125
"72","scaffold_816",25399,"CAAGACTCTCCTGACAGTGAT","missense_variant","MODERATE","HOVITM_108061","1288C>T","Pro430Ser","C","T","T|T","T|T","C|T","C|T","C/C","C|T","C|T","C/C","C/C","C/C","C/C","C/C","C/C","C/C","C|T","C/C","(HOVITM_108061,T,missense_variant)",0.4375,0.75,0.625,0.25,0.125
"73","scaffold_9639",56391,"ATCGGAGGAAGATCGTTTACT","missense_variant","MODERATE","HOVITM_116739","174A>T","Glu58Asp","A","T","A/A","A/A","A|T","A/T","T|T","T|T","T|T","A/A","A/A","A/A","A/A","A/A","A/T","A/A","A/A","A/A","(HOVITM_116739,T,missense_variant)",0.4375,0.25,0.125,0.75,0.625
"74","scaffold_9674",20476,"GAGGCCGGGCATTCACAATCG","missense_variant","MODERATE","HOVITM_116954","724G>T","Ala242Ser","C","A","C/C","C/C","C/C","C/C","C/C","C/C","C/C","C/A","C/C","A/A","A/A","A/A","C/C","C/C","C/C","A/A","(HOVITM_116954,A,missense_variant)",0.4375,0.75,0.25,0.625,0.125
"75","scaffold_9674",44740,"AAGAATTTAGAAAGATTTTGG","missense_variant","MODERATE","HOVITM_116956","47G>A","Arg16Lys","G","A","G/G","G/G","G/G","G/G","G/G","G/G","G/G","G/A","G/A","A/A","A/A","A|A","G/G","G/G","G/G","G/A","(HOVITM_116956,A,missense_variant)",0.4375,0.875,0.125,0.75,NA
"76","scaffold_9674",45207,"GAACACTCATGTTCAGTGAGT","missense_variant","MODERATE","HOVITM_116956","514T>G","Cys172Gly","T","G","G|G","G/G","G/G","G|G","G|G","G|G","G|G","T|G","T|G","T/T","T/T","T/T","G|G","G|G","G/G","T|G","(HOVITM_116956,G,missense_variant)",0.4375,0.875,0.125,0.75,NA
"77","scaffold_82",605656,"TTTTACGAATCAATTTCAATA","missense_variant","MODERATE","HOVITM_108345","1087T>C","Ser363Pro","T","C","C/C","C/C","C|C","C/C","C/C","C/C","C/C","C/C","T/T","T/C","T/T","T/C","C/C","C/C","C|C","T/C","(HOVITM_108345,C,missense_variant)",0.4375,0.75,0.125,0.75,0.125
"78","scaffold_90",12051,"CTGGGTTCATGTTGAGCCCTG","missense_variant","MODERATE","HOVITM_113094","422T>A","Met141Lys","T","A","T/A","T/A","T/A","T/A","A/A","A/A","A/A","T/A","T|A","T/T","T/T","T/T","A/A","T/T","T/A","T/T","(HOVITM_113094,A,missense_variant)",0.4375,0.375,0.125,0.75,0.5
"79","scaffold_1046",131406,"ATGAAACCACTGAAATTATGC","missense_variant","MODERATE","HOVITM_002891","1355C>T","Thr452Ile","C","T","C/C","C/C","C/C","C/C","C/C","C/C","C/C","C/C","T/T","C/T","C/T","T/T","C/T","C/C","C/C","C/C","(HOVITM_002891,T,missense_variant)",0.4375,0.75,0.125,0.75,0.125
"80","scaffold_10855",41518,"AGATAGCCCGAGGTGAGGTTG","missense_variant","MODERATE","HOVITM_004913","548G>A","Arg183Gln","G","A","G/G","G/A","G/A","A/A","G/G","G/G","G/A","G/G","A/A","A/A","G/G","G/A","G/A","A/A","A/A","A|A","(HOVITM_004913,A,missense_variant)",0.4375,0.125,0.375,0.5,0.75
"81","scaffold_1121",73170,"TCTGAAGGTTACGGCTCGGGT","missense_variant","MODERATE","HOVITM_006661","394A>C","Asn132His","T","G","G/G","T/G","T/G","T/G","T/T","T/T","T/T","T/G","G/G","T/G","T/G","G/G","G/G","T/G","G/G","G/G","(HOVITM_006661,G,missense_variant)",0.4375,0.125,0.25,0.625,0.75
"82","scaffold_1147",136462,"CAGACTGAGATTCCCCTAGAG","missense_variant","MODERATE","HOVITM_007813","487A>G","Ile163Val","A","G","A|G","A/G","A|G","A|G","G/G","G/G","G/G","G/G","A/A","G/G","A/A","A/A","G/G","A/G","A/A","A/A","(HOVITM_007813,G,missense_variant)",0.4375,0.25,0.125,0.75,0.625
"83","scaffold_12393",3621,"CCTTGGACAGTTGTGCTGCTA","missense_variant","MODERATE","HOVITM_011999","722G>C","Ser241Thr","G","C","G/G","G/G","C/C","C/C","C/C","C/C","G/C","C/C","G/G","G/C","G/C","G/C","G/C","G/G","G/G","G/G","(HOVITM_011999,C,missense_variant)",0.4375,0.125,0.375,0.5,0.75
"84","scaffold_1248",140157,"TCTGCAAGACCCCTCCCAGCA","missense_variant","MODERATE","HOVITM_012395","836G>A","Gly279Asp","C","T","C/T","C/T","T/T","T/T","C/C","C/C","C/T","C/T","T/T","T/T","T/T","T/T","C/T","T/T","T/T","T/T","(HOVITM_012395,T,missense_variant)",0.4375,0.25,0.125,0.75,0.625
"85","scaffold_1433",197323,"CGCGGTGCAGATCGCTGCCGC","missense_variant","MODERATE","HOVITM_020063","248C>T","Ser83Phe","G","A","G|A","G/G","G|A","G|A","A|A","G|A","G|A","A|A","G/G","G/G","G/G","G/G","G|A","G/G","G|A","G/G","(HOVITM_020063,A,missense_variant)",0.4375,0.375,0.125,0.75,0.5
"86","scaffold_1433",197879,"GGACTGTCCAGACAGTGGCCC","missense_variant","MODERATE","HOVITM_020063","68T>C","Leu23Pro","A","G","A|G","A/A","A|G","A|G","G|G","A/G","A|G","G|G","A/A","A/A","A/A","A/A","A|G","A/A","A/G","A/A","(HOVITM_020063,G,missense_variant)",0.4375,0.375,0.125,0.75,0.5
"87","scaffold_1433",197930,"CCACCATGCTGAGTCCAGAAC","missense_variant","MODERATE","HOVITM_020063","17A>G","Gln6Arg","T","C","T/C","T/T","T/C","T/C","C/C","T/C","T/C","C/C","T/T","T/T","T/T","T/T","T/C","T/T","T/C","T/T","(HOVITM_020063,C,missense_variant)",0.4375,0.375,0.125,0.75,0.5
"88","scaffold_180",222102,"TGCAGCTGAGCCCGTGGTGAA","missense_variant","MODERATE","HOVITM_033465","283C>A","Leu95Ile","G","T","G/G","G/G","G/G","G/T","G/T","G/G","G/T","G/T","T/T","G/T","T/T","T/T","G/T","G/T","G/T","G/T","(HOVITM_033465,T,missense_variant)",0.4375,0.75,0.375,0.5,0.125
"89","scaffold_180",234809,"AAGAGAACACTGAATTCACAA","missense_variant","MODERATE","HOVITM_033467","1153G>A","Val385Met","C","T","C/C","C/C","C/C","C/T","C/T","C/C","C/T","C/T","T/T","C/T","T/T","T/T","C/T","C/T","C/T","C/T","(HOVITM_033467,T,missense_variant)",0.4375,0.75,0.375,0.5,0.125
"90","scaffold_2071",120655,"GACATGTCGACACCAGTCGCA","missense_variant","MODERATE","HOVITM_041751","13T>C","Ser5Pro","A","G","A/G","A/A","A/A","A/A","A/A","A/A","A/A","A/A","G/G","G/G","A/A","G/G","A/A","A/A","A/G","A/G","(HOVITM_041751,G,missense_variant)",0.4375,0.625,0.125,0.75,0.25
"91","scaffold_3076",68981,"ATAGTCAGTCGATGTTGCTGG","missense_variant","MODERATE","HOVITM_061930","782C>T","Ser261Leu","C","T","C/T","T/T","C/C","T/T","T/T","T/T","T/T","T/T","C/C","T/T","C/C","C/C","T/T","C/C","T/T","C/C","(HOVITM_061930,T,missense_variant)",0.4375,0.375,0.125,0.75,0.5
"92","scaffold_3517",55718,"AACTTTTAGGTGTTACTGCTT","missense_variant","MODERATE","HOVITM_067950","1042C>G","Pro348Ala","G","C","G/G","G/C","G/G","G/G","C/C","G/G","C/C","G/G","C/C","C/C","C/C","G/C","G/C","G/C","G/C","C/C","(HOVITM_067950,C,missense_variant)",0.4375,0.75,NA,0.375,NA
"93","scaffold_3718",74370,"CAAGTTCTGGAACCGAGGAAG","missense_variant","MODERATE","HOVITM_070355","935G>A","Gly312Glu","G","A","G/A","G/G","G/G","G/G","A/A","A/A","A/A","A/A","A/A","A/A","A/A","A/A","A/A","A/A","A/A","A/A","(HOVITM_070355,A,missense_variant)",0.4375,0.875,NA,NA,NA
"94","scaffold_3723",23800,"TTTGCTGTGGTTCTTCTACTG","missense_variant","MODERATE","HOVITM_070443","592C>A","Pro198Thr","G","T","G|T","T|T","G|T","T|T","T|T","T|T","G|T","T|T","G/G","G|T","G/G","G/G","G|T","T|T","G/G","T|T","(HOVITM_070443,T,missense_variant)",0.4375,0.625,NA,0.75,NA
"95","scaffold_37",780933,"cttgatgcgtaaaccatgtct","stop_lost&splice_region_variant","HIGH","HOVITM_070142","1147T>A","Ter383Lysext*?","T","A","T/T","T/T","T/T","T/T","T/T","T/T","T/T","T/T","A/A","T/T","A/A","A/A","T/T","T/T","T/T","T/T","(HOVITM_070142,A,stop_lost&splice_region_variant)",0.375,0.75,NA,0.75,NA
"96","scaffold_5245",38082,"ACTGCAAATTTTCTCCTCTGG","missense_variant","MODERATE","HOVITM_086055","225A>C","Lys75Asn","T","G","G/G","T/G","T/T","T/G","T/T","T/T","T/T","T/T","T/G","T/G","T/T","G/G","G/G","T/T","G/G","G/G","(HOVITM_086055,G,missense_variant)",0.375,NA,0.25,0.5,0.75
"97","scaffold_536",13023,"TTTTGGCAACACAGTGAGCTG","missense_variant","MODERATE","HOVITM_087089","481G>A","Val161Ile","C","T","C/T","C/C","C/C","C/C","C/C","C/T","C/T","C/T","C/T","T/T","T/T","T/T","C/C","T/T","C/C","C/T","(HOVITM_087089,T,missense_variant)",0.375,0.75,0.25,0.5,NA
"98","scaffold_536",275940,"CTTCACCATGCACGAGCACTA","missense_variant","MODERATE","HOVITM_087109","237G>A","Met79Ile","G","A","G|A","G|A","G|A","G|A","G/G","G/G","G|A","G/G","A|A","A/A","A|A","A|A","G|A","G/G","G|A","G|A","(HOVITM_087109,A,missense_variant)",0.375,0.5,0.125,0.875,0.25
"99","scaffold_562",280558,"AACTGGTCCGTTTAATttctt","missense_variant","MODERATE","HOVITM_089284","143G>A","Arg48His","G","A","A|A","A|A","G|A","G|A","G/G","G/G","A|A","G/G","G/G","G/G","G/G","G/G","G/G","G|A","G/G","G|A","(HOVITM_089284,A,missense_variant)",0.375,0.75,0.5,0.25,NA
"100","scaffold_6084",57898,"GAACCGAATGTCATTCATCAA","missense_variant","MODERATE","HOVITM_093191","599G>C","Cys200Ser","G","C","C|C","C|C","C/C","G|C","C|C","C|C","C|C","C|C","C|C","C/C","C|C","C|C","G/G","G/G","G|C","G/G","(HOVITM_093191,C,missense_variant)",0.375,0.125,0.75,NA,0.875
"101","scaffold_6127",61046,"GGTGTGCAAGGGTGAGGTGGT","missense_variant","MODERATE","HOVITM_093543","188G>A","Arg63Lys","G","A","G/G","G|A","G/G","G/G","G/G","G/G","G/G","G/G","A|A","A|A","A/A","G/G","G/G","G/G","G/A","G/G","(HOVITM_093543,A,missense_variant)",0.375,0.625,NA,0.75,0.125
"102","scaffold_6471",38853,"TTTCTTCATGTACGAAGAATC","start_lost","HIGH","HOVITM_096238","3G>A","Met1?","G","A","A|A","G|A","G|A","G|A","A|A","A|A","A|A","A|A","G|A","A/A","G|A","G|A","G/A","G/G","G/G","G|A","(HOVITM_096238,A,start_lost)",0.375,NA,0.375,0.375,0.75
"103","scaffold_6471",38859,"CATGTACGAAGAATCTGGATT","missense_variant","MODERATE","HOVITM_096238","9A>T","Glu3Asp","A","T","T|T","A|T","A|T","A|T","T|T","T|T","T|T","T|T","A|T","A/T","T|T","A|T","A/A","A/T","A/A","A|T","(HOVITM_096238,T,missense_variant)",0.375,NA,0.375,0.375,0.75
"104","scaffold_7068",66830,"GAGACAGAAGCCAGCACCAAA","missense_variant","MODERATE","HOVITM_100843","1441G>A","Ala481Thr","G","A","G/A","G/A","G/G","G/G","G/G","G/G","G/G","G/G","G/A","G/G","G/G","G/A","A/A","G/A","A/A","G/A","(HOVITM_100843,A,missense_variant)",0.375,NA,0.5,0.25,0.75
"105","scaffold_7241",66579,"CCATGTCCATTGAGACAAGCC","missense_variant","MODERATE","HOVITM_102111","149T>C","Ile50Thr","T","C","T/C","T/C","C/C","C/C","C/C","C/C","C|C","C/C","T/T","T/C","T/C","T/T","T/C","C/C","T/C","C/C","(HOVITM_102111,C,missense_variant)",0.375,0.5,NA,0.75,0.25
"106","scaffold_7345",2682,"CTGCATCAGTGGGTGGGGGCA","missense_variant","MODERATE","HOVITM_102841","544A>G","Thr182Ala","T","C","C/C","T/C","T/C","T/T","T/T","T/T","T/C","T/T","T|C","C/C","C|C","C/C","T/T","T/C","T/C","C/C","(HOVITM_102841,C,missense_variant)",0.375,0.375,NA,0.75,0.375
"107","scaffold_7443",74555,"ACTATTGAGGTGTGCAAGGAT","missense_variant","MODERATE","HOVITM_103562","229G>A","Val77Met","G","A","G/A","G/G","G/A","G/G","G/A","A/A","G/A","G/A","A/A","A/A","A/A","A/A","G/A","G/A","G/A","A/A","(HOVITM_103562,A,missense_variant)",0.375,0.75,0.375,0.375,NA
"108","scaffold_705",83404,"GGGACACTTGAATGCCGGCAG","missense_variant","MODERATE","HOVITM_100690","107C>T","Ser36Leu","G","A","A/A","G/A","G/A","A/A","G/A","G/G","G/G","G/A","G/G","G/G","G/G","G/G","G/G","G/A","G/G","G/A","(HOVITM_100690,A,missense_variant)",0.375,0.75,0.5,0.25,NA
"109","scaffold_7706",65346,"CTTGTCTCAATGGACATGGCG","missense_variant","MODERATE","HOVITM_105225","38T>C","Ile13Thr","A","G","A/G","A/G","G/G","G/G","G/G","G/G","G|G","G/G","A/A","A/G","A/G","A/A","A/G","G/G","A/G","G/G","(HOVITM_105225,G,missense_variant)",0.375,0.5,NA,0.75,0.25
"110","scaffold_787",132481,"CCACCGTCTATCATTTTGGTA","missense_variant","MODERATE","HOVITM_106309","161T>C","Ile54Thr","A","G","G/G","A/G","A/G","G/G","A/G","A/A","A/G","A/G","A/A","A/A","A/A","A/A","A/A","A/G","A/A","G/G","(HOVITM_106309,G,missense_variant)",0.375,0.75,0.375,0.375,NA
"111","scaffold_8106",25269,"CCCCCCTCACTACCTCCTGTC","missense_variant","MODERATE","HOVITM_107797","41G>A","Ser14Asn","C","T","T/T","C/T","C/T","C/T","T/T","T/T","C/T","T/T","C/C","C/T","C/C","C/C","C/T","C/T","T/T","C/T","(HOVITM_107797,T,missense_variant)",0.375,0.5,NA,0.75,0.25
"112","scaffold_809",69169,"GCAACACAACATCAAATGTGT","missense_variant","MODERATE","HOVITM_107627","116C>A","Thr39Lys","C","A","A/A","C/C","C/A","C/C","C/C","C/C","C/C","C/C","C/C","C/C","A/A","C/A","A/A","A/A","C/C","A/A","(HOVITM_107627,A,missense_variant)",0.375,NA,0.375,0.375,0.75
"113","scaffold_950",170161,"TGCGATTCGTATGACTGCTGG","missense_variant","MODERATE","HOVITM_116001","738A>G","Ile246Met","T","C","T/T","T/C","T/T","T|C","C/C","C/C","C/C","C/C","T/T","T/T","T/C","T/T","T/C","T/C","T/C","T/T","(HOVITM_116001,C,missense_variant)",0.375,0.125,0.125,0.875,0.625
"114","scaffold_9558",2067,"CAAGAGGTTGATTTAGATATG","missense_variant","MODERATE","HOVITM_116268","160G>T","Asp54Tyr","G","T","G/T","G/T","G/G","G/T","G/T","G/T","G/G","G/G","T/T","T/T","T/T","T/T","G/G","G/T","G/T","G/T","(HOVITM_116268,T,missense_variant)",0.375,0.625,NA,0.75,0.125
"115","scaffold_9558",4708,"AGTGAATCTATACTAGAGAAA","missense_variant","MODERATE","HOVITM_116268","460A>C","Ile154Leu","A","C","C/C","A|C","C|C","A|C","A|C","A|C","C/C","C|C","A/A","A/A","A/A","A/A","C|C","A|C","C|C","A|C","(HOVITM_116268,C,missense_variant)",0.375,0.75,NA,0.75,NA
"116","scaffold_1068",110905,"TTTCTTCTTCACCTCCTCCAC","stop_gained","HIGH","HOVITM_003969","145G>T","Glu49*","C","A","C/C","C/A","C/C","C/C","C/C","C/C","C/C","C/C","A/A","A/A","C/C","A/A","C/C","C/A","C/C","C/C","(HOVITM_003969,A,stop_gained)",0.375,0.625,NA,0.75,0.125
"117","scaffold_13061",19716,"TGTCTTTACCGCTTTTGGCAC","missense_variant","MODERATE","HOVITM_014841","2452G>A","Gly818Ser","C","T","C/C","C/T","C/T","C/T","T/T","T/T","C/T","T/T","C/C","C/T","C/C","C/C","C/C","C/T","C/T","C/T","(HOVITM_014841,T,missense_variant)",0.375,0.25,NA,0.75,0.5
"118","scaffold_1485",134744,"GAAATTATACCAACTTCTCCT","missense_variant","MODERATE","HOVITM_022013","88C>T","Pro30Ser","C","T","C|T","T|T","T/T","C/T","C/T","C/T","C/C","C/C","C/C","T/T","C/C","C/C","C/C","C/C","C/C","C/C","(HOVITM_022013,T,missense_variant)",0.375,0.5,0.75,NA,0.25
"119","scaffold_1689",27401,"ACGGGGGTGCGTTTTCTAAGC","missense_variant","MODERATE","HOVITM_029650","3559G>A","Ala1187Thr","C","T","T|T","T/T","T|T","T/T","T/T","T/T","C/T","C/T","C/C","C/T","C/T","C/C","T|T","C|T","C/T","T|T","(HOVITM_029650,T,missense_variant)",0.375,0.75,0.25,0.5,NA
"120","scaffold_18884",21703,"TCTTGACCTGTGGGAGAGATG","missense_variant","MODERATE","HOVITM_036235","134C>T","Thr45Ile","G","A","G/A","G/G","G/G","G/G","G/G","A/A","A/A","A/A","G/A","A/A","A/A","A/A","A/A","A/A","G/G","A/A","(HOVITM_036235,A,missense_variant)",0.375,0.75,0.625,0.125,NA
"121","scaffold_19594",18158,"TGGGCTTGACTTTCTCCGACC","missense_variant","MODERATE","HOVITM_038437","439G>A","Val147Ile","C","T","C/C","T/T","T/T","T/T","C/C","C/C","C/C","C/T","C/C","C/C","C/C","C/C","C/C","C/T","C/C","C/C","(HOVITM_038437,T,missense_variant)",0.375,0.75,0.625,0.125,NA
"122","scaffold_166",52400,"GCCGCCAAGACCAACTTCCTC","missense_variant","MODERATE","HOVITM_028609","760A>G","Thr254Ala","A","G","A/G","A/G","A/G","G/G","G/G","G/G","G/G","G/G","G/G","G/G","A/G","A/A","A/A","A/G","A/G","A/A","(HOVITM_028609,G,missense_variant)",0.375,NA,0.375,0.375,0.75
"123","scaffold_2053",77854,"CAGCTGAGTGCTTGTGTTTCG","missense_variant","MODERATE","HOVITM_041251","103G>C","Ala35Pro","G","C","G/G","G|C","G|C","G|C","C|C","C|C","C|C","C|C","C|C","G/G","C|C","G/G","G/G","G/G","G/G","G/C","(HOVITM_041251,C,missense_variant)",0.375,0.125,0.25,0.5,0.875
"124","scaffold_244",39310,"AATCGACATGAGTCTGCAGTG","missense_variant","MODERATE","HOVITM_050540","2036C>T","Ser679Leu","G","A","G|A","G|A","G/G","G/G","G/G","G/G","G/G","G/G","G|A","G/G","G|A","G/G","G|A","G|A","A|A","A|A","(HOVITM_050540,A,missense_variant)",0.375,NA,0.5,0.25,0.75
"125","scaffold_244",39319,"GAGTCTGCAGTGTTTGGGCAA","missense_variant","MODERATE","HOVITM_050540","2027C>A","Thr676Asn","G","T","G|T","G|T","G/G","G/G","G/G","G/G","G/G","G/G","G|T","G/G","G|T","G/G","G|T","G|T","T|T","T|T","(HOVITM_050540,T,missense_variant)",0.375,NA,0.5,0.25,0.75
"126","scaffold_298",57912,"TCCAGCCTCACGGGCAGGAAG","missense_variant","MODERATE","HOVITM_060122","719A>T","His240Leu","A","T","A/A","A/A","A/A","A/A","A/T","A/A","A/A","A/A","A/A","A/T","A/A","A/A","A/A","T/T","T/T","T/T","(HOVITM_060122,T,missense_variant)",0.375,0.125,0.75,NA,0.625
"127","scaffold_3243",98031,"ATGTTTTATGTTGATCTATAT","missense_variant","MODERATE","HOVITM_064330","670C>A","His224Asn","G","T","G/T","G/G","G/T","G/G","G|T","T/T","T/T","T/T","T/T","T/T","T/T","G/T","T/T","T/T","T/T","T/T","(HOVITM_064330,T,missense_variant)",0.375,0.625,0.75,NA,NA
"128","scaffold_3267",62468,"AAAACTAATAACAAGTCGAAT","missense_variant","MODERATE","HOVITM_064683","2503A>G","Asn835Asp","A","G","A/A","A/A","A/A","A/A","A/A","A|G","A/A","A|G","G|G","G|G","A|G","A|G","A/A","A/A","G|G","A/A","(HOVITM_064683,G,missense_variant)",0.375,0.75,0.25,0.5,NA
"129","scaffold_3267",63387,"ATGGCTGTGTAATAAAACCAA","missense_variant","MODERATE","HOVITM_064683","3422T>A","Val1141Glu","T","A","T/T","T/T","T/T","T/T","T/T","T|A","T/T","T|A","A/A","A/A","T/A","T|A","T/T","T/T","A/A","T/T","(HOVITM_064683,A,missense_variant)",0.375,0.75,0.25,0.5,NA
"130","scaffold_3267",65537,"GGGTTACAGAAAGAGCTTACT","missense_variant","MODERATE","HOVITM_064683","5572A>G","Lys1858Glu","A","G","A/A","A/A","A/A","A/A","A/A","A|G","A/A","A|G","G/G","G/G","A/G","A|G","A/A","A/A","G/G","A/A","(HOVITM_064683,G,missense_variant)",0.375,0.75,0.25,0.5,NA
"131","scaffold_3267",65613,"AAAGATCATTACCCTTTGATG","missense_variant","MODERATE","HOVITM_064683","5648T>C","Leu1883Ser","T","C","T/T","T/T","T/T","T/T","T/T","T/C","T/T","T/C","C/C","C/C","T/C","T/C","T/T","T/T","C/C","T/T","(HOVITM_064683,C,missense_variant)",0.375,0.75,0.25,0.5,NA
"132","scaffold_3267",66005,"GTTCTAAATTATGTTAACCAG","missense_variant","MODERATE","HOVITM_064683","6040T>G","Tyr2014Asp","T","G","T/T","T/T","T/T","T/T","T/T","T|G","T/T","T/G","G/G","G/G","T/G","T|G","T/T","T/T","G/G","T/T","(HOVITM_064683,G,missense_variant)",0.375,0.75,0.25,0.5,NA
"133","scaffold_3267",67502,"AAAAATGTTACTGCAGAAGTA","missense_variant","MODERATE","HOVITM_064683","7537A>C","Thr2513Pro","A","C","A/A","A/A","A/A","A/A","A/A","A/C","A/A","A/C","C/C","C/C","A/C","A/C","A/A","A/A","C/C","A/A","(HOVITM_064683,C,missense_variant)",0.375,0.75,0.25,0.5,NA
"134","scaffold_3267",67878,"ACGACAGTCATAACAATTTCA","missense_variant","MODERATE","HOVITM_064683","7913A>G","His2638Arg","A","G","A/A","A/A","A/A","A/A","A/A","A|G","A/A","A/G","G/G","G/G","A/G","A/G","A/A","A/A","G/G","A/A","(HOVITM_064683,G,missense_variant)",0.375,0.75,0.25,0.5,NA
"135","scaffold_3945",101949,"ACTCTCCAACTAATAAAAAAG","missense_variant","MODERATE","HOVITM_073034","3584C>T","Thr1195Ile","C","T","T/T","C/T","T/T","C/T","C/T","C/C","C/C","C/C","C/C","C/C","C/C","C/C","C/C","C/C","C/T","C/C","(HOVITM_073034,T,missense_variant)",0.375,0.75,NA,NA,NA
"136","scaffold_20",122936,"GTGTGTTTGATGTTGCGCTGC","missense_variant","MODERATE","HOVITM_039717","17A>T","Asp6Val","A","T","A/A","T/T","A/T","A/A","A/A","A/A","A/A","A/A","T/T","T/T","T/T","A/A","A/A","A/A","T/T","A/A","(HOVITM_039717,T,missense_variant)",0.3125,0.375,0.125,0.75,0.25
"137","scaffold_592",287900,"ATCAATGACCTGGAGAACCAT","missense_variant","MODERATE","HOVITM_091713","1324C>A","Leu442Met","C","A","C/C","C/C","C/C","C/C","A/A","C/A","C/A","A/A","C/A","C/C","C/C","C/C","C/C","C/C","C/C","C/C","(HOVITM_091713,A,missense_variant)",0.3125,0.125,NA,0.625,0.75
"138","scaffold_6084",30267,"GTGTTGGCAATCGTGGCGGTG","missense_variant","MODERATE","HOVITM_093188","394A>G","Ile132Val","A","G","A/A","A/A","A|G","G|G","A|G","A/A","A/A","A/A","A/A","G/G","A/A","A/A","G/G","G/G","G/G","A|G","(HOVITM_093188,G,missense_variant)",0.3125,0.125,0.5,0.125,0.75
"139","scaffold_6084",55279,"GGACTGAACTCTAACTCTACA","missense_variant","MODERATE","HOVITM_093190","1297T>G","Ser433Ala","T","G","G|G","G/G","T|G","G|G","T/T","G|G","T|G","T|G","G|G","T|G","T/T","G|G","T/T","T/T","T/T","T|G","(HOVITM_093190,G,missense_variant)",0.3125,0.25,0.75,0.125,0.375
"140","scaffold_6084",57919,"AAGAGGGTCATGATTTAATGG","missense_variant","MODERATE","HOVITM_093191","620A>C","His207Pro","A","C","A/A","A/A","A/A","A/C","A/A","A/A","A/A","A/A","A/A","A/A","A/A","A/A","C/C","C/C","A/C","A/C","(HOVITM_093191,C,missense_variant)",0.3125,0.125,0.625,NA,0.75
"141","scaffold_6084",58511,"CGGAAAATGCATATCCGATAG","missense_variant","MODERATE","HOVITM_093191","1212C>G","Cys404Trp","C","G","C/C","C/C","C/C","C/G","C/C","C/C","C/C","C/C","C/C","C/C","C/C","C/C","G/G","G/G","C/G","C/G","(HOVITM_093191,G,missense_variant)",0.3125,0.125,0.625,NA,0.75
"142","scaffold_8844",24419,"AGACAAGACAGTCAGGGAGGA","missense_variant","MODERATE","HOVITM_112120","308A>G","Gln103Arg","A","G","A/A","A/G","A/A","A/A","A/G","A/G","A/A","A/G","G/G","G/G","G/G","A/G","A/A","A/G","A/A","A/G","(HOVITM_112120,G,missense_variant)",0.3125,0.75,0.125,0.5,0.125
"143","scaffold_887",172500,"TAGTCTGTCTGTTTTCAGAAG","missense_variant","MODERATE","HOVITM_112272","1042A>G","Arg348Gly","T","C","T/C","T/T","T/T","T/T","C/C","T/C","T/C","C/C","T/C","T/C","T/T","T/T","T/T","T/T","T/T","T/T","(HOVITM_112272,C,missense_variant)",0.3125,0.125,0.125,0.5,0.75
"144","scaffold_887",172688,"TTCTTTACACGATTTACTTGA","missense_variant","MODERATE","HOVITM_112272","854G>A","Arg285His","C","T","C|T","C/C","C/C","C/C","T|T","C|T","C|T","T|T","C|T","C|T","C/C","C/C","C/C","C/C","C/C","C/C","(HOVITM_112272,T,missense_variant)",0.3125,0.125,0.125,0.5,0.75
"145","scaffold_887",172743,"CTTGTGTTTTAGGTAAATTAT","missense_variant","MODERATE","HOVITM_112272","799A>G","Lys267Glu","T","C","T/C","T/T","T/T","T/T","C/C","T/C","T/C","C/C","T/C","T/C","T/T","T/T","T/T","T/T","T/T","T/T","(HOVITM_112272,C,missense_variant)",0.3125,0.125,0.125,0.5,0.75
"146","scaffold_887",172935,"TAATTTTTTGTGATTTTTTTT","missense_variant","MODERATE","HOVITM_112272","607C>A","Gln203Lys","G","T","G/T","G/G","G/G","G/G","T/T","G/T","G/T","T/T","G/T","G/T","G/G","G/G","G/G","G/G","G/G","G/G","(HOVITM_112272,T,missense_variant)",0.3125,0.125,0.125,0.5,0.75
"147","scaffold_8973",43129,"GCAGGTTGGCGGACAGCGCAT","missense_variant","MODERATE","HOVITM_112883","1225G>A","Ala409Thr","C","T","C/C","C/C","C/C","C/C","T/T","T/T","C/T","C/T","C/C","C/C","C/C","C/C","C/C","C/C","C/C","C/T","(HOVITM_112883,T,missense_variant)",0.3125,NA,0.125,0.75,0.625
"148","scaffold_924",75122,"GCAGTCCGACACAGCCCACCA","missense_variant","MODERATE","HOVITM_114488","100G>A","Val34Ile","C","T","C/C","C/C","C/T","C/T","T/T","C/T","T/T","T/T","C/C","C/C","C/C","C/T","C/T","C/T","C/C","C/T","(HOVITM_114488,T,missense_variant)",0.3125,0.125,0.125,0.75,0.5
"149","scaffold_940",128197,"GTAGCTCTGTTGGCACCTGAA","missense_variant","MODERATE","HOVITM_115430","244A>G","Thr82Ala","T","C","T/C","C/C","T/T","T/T","C/C","T/C","C/C","C/C","T/C","T/T","T/T","T/T","T/T","T/C","C/C","T/C","(HOVITM_115430,C,missense_variant)",0.3125,0.25,0.125,0.75,0.375
"150","scaffold_950",172564,"GCTGGCTAATGTTGAAGTTGG","missense_variant","MODERATE","HOVITM_116001","511A>G","Ile171Val","T","C","T/T","T/C","T/T","T/T","T/T","C/C","C/C","C/C","T/T","T/T","T/T","T/T","T/C","T/T","T/T","T/C","(HOVITM_116001,C,missense_variant)",0.3125,0.125,0.125,0.75,0.5
"151","scaffold_75",123806,"AAGCGACTCAAAACGGAAGCC","missense_variant","MODERATE","HOVITM_103860","266A>C","Gln89Pro","A","C","A/C","A/C","A/C","A/A","A/A","A/A","A/A","A/A","A/C","A/A","A/A","A/C","C/C","A/A","C/C","C/C","(HOVITM_103860,C,missense_variant)",0.3125,0.125,0.375,0.25,0.75
"152","scaffold_10387",1786,"ttTGATCCCAAGCTTTTGCTG","missense_variant","MODERATE","HOVITM_002483","344T>C","Leu115Ser","A","G","A/G","A/A","A/A","A/A","G/G","A|G","A/G","G|G","A/A","A/A","A/A","A/A","A|G","A/G","A/A","A/A","(HOVITM_002483,G,missense_variant)",0.3125,0.125,0.125,0.75,0.5
"153","scaffold_11304",8023,"AATCCAGTTGTCCAAGCTGTA","missense_variant","MODERATE","HOVITM_007087","337G>A","Val113Ile","G","A","G|A","G/A","G/G","G/G","G/G","G/G","G/G","G/G","G/G","G/G","G/G","G|A","A/A","G|A","G/A","A/A","(HOVITM_007087,A,missense_variant)",0.3125,0.125,0.5,0.125,0.75
"154","scaffold_11388",35943,"AGTTAGAAATCTACAATTTTG","missense_variant","MODERATE","HOVITM_007401","350A>G","Asp117Gly","T","C","T/T","T/C","T/C","C/C","C/C","C/C","C/C","C/C","T/T","T/T","T/T","C/C","C|C","C|C","T/C","T/T","(HOVITM_007401,C,missense_variant)",0.3125,0.25,0.125,0.75,0.375
"155","scaffold_1179",79664,"TTATGAAAGAGTTAATAACTT","missense_variant","MODERATE","HOVITM_009202","1213T>A","Ser405Thr","A","T","A/A","A/T","A/A","A/A","T/T","T/T","T/T","A/A","A/A","T/T","A/A","A/A","A/A","A/A","A/A","A/A","(HOVITM_009202,T,missense_variant)",0.3125,0.125,0.125,0.5,0.75
"156","scaffold_13743",17636,"GCTTTGCAGGGGAGTTAGCTG","missense_variant","MODERATE","HOVITM_017643","452G>A","Gly151Glu","G","A","G/G","A/A","A/A","A|A","G/G","A/A","G|A","G|A","G/G","G/G","G/G","G/G","G|A","G|A","A/A","G|A","(HOVITM_017643,A,missense_variant)",0.3125,0.75,0.125,0.5,0.125
"157","scaffold_13743",17639,"TTGCAGGGGAGTTAGCTGACA","missense_variant","MODERATE","HOVITM_017643","455A>G","Glu152Gly","A","G","A/A","G/G","G/G","G|G","A/A","G/G","A|G","A|G","A/A","A/A","A/A","A/A","A|G","A|G","G/G","A|G","(HOVITM_017643,G,missense_variant)",0.3125,0.75,0.125,0.5,0.125
"158","scaffold_14152",23458,"ATGAAATTAAAGACCACTACA","missense_variant","MODERATE","HOVITM_019434","2375A>G","Lys792Arg","A","G","A/A","A/G","A/A","A/A","A/A","G/G","G/G","G/G","A/G","A/A","G/G","G/G","A/G","G/G","G/G","G/G","(HOVITM_019434,G,missense_variant)",0.3125,0.5,0.75,0.125,0.125
"159","scaffold_1656",174274,"ATATTCTCCTCATCTTGATAA","missense_variant","MODERATE","HOVITM_028502","287A>G","Glu96Gly","T","C","T/T","T/T","T/T","T/C","T|C","C|C","C/C","T|C","C|C","C/C","C/C","C|C","T|C","T|C","T/T","C/C","(HOVITM_028502,C,missense_variant)",0.3125,0.875,0.375,0.25,0.25
"160","scaffold_1856",116029,"GTAGCGACACTGCTGGCTGCT","missense_variant","MODERATE","HOVITM_035157","117G>T","Gln39His","C","A","C|A","C/C","C/C","C/C","A|A","A|A","C/C","A|A","C/C","C/C","C/C","A|A","C/C","C/C","C/C","C/C","(HOVITM_035157,A,missense_variant)",0.3125,0.125,0.125,0.5,0.75
"161","scaffold_2012",155631,"GGGGAAGAACCCCGTGATCAG","missense_variant","MODERATE","HOVITM_040122","42C>A","Asn14Lys","C","A","C/C","C/C","C/C","C/C","C/A","C/A","A/A","A/A","C/C","C/A","C/C","C/C","C/C","C/C","C/C","C/C","(HOVITM_040122,A,missense_variant)",0.3125,0.125,NA,0.625,0.75
"162","scaffold_2392",93280,"TGGAGTTCACTTCTCTAGGAC","missense_variant","MODERATE","HOVITM_049570","131C>T","Thr44Ile","C","T","C/C","C/C","C/C","C/C","T|T","C/T","C|T","T|T","C/C","C/C","C/C","C/C","C|T","C/C","C/C","C/C","(HOVITM_049570,T,missense_variant)",0.3125,NA,0.125,0.75,0.625
"163","scaffold_24228",7242,"TATGCAATGACTCGCTCTACT","missense_variant","MODERATE","HOVITM_050256","209T>C","Val70Ala","A","G","A/A","A/A","A/A","A/A","A/A","A|G","A|G","A/A","A|G","A/G","G|G","G|G","A/A","A/A","A/A","A/G","(HOVITM_050256,G,missense_variant)",0.3125,0.75,0.125,0.5,0.125
"164","scaffold_2874",42750,"AGCATCATAGAGCAGTGGCCG","missense_variant","MODERATE","HOVITM_058436","631G>C","Glu211Gln","G","C","G/G","G/G","G/G","G/C","G/G","C/C","G/C","G/G","C/C","C/C","C/C","C/C","G/G","G/G","G/C","G/G","(HOVITM_058436,C,missense_variant)",0.3125,0.875,NA,0.625,0.25
"165","scaffold_3267",63034,"AGTTAGCATAAATTGTACTAA","missense_variant","MODERATE","HOVITM_064683","3069A>G","Ile1023Met","A","G","A/A","A/A","A/A","A/A","A/A","A|G","A/A","A|G","G/G","G/G","A/G","A|G","A/A","A/A","A/G","A/A","(HOVITM_064683,G,missense_variant)",0.3125,0.75,0.125,0.5,NA
"166","scaffold_3267",63203,"GAAGAAAATTGTAAGATACGT","missense_variant","MODERATE","HOVITM_064683","3238T>C","Cys1080Arg","T","C","T/T","T/T","T/T","T/T","T/T","T|C","T/T","T|C","C|C","C|C","T|C","T|C","T/T","T/T","T|C","T/T","(HOVITM_064683,C,missense_variant)",0.3125,0.75,0.125,0.5,NA
"167","scaffold_3267",65691,"CTGTGGTTACCATTGAAGATG","missense_variant","MODERATE","HOVITM_064683","5726C>T","Thr1909Ile","C","T","C/C","C/C","C/C","C/C","C/C","C|T","C/C","C|T","T/T","T/T","C/T","C|T","C/C","C/C","C/T","C/C","(HOVITM_064683,T,missense_variant)",0.3125,0.75,0.125,0.5,NA
"168","scaffold_3267",66285,"CAAATGAATATGATAATGCAA","missense_variant","MODERATE","HOVITM_064683","6320A>C","Tyr2107Ser","A","C","A/A","A/A","A/A","A/A","A/A","A/C","A/A","A|C","C|C","C/C","A/C","A/C","A/A","A/A","A|C","A/A","(HOVITM_064683,C,missense_variant)",0.3125,0.75,0.125,0.5,NA
"169","scaffold_3267",67560,"CTATTCAGCGTAACGGCCAAA","missense_variant","MODERATE","HOVITM_064683","7595G>A","Arg2532His","G","A","G/G","G/G","G/G","G/G","G/G","G/A","G/G","G/A","A/A","A/A","G/A","G/A","G/G","G/G","G/A","G/G","(HOVITM_064683,A,missense_variant)",0.3125,0.75,0.125,0.5,NA
"170","scaffold_333",297570,"CCAACAGAGGCTCGCACAATA","missense_variant","MODERATE","HOVITM_065600","292C>T","Pro98Ser","G","A","G/A","G/G","G/G","G/A","G/A","G/G","G/G","G/G","A/A","G/A","A/A","A/A","G/A","G/G","G/G","G/G","(HOVITM_065600,A,missense_variant)",0.3125,0.625,NA,0.75,NA
"171","scaffold_3548",108660,"CGATGCCTCACGAAGAAGAAA","missense_variant","MODERATE","HOVITM_068266","524A>G","His175Arg","A","G","A/A","A/A","A/A","A/A","A/A","G/G","G/G","A/A","G/G","A/A","G/G","G/G","A/G","A/A","A/A","G/G","(HOVITM_068266,G,missense_variant)",0.3125,0.75,NA,0.25,NA
"172","scaffold_3574",96314,"ACAAAATGCTAGAAAAATTTC","missense_variant","MODERATE","HOVITM_068537","5T>A","Leu2Gln","T","A","T/T","T/A","T/A","T/T","T/T","T/T","T/T","T/T","A/A","A/A","T/T","A/A","T/T","T/A","T/T","T/T","(HOVITM_068537,A,missense_variant)",0.3125,0.5,NA,0.75,NA
"173","scaffold_7026",36175,"ATAGATATAGTCATTGTCAGT","missense_variant","MODERATE","HOVITM_100461","1122C>A","Asp374Glu","G","T","G/G","G/G","G/G","G/T","G/T","T/T","G/T","G/G","G/T","G/T","G/G","G/G","T/T","T/T","G/T","T/T","(HOVITM_100461,T,missense_variant)",0.25,0.125,0.75,0.25,0.375
"174","scaffold_932",163159,"GCTGAGAAGAATTTCAATACC","missense_variant","MODERATE","HOVITM_114991","91A>C","Asn31His","A","C","A/C","C/C","A/C","C/C","C/C","C/C","A/A","A/A","C/C","A/A","C/C","C/C","A/A","A/A","A/A","A/A","(HOVITM_114991,C,missense_variant)",0.25,NA,0.75,0.25,0.5
"175","scaffold_1144",196986,"ctcctgcccccgtggctgcgc","missense_variant","MODERATE","HOVITM_007688","1943C>T","Pro648Leu","C","T","C|T","C|T","C|T","C/C","C/C","C/C","C/C","C/C","T|T","C/C","T|T","T|T","C/C","C/C","C|T","C/C","(HOVITM_007688,T,missense_variant)",0.25,0.375,0.25,0.75,0.125
"176","scaffold_1338",48642,"GCTTCCCCGTTCAGCCTCAAG","missense_variant","MODERATE","HOVITM_016113","1246T>C","Phe416Leu","T","C","T|C","T|C","T/T","T/T","T/T","C/C","C/C","C|C","T|C","C/C","T/T","T|C","T/T","T/T","T/T","T/T","(HOVITM_016113,C,missense_variant)",0.25,0.25,0.25,0.25,0.75
"177","scaffold_1430",21375,"CACATGAAATATCTCCACGGA","missense_variant","MODERATE","HOVITM_019956","409A>G","Ile137Val","T","C","C/C","C/C","T/C","T/T","T/C","T/T","T/T","T/C","C/C","C/C","C/C","C/C","T/T","T/C","T/C","T|C","(HOVITM_019956,C,missense_variant)",0.25,0.375,0.25,0.75,0.125
"178","scaffold_2053",77861,"GTGCTTGTGTTTCGAGGATGA","missense_variant","MODERATE","HOVITM_041251","110T>G","Val37Gly","T","G","T|G","T|G","T|G","T|G","G|G","G|G","G|G","G|G","G|G","G|G","G|G","T/T","T|G","T|G","T/T","T/T","(HOVITM_041251,G,missense_variant)",0.25,0.25,0.25,0.25,0.75
"179","scaffold_2142",143585,"CCAGAGGAAGCTTCTACAAAG","missense_variant","MODERATE","HOVITM_043598","1942G>A","Ala648Thr","G","A","G/A","G/A","A/A","A/A","G/G","G/G","G/G","G/G","G/G","G/G","G/G","G/G","G/G","G/A","G/A","G/G","(HOVITM_043598,A,missense_variant)",0.25,0.75,0.5,NA,0.25
"180","scaffold_223",336444,"CTGTTCACTTAGCAGTCCAGG","missense_variant","MODERATE","HOVITM_045833","398T>C","Leu133Ser","T","C","T/C","T/T","T/T","C/C","T/T","T/T","T/C","T/T","T/C","C/C","C/C","C|C","T/T","T/T","T/C","T/T","(HOVITM_045833,C,missense_variant)",0.25,0.5,0.25,0.75,NA
"181","scaffold_230",140417,"GACACTGCAAATGTGACAAGA","missense_variant","MODERATE","HOVITM_047520","1507A>G","Asn503Asp","A","G","A|G","A|G","A|G","A|G","A/A","A/A","A/A","A/A","A/A","G|G","A/A","A/A","A|G","G|G","G|G","A|G","(HOVITM_047520,G,missense_variant)",0.25,0.25,0.25,0.25,0.75
"182","scaffold_230",140421,"CTGCAAATGTGACAAGAGATG","missense_variant","MODERATE","HOVITM_047520","1511T>G","Val504Gly","T","G","T|G","T|G","T|G","T|G","T/T","T/T","T/T","T/T","T/T","G|G","T/T","T/T","T|G","G|G","G|G","T|G","(HOVITM_047520,G,missense_variant)",0.25,0.25,0.25,0.25,0.75
"183","scaffold_2486",44047,"CAGCTTGGACAACTGGATTAT","missense_variant","MODERATE","HOVITM_051473","262G>A","Val88Ile","C","T","T/T","C|T","C|T","C/C","C/C","C/C","C/C","C/C","C/C","C/C","C/C","T/T","T/T","T/T","C/T","C/T","(HOVITM_051473,T,missense_variant)",0.25,0.25,0.25,0.25,0.75
"184","scaffold_3544",10028,"CCTATGTCAAAAAAAACCTCT","missense_variant","MODERATE","HOVITM_068229","803A>G","Lys268Arg","A","G","A/A","A/A","A/A","A/A","A/A","A/A","G/G","A/A","G/G","A/G","G/G","A/G","A/A","A/A","A/A","A/A","(HOVITM_068229,G,missense_variant)",0.25,0.75,NA,0.5,NA
"185","scaffold_3751",78123,"GGACTGGCAATGAACAATCCA","missense_variant","MODERATE","HOVITM_070724","1001A>C","Asn334Thr","A","C","C/C","A/A","C/C","A/A","C/C","A/C","C/C","C/C","A/A","A/C","A/A","A/A","C/C","C/C","A/A","C/C","(HOVITM_070724,C,missense_variant)",0.25,0.375,NA,0.75,NA
"186","scaffold_32",385113,"CAACAATTAAATGATACTCTT","missense_variant","MODERATE","HOVITM_063695","19162A>G","Asn6388Asp","A","G","G/G","A/G","G/G","A/G","A/A","A/A","A/A","A/A","A/A","A/A","A/A","A/A","A/G","A/G","A/A","A/G","(HOVITM_063695,G,missense_variant)",0.1875,0.75,0.375,NA,0.375
"187","scaffold_536",310421,"GACGGATGCAATATGTCCCCA","missense_variant","MODERATE","HOVITM_087110","983A>G","Gln328Arg","A","G","A/G","A/A","A/G","A/G","A/A","A/A","A/A","A/A","G/G","A/A","G/G","G/G","A/A","A/A","A/A","A/A","(HOVITM_087110,G,missense_variant)",0.1875,0.375,0.375,0.75,NA
"188","scaffold_839",238160,"TCCCTCGAGTTGCAATCGCTC","missense_variant","MODERATE","HOVITM_109511","482A>C","Asn161Thr","T","G","T/T","T/T","T/T","T/G","G/G","T/G","G/G","G/G","T/T","T/T","T/T","T/G","T/G","T/G","T/G","T/G","(HOVITM_109511,G,missense_variant)",0.1875,NA,0.375,0.75,0.375
"189","scaffold_1824",32529,"GGAAGGTGGGTTGAACATGAG","missense_variant","MODERATE","HOVITM_034167","511C>T","Pro171Ser","G","A","G/G","G/G","G/G","G/G","G|A","A|A","A|A","A/A","G/G","G|A","G|A","G|A","G|A","G/G","G/G","G/G","(HOVITM_034167,A,missense_variant)",0.1875,0.375,0.125,0.5,0.75
"190","scaffold_282",175449,"CTGCGATATGGATAGTTACGT","missense_variant","MODERATE","HOVITM_057590","204G>C","Met68Ile","G","C","G/G","G/G","C/C","C/C","G/G","G/G","G/G","G/G","G/G","G/G","G/C","G/G","C/C","C/C","C/C","G/G","(HOVITM_057590,C,missense_variant)",0.1875,0.375,0.25,0.125,0.75
"191","scaffold_3245",32278,"GAGAACAAGGCTAAAAAACAG","missense_variant","MODERATE","HOVITM_064359","628G>A","Ala210Thr","G","A","G|A","G/G","G/G","G|A","A|A","A|A","A|A","G/G","A|A","A|A","A|A","A|A","G|A","A|A","G/G","G/G","(HOVITM_064359,A,missense_variant)",0.1875,0.75,0.125,0.25,NA
"192","scaffold_796",168747,"CACCAAATCTTCGCGCATAGC","missense_variant","MODERATE","HOVITM_106871","201A>C","Glu67Asp","T","G","T/T","T/T","T/T","T/T","T/G","T/G","G/G","T/G","G/G","G/G","T/G","G/G","T/T","T/T","T/T","T/T","(HOVITM_106871,G,missense_variant)",0.125,0.875,NA,0.25,0.625
"193","scaffold_1663",66630,"GAAATGTTCATGTTTGGACCA","missense_variant","MODERATE","HOVITM_028725","984T>G","His328Gln","A","C","A/A","A/A","A/A","A/A","C/C","C/C","C/C","A/A","A/A","A/A","A/A","A/A","C/C","A/A","A/A","C/C","(HOVITM_028725,C,missense_variant)",0.125,NA,0.5,0.75,0.25
"194","scaffold_2876",71872,"GAACAACGCGCCACAGGATTT","missense_variant","MODERATE","HOVITM_058477","391G>A","Ala131Thr","G","A","G/G","A/A","G/G","A/A","G/G","G/G","G/G","G/G","G/G","A/A","A/A","A/A","G/G","G/G","G/G","G/G","(HOVITM_058477,A,missense_variant)",0.125,0.25,0.5,0.75,NA
"195","scaffold_796",168653,"CTATACCAGACTGTAGGCCCA","missense_variant","MODERATE","HOVITM_106871","295T>C","Ser99Pro","A","G","A/A","A/A","G|G","A/A","A|G","G|G","G|G","A|G","G|G","G|G","G|G","A|G","A/A","A/A","A/A","A/A","(HOVITM_106871,G,missense_variant)",0.0625,0.625,0.25,0.125,0.75
"196","scaffold_796",168665,"GTAGGCCCACGGGCATATGTA","missense_variant","MODERATE","HOVITM_106871","283G>A","Val95Met","C","T","C/C","C/C","T|T","C/C","C|T","T|T","T|T","C|T","T|T","T|T","T|T","C|T","C/C","C/C","C/C","C/C","(HOVITM_106871,T,missense_variant)",0.0625,0.625,0.25,0.125,0.75
"197","scaffold_796",168677,"GCATATGTACAAGATACAAAT","missense_variant","MODERATE","HOVITM_106871","271G>A","Val91Ile","C","T","C/C","C/C","T|T","C/C","C|T","T|T","T|T","C|T","T|T","T|T","T|T","C|T","C/C","C/C","C/C","C/C","(HOVITM_106871,T,missense_variant)",0.0625,0.625,0.25,0.125,0.75
"198","scaffold_5",283782,"TCATGAAAGTGGGATACACAG","missense_variant","MODERATE","HOVITM_083751","53A>T","His18Leu","T","A",".","T/T","T/T","T/T","T/T","T/T","T/T","T/T","A/A","T/A","T/T","T/A","A/A","T/T","A/A","A/A","(HOVITM_083751,A,missense_variant)",NA,NA,NA,0.5,0.75
"199","scaffold_5080",46869,"GAACTGGAATAGGCACTTTGG","missense_variant","MODERATE","HOVITM_084596","602T>C","Ile201Thr","T","C","T/T",".","T/T","T/T","C/C","C/C","C/C","T/T","T/T","T/T","T/T","T/T",".","T/T","T/T","C/C","(HOVITM_084596,C,missense_variant)",NA,NA,NA,0.75,NA
"200","scaffold_536",20493,"CATAAGAGGTCACTAGCAGAT","missense_variant","MODERATE","HOVITM_087089","25A>T","Thr9Ser","T","A","T/T","T/T","T/T","T/T","T/T","T/A","T/A","T/A","T/A","A/A","A/A","A/A","T/T","T/T","T/T",".","(HOVITM_087089,A,missense_variant)",NA,0.875,NA,0.5,NA
"201","scaffold_6642",29603,"TTGGGTAAAGCGAAAGTGAAG","missense_variant","MODERATE","HOVITM_097532","70G>A","Ala24Thr","G","A",".","G/G",".","G/A","G/G","G/G","G/G","G/G","G/G","A/A","A/A","A/A","G/G","G/G",".","A/A","(HOVITM_097532,A,missense_variant)",NA,NA,NA,0.75,NA
"202","scaffold_708",206330,"TGACTCAATCCTCGCCAATCT","missense_variant","MODERATE","HOVITM_100924","423G>T","Arg141Ser","C","A","A/A","A/A",".","C/A","C/A","C/A","C/C","C/C","C/C","A/A","A/A","C/A","A/A","A/A","A/A","A/A","(HOVITM_100924,A,missense_variant)",NA,NA,NA,0.375,0.75
"203","scaffold_748",136458,"ACGCATGACCTGCAATCCTCT","missense_variant","MODERATE","HOVITM_103763","254G>A","Arg85Lys","C","T","C/C","C/C",".","C/C","T|T","T|T","C|T","C|T","C|T","C|T","T|T","C|T","C/C","C/C","C/C","C/C","(HOVITM_103763,T,missense_variant)",NA,NA,NA,0.125,0.75
"204","scaffold_777",266373,"CTGGAACGTTTTTTGCAGATT","missense_variant","MODERATE","HOVITM_105624","688A>C","Asn230His","T","G","T/G","T/T",".","T/T","G/G","G/G","T/T","G/G","T/T","T/T","T/T","T/T",".","T/T","T/T","T/G","(HOVITM_105624,G,missense_variant)",NA,NA,NA,0.75,NA
"205","scaffold_8310",34731,"TGACAGATGTTGTTAAGGCCG","missense_variant","MODERATE","HOVITM_109027","107A>C","Asn36Thr","T","G",".",".","T|G","T|G","T/T","T/T","T/T","T/T","T/T","T/T","T/T","G|G","G|G","T/T","G|G","G|G","(HOVITM_109027,G,missense_variant)",NA,NA,NA,0.25,0.75
"206","scaffold_829",22885,"ATTAGAGCTGTGCCACTTAGT","missense_variant","MODERATE","HOVITM_108832","23C>T","Thr8Ile","G","A",".","A/A","A/A",".","A/A","A/A","A/A","A/A","G/G","G/A","G/G","G/A","G/A","G/G","G/A","G/G","(HOVITM_108832,A,missense_variant)",NA,NA,NA,0.75,0.75
"207","scaffold_8844",52568,"GACAGCGTGGCGCGGCACCTC","missense_variant","MODERATE","HOVITM_112125","106G>A","Ala36Thr","G","A",".","G/G","G/G","G/G","A/A","G/G","A/A","A/A","A/A","G/G","G/A","G/G","G/G","G/G","G/G","G/G","(HOVITM_112125,A,missense_variant)",NA,NA,NA,0.375,0.75
"208","scaffold_889",110898,"GAAAGATTTACACTCCATGCT","missense_variant","MODERATE","HOVITM_112363","1452T>G","Cys484Trp","A","C",".","A/A","C/C","A/C","C/C","C/C","C/C","C/C","A/A","C/C","A/A","A/A","A/C","A/A","A/A","C/C","(HOVITM_112363,C,missense_variant)",NA,NA,NA,0.75,0.625
"209","scaffold_82",514959,"GATGGTCCTGATAGCATGTTC","missense_variant","MODERATE","HOVITM_108341","609C>G","Ile203Met","G","C","G/G","G/G","G/C","G/G","G/G","G/G","G/G","G/G","C/C","G/C","C/C","G/C","G/C","G/C","G/G",".","(HOVITM_108341,C,missense_variant)",NA,0.625,NA,0.75,NA
"210","scaffold_89",638660,"GAATTTCTTTTTGCTCTGAGA","missense_variant","MODERATE","LIG3","82A>C","Lys28Gln","T","G","T/T",".","G/G",".","G/G","G/G","G/G","G/G","T/T","T/G","T/G","T/T","G/G","G/G",".",".","(LIG3,G,missense_variant)",NA,NA,NA,0.75,NA
"211","scaffold_1109",54458,"GACACGAACGTCTCTAAACTG","missense_variant","MODERATE","HOVITM_006034","1390G>A","Val464Ile","G","A","G/G","G/G","G/G","G/G","G/G","G/G","G/G","G/G","A/A","G/G","A/A","A/A","G/G","G/G","G/G",".","(HOVITM_006034,A,missense_variant)",NA,0.75,NA,0.75,NA
"212","scaffold_1215",132116,"ATAGCGTGACAAGTCAAGTTC","missense_variant","MODERATE","HOVITM_010932","293C>A","Thr98Lys","C","A","C/C","C/C","C/C","C/C","A/A","A|A","C/A","A/A","C/C","C/A","C/C","C/C","C/C",".","C/C","C/C","(HOVITM_010932,A,missense_variant)",NA,0.125,NA,0.75,NA
"213","scaffold_1215",132449,"TTTCCTTTGCTGGAAATAAAG","missense_variant","MODERATE","HOVITM_010932","626C>T","Ala209Val","C","T",".","C/C","C/C","T/T","T/T","T/T","T/T","T/T","C/T","C/T","C|T","C/T","T/T","C/C","C/C","C/C","(HOVITM_010932,T,missense_variant)",NA,NA,NA,0.5,0.75
"214","scaffold_1256",139715,"TTCTCCGGATTATGGGTGCTT","missense_variant","MODERATE","HOVITM_012778","59A>G","Asn20Ser","T","C","C/C","T/C",".","T/C","T/C","T/T","T/T","T/T","C/C","T/C","T/T","C/C","C/C","C/C","T/C","C/C","(HOVITM_012778,C,missense_variant)",NA,NA,NA,0.5,0.75
"215","scaffold_1567",189116,"AAATCTTACTATGTTTTATTC","missense_variant&splice_region_variant","MODERATE","HOVITM_025198","142A>G","Thr48Ala","T","C","T/T","C|C",".",".","T/T","C|C","T/T","T/T","T/T","T/T","T|C","C|C","C|C","C|C","C|C","C|C","(HOVITM_025198,C,missense_variant&splice_region_variant)",NA,NA,NA,0.125,0.75
"216","scaffold_1567",189128,"GTTTTATTCTTAGCCATTCTT","missense_variant","MODERATE","HOVITM_025198","130A>G","Arg44Gly","T","C","T/T","C|C",".",".","T/T","C|C","T/T","T/T","T/T","T/T","T|C","C|C","C|C","C|C","C|C","C|C","(HOVITM_025198,C,missense_variant)",NA,NA,NA,0.125,0.75
"217","scaffold_19596",2054,"GGATGCAGCACAGACGGAAAC","missense_variant","MODERATE","HOVITM_038438","169A>G","Thr57Ala","A","G","A/A","G/G","A/G","A/A","G/G","G/G","A/G","A/G","A/A","A/A","A/A","A/A",".","A/A",".","G/G","(HOVITM_038438,G,missense_variant)",NA,0.375,NA,0.75,NA
"218","scaffold_1968",95454,"GATCAGCTGATTTAATCTCAA","missense_variant","MODERATE","HOVITM_038696","1102T>C","Ser368Pro","A","G",".","A/G","A/A","A/G","G/G","G/G","G/G","G/G","A/A","A/A","A/G","A/A","A/A","A/A","A/A","A/A","(HOVITM_038696,G,missense_variant)",NA,NA,NA,0.875,1
"219","scaffold_20134",10117,"AGTCGAGGGACTGTTCCACGG","missense_variant","MODERATE","HOVITM_040159","199A>G","Thr67Ala","A","G","G|G","G|G","G|G","G|G","A|G","A/A","G|G","G|G","A/A","A/A","G|G","A/A",".",".","A/A","A|G","(HOVITM_040159,G,missense_variant)",NA,0.75,NA,0.375,NA
"220","scaffold_2025",15952,"CCCTAGATACGGTCTTAAAGG","missense_variant","MODERATE","HOVITM_040487","356C>A","Thr119Lys","C","A",".","C/A",".","C/C","C/C","C/C","C/C","C/C","A/A","A/A","A/A","C/C","C/C","C/A","C/A","C/C","(HOVITM_040487,A,missense_variant)",NA,NA,NA,0.75,0.25
"221","scaffold_2050",152526,"GCACCAGGAAAAAAGACGACA","missense_variant","MODERATE","HOVITM_041169","1424A>G","Lys475Arg","A","G",".","G/G","A/A","G/G","G/G","A/A","A/A","A/A","A/A","G/G","G/G","A/A","G/G","G/G","G/G","G/G","(HOVITM_041169,G,missense_variant)",NA,NA,NA,0.25,0.75
"222","scaffold_20653",6259,"CGACTAGGCGAACCCATCGAC","missense_variant","MODERATE","HOVITM_041582","202G>A","Glu68Lys","G","A","G/G",".","G/G","G/G","G/G","G/G","G/G","G/G","A/A","A/A","A/A","G/G","G/G","G/G","G/A","A/A","(HOVITM_041582,A,missense_variant)",NA,NA,NA,0.75,0.375
"223","scaffold_2053",77918,"GCCGTTTCAGACTGTGGCAGG","splice_acceptor_variant&intron_variant","HIGH","HOVITM_041251","147-1G>A","","G","A","G/G",".","G/A",".","A/A","A/A","A/A","A/A","A/A","G/G","A/A","G/G","G/G","G/G","G/G","G/G","(HOVITM_041251,A,splice_acceptor_variant&intron_variant)",NA,NA,NA,0.5,1
"224","scaffold_2126",67728,"GTCAAACTTACCGACTTCGGG","missense_variant","MODERATE","HOVITM_043189","472A>G","Thr158Ala","A","G",".","A/A","A/A","A/A","A/A","A/A","A/A","A/A","A/A","A/A","A/G","A/A","G/G","A/G","A/G","G/G","(HOVITM_043189,G,missense_variant)",NA,NA,NA,0.125,0.75
"225","scaffold_2213",82279,"ATGGACTTGACTCAGATGTGC","missense_variant","MODERATE","HOVITM_045338","571A>G","Thr191Ala","A","G",".",".","G/G","G/G","G/G","G|G","G|G","G/G","G/G","A/A","A/A","A/A","G/G","G/G","A/A","A/A","(HOVITM_045338,G,missense_variant)",NA,NA,NA,0.75,0.5
"226","scaffold_247",371256,"TCAGCTATAAAGGAAAACAAA","stop_gained","HIGH","HOVITM_051119","76A>T","Lys26*","A","T","A/A",".","A/A","T/T","T/T","T/T","A/A","T/T","A/A","A/A","A/A","A/A","A/A","A/T","A/A","A/A","(HOVITM_051119,T,stop_gained)",NA,NA,NA,0.75,0.625
"227","scaffold_247",371316,"GGCTGTCTACGCTCAGATTAT","missense_variant","MODERATE","HOVITM_051119","136C>T","Arg46Cys","C","T","C/T",".","C/C","C/C","T/T","T/T","C/C","T/T","C/C","C/C","C/C","C/C","C/T","C/T","C/T","C/C","(HOVITM_051119,T,missense_variant)",NA,NA,NA,0.75,0.375
"228","scaffold_278",40282,"TCGGTCATTGTTCAGGACTAC","missense_variant","MODERATE","HOVITM_056900","184G>A","Val62Ile","G","A","G|A","A/A","A|A","A/A","A/A","A/A","G|G","G/G","G/G","G/G","G/G","G/G","G/G",".","G/G","G/G","(HOVITM_056900,A,missense_variant)",NA,0.875,NA,0.5,NA
"229","scaffold_278",40594,"GATGATGGATTTACCGGCACC","missense_variant","MODERATE","HOVITM_056900","307T>A","Phe103Ile","T","A","T|A","A/A","A|A","A/A","A/A","A/A","T/A","T/T","T/T","T/T","T/A","T/T","T/T",".","T/T","T/T","(HOVITM_056900,A,missense_variant)",NA,0.75,NA,0.5,NA
"230","scaffold_3026",35489,"GATTGCTTCGACTACAACGTC","missense_variant","MODERATE","HOVITM_061242","451G>A","Asp151Asn","G","A",".","A|A","A|A","A|A","G/G","G|A","G/G","G/G","A|A","G/G","G|A","G|A","G|A","A|A","A|A","A|A","(HOVITM_061242,A,missense_variant)",NA,NA,NA,0.375,0.75
"231","scaffold_3026",35492,"TGCTTCGACTACAACGTCTAC","missense_variant","MODERATE","HOVITM_061242","454T>G","Tyr152Asp","T","G",".","G|G","G|G","G|G","T/T","T|G","T/T","T/T","G|G","T/T","T|G","T|G","T|G","G|G","G|G","G|G","(HOVITM_061242,G,missense_variant)",NA,NA,NA,0.375,0.75
"232","scaffold_3026",35546,"CTCGGGTTCATACACGAGCAG","missense_variant","MODERATE","HOVITM_061242","508A>G","Ile170Val","A","G",".","G/G","G/G","G/G","A/A","A/G","A/A","A/A","G|G","A/A","G/G","A/G","A/G","G|G","G/G","G/G","(HOVITM_061242,G,missense_variant)",NA,NA,NA,0.5,0.75
"233","scaffold_3026",43410,"GGTAATTCTAATGGGCAGTTA","missense_variant","MODERATE","HOVITM_061243","37A>G","Asn13Asp","A","G",".","A/A","G|G","G|G","A/A","A/A","A/A","A/A","G/G","A/A","A/A","G|G","A/A","G|G","G|G","G/G","(HOVITM_061243,G,missense_variant)",NA,NA,NA,0.5,0.75
"234","scaffold_3026",43412,"TAATTCTAATGGGCAGTTAAC","missense_variant","MODERATE","HOVITM_061243","39T>A","Asn13Lys","T","A",".","T/T","A|A","A|A","T/T","T/T","T/T","T/T","A/A","T/T","T/T","A|A","T/T","A|A","A|A","A/A","(HOVITM_061243,A,missense_variant)",NA,NA,NA,0.5,0.75
"235","scaffold_3026",43474,"GTCCAACTTTCTGTCAGCGGT","missense_variant","MODERATE","HOVITM_061243","101T>A","Phe34Tyr","T","A",".","T/T","A|A","A|A","T/T","T/T","T/T","T/T","A|A","T/T","T/T","A|A","T/T","A|A","A|A","A|A","(HOVITM_061243,A,missense_variant)",NA,NA,NA,0.5,0.75
"236","scaffold_3026",43483,"TCTGTCAGCGGTATCCTCAGC","missense_variant","MODERATE","HOVITM_061243","110G>A","Arg37Gln","G","A",".","G/G","A|A","A|A","G/G","G/G","G/G","G/G","A|A","G/G","G/G","A|A","G/G","A|A","A|A","A|A","(HOVITM_061243,A,missense_variant)",NA,NA,NA,0.5,0.75
"237","scaffold_3163",117489,"GGATTCAGATGAAAAACGAGA","missense_variant","MODERATE","HOVITM_063205","2112T>G","Asp704Glu","T","G","T/T","T/T","T/T","T/T","T/T","T/T","T/T","T/T","T/G","G|G","G|G","G|G","T/T","T/T",".","G|G","(HOVITM_063205,G,missense_variant)",NA,0.875,NA,0.875,NA
"238","scaffold_327",97652,"GGGTGGCCTTTGATGTAGGAT","missense_variant","MODERATE","HOVITM_064711","3920A>G","Lys1307Arg","T","C","C/C","T/C","T/T","T/T","C/C","C/C","C/C","C/C","C/C","T/T","T/T","T/T",".",".","T/T","C/C","(HOVITM_064711,C,missense_variant)",NA,0.125,NA,0.75,NA
"239","scaffold_3779",81423,"ACACGGGGATTACGTCGCCTG","missense_variant","MODERATE","HOVITM_071028","199A>G","Ile67Val","T","C","T/T",".","T/T","T/T","C|C","C|C","C|C","C|C","T/T","T/T","T/T","T/T","T/T","T|T","T/T","T/T","(HOVITM_071028,C,missense_variant)",NA,NA,NA,1,NA
"240","scaffold_37",434790,"ATTAAAATAACAGAACTTATA","missense_variant","MODERATE","HOVITM_070122","95T>C","Val32Ala","A","G","A/A",".","A/A","A/G","A/A","A/A","A/A","A/A",".","A/A","G/G","G/G","A/G","G/G","G/G","G/G","(HOVITM_070122,G,missense_variant)",NA,NA,NA,NA,0.875
"241","scaffold_5",284406,"ATGGAACAAGATAAAAAGTTC","missense_variant","MODERATE","HOVITM_083752","407G>C","Arg136Thr","G","C",".","G/G","G/G","G/G","G/G","G/G","G/G","G/G",".","G/C","G/G","G/G","C/C","G/G","C/C","C/C","(HOVITM_083752,C,missense_variant)",NA,NA,NA,NA,0.75
"242","scaffold_6084",62937,"tggcgaaatcactaatattac","missense_variant","MODERATE","HOVITM_093192","293C>T","Ser98Leu","C","T","T/T","T/T","C/T","T/T","C/C","T/T","T/T","C/T",".","C|T","C/C","T/T","C/C","C/C","C/C","C/T","(HOVITM_093192,T,missense_variant)",NA,NA,0.75,NA,0.5
"243","scaffold_647",15511,"CTCCGCAGTCACAGTGCTGGC","missense_variant","MODERATE","HOVITM_096194","2200G>A","Asp734Asn","C","T","C/C","C/T","C/C","T/T","T/T","C/C","T/T","T/T","C/C",".","C/C",".","C/C","C/C","C/C","C/C","(HOVITM_096194,T,missense_variant)",NA,NA,0.375,NA,0.75
"244","scaffold_945",194331,"TGCTGCCAGAGCGAATGCCAG","missense_variant","MODERATE","HOVITM_115673","99A>T","Arg33Ser","A","T","A/A","A|T","T/T",".","T|T","T|T","T|T","T|T","T|T","T|T","T|T",".","A/A","A|T","A/A","A|T","(HOVITM_115673,T,missense_variant)",NA,NA,NA,NA,0.75
"245","scaffold_82",629920,"CTCCAGTGGCAATCATGGCTT","missense_variant","MODERATE","HOVITM_108347","2366C>T","Ala789Val","C","T","C/C","C/C","C/C","C/C","C/C","C/C","C/T","C/C",".","C/C",".",".","T/T","C/C","T/T","T/T","(HOVITM_108347,T,missense_variant)",NA,NA,0.75,NA,0.625
"246","scaffold_83",418284,"ATTCGAATCGCCTCTGAAGGA","missense_variant","MODERATE","HOVITM_108963","728C>A","Ala243Glu","G","T","T/T","G/G",".","G/T","G/T","T/T","T/T","T/T","G/G","G/T","G/G",".","G/T","G/G","G/G","G/G","(HOVITM_108963,T,missense_variant)",NA,NA,NA,NA,0.75
"247","scaffold_1098",124830,"AGAGAATATTTATTACTACTT","missense_variant","MODERATE","HOVITM_005476","1162T>G","Leu388Val","T","G",".","T/T","T/T","T/T","T/T","T/T","T/T","T/T",".","T/T","T/T",".","G/G","T/T","G/G","G/G","(HOVITM_005476,G,missense_variant)",NA,NA,NA,NA,0.75
"248","scaffold_1098",124870,"TCCAATCGACAGTAATCTCCA","missense_variant","MODERATE","HOVITM_005476","1202C>A","Thr401Lys","C","A","C/C","C/C","C/C","C/C","A|A","C|A","C|A","C|A",".","C|A","C/C",".","A|A","C/C","A|A","A|A","(HOVITM_005476,A,missense_variant)",NA,NA,0.75,NA,0.125
"249","scaffold_1271",37950,"ATTGACCTTCATGTGTGTCAT","missense_variant","MODERATE","HOVITM_013369","217G>A","Glu73Lys","C","T","C/C","C/T","C/C","C/C","C/C","C/T","C/C","C/C","C/C","C/C","C/T",".","T/T","T/T","C/T","T/T","(HOVITM_013369,T,missense_variant)",NA,NA,0.75,NA,0.75
"250","scaffold_16703",27798,"attggttttgatgaagatgaa","missense_variant","MODERATE","HOVITM_029006","118G>C","Asp40His","G","C",".",".",".","C/C","G/G","G/C","G/G","G/G","G/G","C/C","C/C",".","C/C","G/C","C/C","C/C","(HOVITM_029006,C,missense_variant)",NA,NA,NA,NA,0.75
"251","scaffold_1705",140304,"CAAAACACATTACAGATTCAA","missense_variant","MODERATE","HOVITM_030304","452T>C","Ile151Thr","T","C",".","T/T","T/T","T|C","C/C","T/C","T/C","C/C","T/T",".","T/T","T/C","T/T","T/T","T/T","T|T","(HOVITM_030304,C,missense_variant)",NA,NA,NA,NA,0.75
"252","scaffold_1705",140699,"TGGAGCATTTCTTTAAATTAT","missense_variant","MODERATE","HOVITM_030304","847T>C","Ser283Pro","T","C","T/T","T/C",".","C|C","C/C","C/C","C/C","C/C","T/T",".","T/C","T/T","T/T","C/C","T/T","T/T","(HOVITM_030304,C,missense_variant)",NA,NA,NA,NA,0.75
"253","scaffold_1705",140752,"AAATTTAATGAAATGTTTCTC","missense_variant","MODERATE","HOVITM_030304","900G>T","Met300Ile","G","T","G/G","T|T",".","T/T","T/T","T/T","T/T","T/T","G/G",".","G/T",".","G/G","T/T","G/G","G/G","(HOVITM_030304,T,missense_variant)",NA,NA,NA,NA,0.75
"254","scaffold_1832",166378,"CGTTCGGGTTGTACAAGAAGG","missense_variant","MODERATE","HOVITM_034434","262A>G","Asn88Asp","T","C","C|C","T/T","T|C","T|C","T|C","T|C","C|C","C|C","T/T",".","T/T","T/T","T/T","T/T","T/T","T/T","(HOVITM_034434,C,missense_variant)",NA,NA,0.5,NA,0.75
"255","scaffold_20392",8620,"TTGTGTGGTTTTCTGTACAAC","missense_variant","MODERATE","HOVITM_040871","966A>T","Lys322Asn","T","A","T/T",".","A|A","A|A","T/T","T/T","T/T","T/T","A|A","T|A","T/T",".","A|A","T/T","A|A","A|A","(HOVITM_040871,A,missense_variant)",NA,NA,NA,NA,0.75
"256","scaffold_2228",97217,"GTTATCTACACAGAATCTACA","missense_variant","MODERATE","HOVITM_045774","580A>G","Thr194Ala","A","G","G/G","A/A",".","A/A","G/G","G/G","G/G","A/G",".","G/G","G/G","G/G","A/G","A/A","A/A","A/A","(HOVITM_045774,G,missense_variant)",NA,NA,NA,NA,0.75
"257","scaffold_226",268347,"TAGGTGCTGTAGTTGCAACAG","missense_variant","MODERATE","HOVITM_046553","1183A>G","Thr395Ala","T","C","T/C","T/T","T/T","T/T","T/C","C/C","C/C","T/C",".","T/T","T/T",".","T/T","T/T","T/T","T/T","(HOVITM_046553,C,missense_variant)",NA,NA,0.125,NA,0.75
"258","scaffold_2690",155965,"CCTCGCAGATCGTATTTCCGT","missense_variant","MODERATE","HOVITM_055318","103A>C","Ile35Leu","T","G","G|G","T/T",".","T/T","T/T","T/T","T/T","T/T",".","G|G","T/T",".","G|G","T/T","G|G","G|G","(HOVITM_055318,G,missense_variant)",NA,NA,NA,NA,0.75
"259","scaffold_2836",126795,"TGAGGGGGAGGAGGCCACAGA","missense_variant","MODERATE","HOVITM_057825","1521G>T","Glu507Asp","G","T","T/T","G/T","T/T","G/G","G/G","G/G","G/G","G/G",".",".","G/T","G/G","G/T","G/T","T/T","T/T","(HOVITM_057825,T,missense_variant)",NA,NA,0.125,NA,0.75
"260","scaffold_2928",111402,"TGGCTTTTCACTCGACTCAAT","missense_variant","MODERATE","HOVITM_059286","352A>T","Thr118Ser","A","T","A/T","T/T",".","A/T","A/A","A/T","A/A","A/A",".","A/A","A/A","T/T","T/T","T/T","T/T","T/T","(HOVITM_059286,T,missense_variant)",NA,NA,NA,NA,0.875
"261","scaffold_2928",116396,"CGACGCCAATTTTGTGGATGT","missense_variant","MODERATE","HOVITM_059286","834T>G","Asn278Lys","T","G","T/T","G|G","G|G","T|G","T/T","T|G","T|G","T/T","G|G","T|G","T/T",".","G|G","G|G","G|G","G/G","(HOVITM_059286,G,missense_variant)",NA,NA,0.375,NA,0.75
"262","scaffold_39",313573,"TATTTTCATGTGGAGGTGAGA","missense_variant","MODERATE","HOVITM_072485","49C>A","His17Asn","G","T","G/G","G/G","G/G","G/G","T/T",".","T/T","G/G","T/T","T/T","G/G","T/T","G/T","G/G","G/G","G/G","(HOVITM_072485,T,missense_variant)",NA,0.75,0.125,NA,NA
"263","scaffold_7297",64296,"TGAGTGCATGCAAAGACGTCA","missense_variant","MODERATE","HOVITM_102458","695C>A","Ala232Glu","G","T","T|T","G/G","T|T","T|T","T|T","G|T",".",".","G/G","G/G","G/G","G/G","G|T","G|T","T|T","G/G","(HOVITM_102458,T,missense_variant)",NA,0.75,0.25,NA,NA
"264","scaffold_7297",64306,"CAAAGACGTCATTAGCAATTC","missense_variant","MODERATE","HOVITM_102458","685G>T","Asp229Tyr","C","A","A|A","C/C","A|A","A|A","A|A","C|A",".",".","C/C","C/C","C/C","C/C","C|A","C|A","A|A","C/C","(HOVITM_102458,A,missense_variant)",NA,0.75,0.25,NA,NA
"265","scaffold_7297",64317,"TTAGCAATTCCATCACACTTT","missense_variant","MODERATE","HOVITM_102458","674G>A","Gly225Glu","C","T","T/T","C/C","T|T","T|T","T/T","C/T",".",".","C/C","C/C","C/C","C/C","C/T","C/T","T/T","C/C","(HOVITM_102458,T,missense_variant)",NA,0.75,0.25,NA,NA
"266","scaffold_7297",64353,"TCTTCTAGAGTGATGCAGTCT","missense_variant","MODERATE","HOVITM_102458","638C>G","Thr213Ser","G","C","C/C","G/G","C/C","C|C","C/C","G/G","G/G",".","G/G","G/G","G/G","G/G","G/C","G/C","C/C","G/G","(HOVITM_102458,C,missense_variant)",NA,0.75,0.25,NA,NA
"267","scaffold_702",308629,"TGTACAGATGCAGCATTTCCT","missense_variant","MODERATE","HOVITM_100431","182C>T","Ala61Val","G","A","G/A","G/G","G/G","G/G","A/A","A/A","G/G",".","A/A","G/G","A/A","G/G","A/A","G/A","A/A","A/A","(HOVITM_100431,A,missense_variant)",NA,0.375,0.75,NA,NA
"268","scaffold_705",42081,"TGTTCTTGAGTTCCCCACACT","missense_variant","MODERATE","HOVITM_100677","467C>T","Thr156Ile","G","A","G/G","G/G","G/G","G/G",".","A/A","A/A","G/A","A/A","A/A","G/A","G/A","G/G","G/A","G/G","G/G","(HOVITM_100677,A,missense_variant)",NA,0.75,0.125,NA,NA
"269","scaffold_9376",14547,"GCAAGTCCAAAGAAAGCATAT","missense_variant","MODERATE","HOVITM_115281","80T>G","Phe27Cys","A","C","C/C","C/C","C/C","C/C","A/C",".","A/A","A/A","A/A","A/A","A/A","A/A","A/C","C/C","C/C","A/A","(HOVITM_115281,C,missense_variant)",NA,1,0.375,NA,NA
"270","scaffold_940",219303,"TCATTTTTAATACCATCTTCA","missense_variant","MODERATE","HOVITM_115438","548T>G","Ile183Ser","A","C","C/C","A|C","C/C","A/C","A/A","A/A","C|C",".","A/A","A/A","A/A","A/A","A/A","A/A","A/A","A/A","(HOVITM_115438,C,missense_variant)",NA,0.75,0.75,NA,NA
"271","scaffold_1673",3223,"GTGACAATGATAAAAGTGACC","missense_variant","MODERATE","HOVITM_029068","863A>G","Asp288Gly","A","G","A/A","A/A","A/A","A/A",".","G/G","A/A",".",".",".","A/A","A/A","A/A","G/G","G/G","G/G","(HOVITM_029068,G,missense_variant)",NA,NA,0.75,NA,NA
"272","scaffold_18652",19046,"ACACTACAACTACTGCGACAC","missense_variant","MODERATE","HOVITM_035497","262G>A","Val88Ile","C","T","C/C","C/C","C/C","C/C","C/C",".","C/T","C/C","C/C","T/T","T/T","T/T","T/T","T/T","T/T","C/C","(HOVITM_035497,T,missense_variant)",NA,0.75,0.75,NA,NA
"273","scaffold_1944",123499,"TTTCCAACAGTGTTTTACCAC","missense_variant","MODERATE","HOVITM_038003","1246C>A","Leu416Met","G","T","T/T","T/T","G/T","T/T","G/G","G/G","G/G","G/G",".","T/T","G/G",".","G/G","G/G","G/G","G/G","(HOVITM_038003,T,missense_variant)",NA,NA,0.875,NA,NA
"274","scaffold_23013",10526,"AATCAGAAGGACCTTTTGTAC","missense_variant","MODERATE","HOVITM_047571","727C>T","Pro243Ser","G","A","G/G","G/A","G/G","G/G","A/A",".","G/G","G/A","A/A","A/A","A/A","A/A","G/G","G/G","G/G","G/G","(HOVITM_047571,A,missense_variant)",NA,0.875,0.125,NA,NA
"275","scaffold_32",382021,"GTCCCATTCAACCAGAGTCCC","missense_variant","MODERATE","HOVITM_063695","16070A>C","Gln5357Pro","A","C","C/C","A/C","C/C","A|C","A/A","A/A","A/A","A/A","A/A","A/A","A/A","A/A","A/A","A|C","A/A",".","(HOVITM_063695,C,missense_variant)",NA,0.75,NA,NA,NA
"276","scaffold_322",391399,"ATGATCACGGTCCTTCAGGCT","missense_variant","MODERATE","HOVITM_063996","291C>G","Asp97Glu","G","C","C/C","G/C","C/C","C/C","C/C","G/G","G/C",".","G/C","G/G","G/G","G/G","C/C","C/C","G/C","G/C","(HOVITM_063996,C,missense_variant)",NA,0.75,NA,NA,NA
"277","scaffold_3945",101288,"AACAATAATCCAGAGGAGACA","missense_variant","MODERATE","HOVITM_073034","2923C>T","Pro975Ser","C","T","T/T","C/T","T/T","C/T",".","C/C","C/C","C/C","C/C","C/C","C/C","C/C","C/C","C/C","C/T","C/C","(HOVITM_073034,T,missense_variant)",NA,0.75,NA,NA,NA
