"","CHROM","POS","FLANKING","TYPE","IMPACT","GENE","CHANGEDNA","CHANGEPEP","REF","ALT","A.1","A.2","A.3","A.4","B.1","B.2","B.3","B.4","C.1","C.2","C.3","C.4","D.1","D.2","D.3","D.4","ANN","A.B.suc.REF.freq","C.D.res.REF.freq","A.B.suc.ALT.freq","C.D.res.ALT.freq","Suc.AB.vs.Res.CD.REF.freq"
"1","scaffold_9674",21047,"GTAGAAACTCATGACGGTGAC","missense_variant","MODERATE","HOVITM_116954","153G>C","Met51Ile","C","G","G/G","G/G","G/G","G/G","G|G","G/G","G/G","G/G","C/G","C/C","C/C","C/C","C/C","G/G","G|G","C/C","(HOVITM_116954,G,missense_variant)",0,0.6875,1,0.3125,0.6875
"2","scaffold_2748",64776,"AGTCGTTACTTTACCTAATCC","missense_variant","MODERATE","HOVITM_056372","627A>T","Lys209Asn","T","A","A/A","T/T","A/A","T/T","A/A","T/A","A/A","A/A","T/T","T/T","T/T","T/T","T/T","T/T","T/T","T/T","(HOVITM_056372,A,missense_variant)",0.3125,1,0.6875,0,0.6875
"3","scaffold_5",283364,"ACTCTCATCACTTACATACAG","missense_variant","MODERATE","HOVITM_083751","471T>A","Ser157Arg","A","T","A/A","A/A","A/A","A/A","A/A","A/A","A/A","A/A","A/T","A/T","A/A","T/T","T/T","A/A","T/T","T/T","(HOVITM_083751,T,missense_variant)",1,0.375,0,0.625,0.625
"4","scaffold_5",882701,"GGGACATCGCTACACTGTACA","missense_variant","MODERATE","HOVITM_083794","230C>T","Ala77Val","C","T","T/T","C/T","T/T","C/C","T/T","T/T","T/T","C/T","C/C","C/T","C/C","C/T","C/C","C/C","C/C","C/C","(HOVITM_083794,T,missense_variant)",0.25,0.875,0.75,0.125,0.625
"5","scaffold_698",240534,"AGATGTCAACAAAAGCCTCAA","missense_variant","MODERATE","HOVITM_099922","8C>A","Thr3Lys","C","A","C/C","C/C","C/C","C/C","C/C","C/C","C/C","C/C","A/A","A/A","A/A","C/C","C/A","A/A","C/C","C/A","(HOVITM_099922,A,missense_variant)",1,0.375,0,0.625,0.625
"6","scaffold_698",240992,"GGGCAAAACTCTTCAATTATT","missense_variant","MODERATE","HOVITM_099922","466T>C","Ser156Pro","T","C","T/T","T/T","T/T","T/T","T/T","T/T","T/T","T/T","C/C","C/C","C/C","T/T","T/C","C/C","T/T","T/C","(HOVITM_099922,C,missense_variant)",1,0.375,0,0.625,0.625
"7","scaffold_8291",15445,"AGGGGACGATATTTTGTCGAT","missense_variant","MODERATE","HOVITM_108901","249T>G","Asp83Glu","T","G","T|G","T/T","T/T","T/T","T/T","T/T","T|G","G|G","G/G","T/G","T|G","G/G","G/G","G|G","G|G","G|G","(HOVITM_108901,G,missense_variant)",0.75,0.125,0.25,0.875,0.625
"8","scaffold_1479",149109,"TTCCTTTCGATCCCAACGATC","missense_variant","MODERATE","HOVITM_021743","273T>G","Asp91Glu","A","C","A/A","A/A","A/C","A/A","A/A","A/C","A/A","A/A","A/C","C/C","A/C","A/C","C/C","C/C","A/C","C/C","(HOVITM_021743,C,missense_variant)",0.875,0.25,0.125,0.75,0.625
"9","scaffold_17177",11304,"CGTATTTGAACGCTAACAAGT","missense_variant","MODERATE","HOVITM_030692","545A>G","Asn182Ser","A","G","G/G","G/G","G/G","A/A","A/G","G/G","G/G","A/A","A/G","A/A","A/A","A/A","A/A","A/A","A/A","A/A","(HOVITM_030692,G,missense_variant)",0.3125,0.9375,0.6875,0.0625,0.625
"10","scaffold_162",311103,"CTTGGATTAGCAGTAACAGTT","missense_variant","MODERATE","HOVITM_027213","818C>T","Ala273Val","G","A","A/A","G/A","G/A","G/A","A/A","G/A","G/A","G/A","G/G","G/G","G/G","G/G","G/G","G/G","G/G","G/G","(HOVITM_027213,A,missense_variant)",0.375,1,0.625,0,0.625
"11","scaffold_2575",18755,"GCTCCATCAATGTTGTCAATT","missense_variant","MODERATE","HOVITM_053217","215A>G","Asn72Ser","A","G","A/G","A/A","A/G","A/A","A/A","A/A","A/A","A/A","G/G","A/G","G/G","G/G","A/G","A/G","G/G","A/G","(HOVITM_053217,G,missense_variant)",0.875,0.25,0.125,0.75,0.625
"12","scaffold_2575",19167,"GACTATGATAGACATCGACGT","missense_variant","MODERATE","HOVITM_053217","627A>G","Ile209Met","A","G","A/G","A/A","A/G","A/A","A/A","A/A","A/A","A/A","G/G","A/G","G/G","G/G","A/G","A/G","G/G","A/G","(HOVITM_053217,G,missense_variant)",0.875,0.25,0.125,0.75,0.625
"13","scaffold_295",126567,"GAAGAGGGGTTCCAATTGCTG","missense_variant","MODERATE","HOVITM_059659","2237T>C","Val746Ala","T","C","T/T","T/C","T/C","T/C","T/C","T/C","T/T","T/C","C/C","C/C","C/C","C/C","C/C","C/C","C/C","C/C","(HOVITM_059659,C,missense_variant)",0.625,0,0.375,1,0.625
"14","scaffold_3243",98163,"TTCCTTTTGAACGCCTTTTTG","missense_variant","MODERATE","HOVITM_064330","538T>A","Ser180Thr","A","T","A/T","A/T","A/T","T/T","T/T","T/T","T/T","A/T","A/A","A/T","A/A","A/T","A/A","A/A","A/A","A/A","(HOVITM_064330,T,missense_variant)",0.25,0.875,0.75,0.125,0.625
"15","scaffold_3295",29147,"GACTCCAGACTCATCCTATGT","missense_variant","MODERATE","HOVITM_065074","1607G>T","Ser536Ile","C","A","C/C","C/C","C/C","C|A","C/C","A|A","C/A","C|A","A|A","A/A","A|A","C|A","A/A","A|A","A|A","A|A","(HOVITM_065074,A,missense_variant)",0.6875,0.0625,0.3125,0.9375,0.625
"16","scaffold_5",283450,"TTTTATTTAAAGCTCGCCATA","missense_variant","MODERATE","HOVITM_083751","385T>A","Leu129Ile","A","T","A/A","A/A","A/A","A/A","A/A","A/A","A/A","A/A","A/T","A/T","A/A","A/T","T/T","A/A","T/T","T/T","(HOVITM_083751,T,missense_variant)",1,0.4375,0,0.5625,0.5625
"17","scaffold_5",654326,"GCTGTCTCACCAATGGAGGTC","missense_variant","MODERATE","HOVITM_083776","113C>G","Thr38Ser","C","G","C/C","C/C","C/C","C/C","C/C","C/C","C/C","C/C","C|G","C|G","C/C","C|G","G|G","C/C","G|G","G|G","(HOVITM_083776,G,missense_variant)",1,0.4375,0,0.5625,0.5625
"18","scaffold_5",658850,"TTAGACTTCGTACACGAGGGC","missense_variant","MODERATE","HOVITM_083776","529G>A","Val177Ile","G","A","G/G","G/G","G/G","G/G","G/G","G/G","G/G","G/G","G/A","G/A","G/G","G/A","A/A","G/G","A/A","A/A","(HOVITM_083776,A,missense_variant)",1,0.4375,0,0.5625,0.5625
"19","scaffold_451",191873,"TTACTGGCACTGAAGATTGTC","missense_variant","MODERATE","HOVITM_079019","880G>A","Val294Met","C","T","C/C","C/C","C/C","C/C","T/T","C/C","C/C","C/C","T/T","T/T","C/C","T/T","C/T","C/C","T/T","T|T","(HOVITM_079019,T,missense_variant)",0.875,0.3125,0.125,0.6875,0.5625
"20","scaffold_562",280563,"GTCCGTTTAATttcttcttct","missense_variant","MODERATE","HOVITM_089284","148A>G","Ile50Val","A","G","G|G","G|G","A|G","A|G","G|G","A/A","G|G","G/G","A/A","A/A","A/G","A/A","A/A","A|G","A/A","A|G","(HOVITM_089284,G,missense_variant)",0.25,0.8125,0.75,0.1875,0.5625
"21","scaffold_6382",60755,"AGATTTTCAGATAAACATTTT","missense_variant","MODERATE","HOVITM_095552","4037C>T","Ser1346Phe","G","A","G/A","A/A","A/A","A/A","G/G","A/A","A/A","G/A","G/G","G/G","A/A","G/G","G/G","G/G","G/A","G/G","(HOVITM_095552,A,missense_variant)",0.25,0.8125,0.75,0.1875,0.5625
"22","scaffold_6835",31258,"GCGAAGGAGGCCCCCGCCCTT","missense_variant","MODERATE","HOVITM_098955","476C>T","Ala159Val","G","A","A|A","A|A","G/A","A|A","A|A","A|A","A/A","A|A","A/A","A/A","G|A","G/G","G/G","G|A","G/G","G/G","(HOVITM_098955,A,missense_variant)",0.0625,0.625,0.9375,0.375,0.5625
"23","scaffold_698",241443,"GCAAATACCTTAAAAGAACAA","missense_variant","MODERATE","HOVITM_099922","917T>C","Leu306Pro","T","C","T/T","T/T","T/T","T/C","T/T","T/T","T/T","T/T","C/C","C/C","C/C","T/T","T/C","C/C","T/T","T/C","(HOVITM_099922,C,missense_variant)",0.9375,0.375,0.0625,0.625,0.5625
"24","scaffold_7106",67678,"CTTTTCTCTTCATCTCGAAGT","missense_variant","MODERATE","HOVITM_101095","806A>G","Glu269Gly","T","C","C|C","T/C","T/C","C/C","T|C","T|C","T/C","C/C","T/T","T/T","T/C","T/C","T/T","T/T","T/T","T/T","(HOVITM_101095,C,missense_variant)",0.3125,0.875,0.6875,0.125,0.5625
"25","scaffold_7106",67702,"ATAATGTCAGTGTCTAAAACT","missense_variant","MODERATE","HOVITM_101095","782C>G","Thr261Ser","G","C","C|C","G/C","G/C","C/C","G/C","G|C","G/C","C/C","G/G","G/G","G/C","G/C","G/G","G/G","G/G","G/G","(HOVITM_101095,C,missense_variant)",0.3125,0.875,0.6875,0.125,0.5625
"26","scaffold_7106",67895,"TTTCTATTGCAGCTTCTTTCT","missense_variant","MODERATE","HOVITM_101095","589G>T","Ala197Ser","C","A","A/A","C/A","C/A","A/A","C/A","C/A","C/A","A/A","C/C","C/C","C/A","C/A","C/C","C/C","C/C","C/C","(HOVITM_101095,A,missense_variant)",0.3125,0.875,0.6875,0.125,0.5625
"27","scaffold_7106",69892,"TTCACTCGGAACGTTGGTCCT","missense_variant","MODERATE","HOVITM_101095","185T>A","Phe62Tyr","A","T","T/T","A/T","A/T","T/T","A/T","A/T","A/T","T/T","A/A","A/A","A/T","A/T","A/A","A/A","A/A","A/A","(HOVITM_101095,T,missense_variant)",0.3125,0.875,0.6875,0.125,0.5625
"28","scaffold_7619",35589,"ACATGGAATGTTAAGGGCAGT","missense_variant","MODERATE","HOVITM_104596","1090G>A","Val364Ile","G","A","A/A","G/A","A/A","A/A","G/A","A/A","G/A","G/A","G/G","G/G","G/A","G/G","G/G","G/G","G/A","G/A","(HOVITM_104596,A,missense_variant)",0.25,0.8125,0.75,0.1875,0.5625
"29","scaffold_8291",15465,"TTGACCAAACATACcgagaca","missense_variant","MODERATE","HOVITM_108901","269C>T","Thr90Ile","C","T","C|T","C/C","C/C","C/C","C/C","C/C","C|T","T|T","T|T","C/T","C|T","C|T","T|T","T|T","T|T","T|T","(HOVITM_108901,T,missense_variant)",0.75,0.1875,0.25,0.8125,0.5625
"30","scaffold_1271",190702,"AAAACTGTTGATGTGATGAAA","missense_variant","MODERATE","HOVITM_013380","414C>G","Ile138Met","G","C","G/G","G|C","G/G","G/G","G/G","G/G","G/G","G/G","G/G","C/C","G|C","C|C","C/C","C/C","G/C","G/G","(HOVITM_013380,C,missense_variant)",0.9375,0.375,0.0625,0.625,0.5625
"31","scaffold_1425",209839,"CACGGAAGCCACCGCCACCGC","missense_variant","MODERATE","HOVITM_019773","430G>A","Gly144Ser","C","T","C/T","C/T","C/T","C/C","C/T","C/C","C/C","C/C","T/T","C/T","T/T","C/T","T/T","T/T","C/T","T/T","(HOVITM_019773,T,missense_variant)",0.75,0.1875,0.25,0.8125,0.5625
"32","scaffold_1617",2694,"TTAGAAGATATAGAAGCATTT","missense_variant","MODERATE","HOVITM_027072","337A>T","Ile113Leu","A","T","A/A","A/A","A/A","A/A","A/A","A/A","A/A","A/A","A|T","A/T","T/T","A/A","A/T","A/T","A/T","T/T","(HOVITM_027072,T,missense_variant)",1,0.4375,0,0.5625,0.5625
"33","scaffold_1750",147689,"GGGGCTGCATTTGTTGGATAG","missense_variant","MODERATE","HOVITM_031890","1139A>C","Asn380Thr","T","G","G/G","G/G","G/G","T/G","G/G","G/G","G/G","G/G","T/G","T/G","G/G","T/T","T/T","G/G","T/T","T/T","(HOVITM_031890,G,missense_variant)",0.0625,0.625,0.9375,0.375,0.5625
"34","scaffold_18690",6827,"ggagacagcgctccctcatgt","missense_variant","MODERATE","HOVITM_035634","67C>T","Arg23Cys","G","A","G|A","G/G","G/G","G/G","G/G","G/G","G/A","G/G","G/G","G|A","A/A","G|A","G|A","A/A","A/A","A|A","(HOVITM_035634,A,missense_variant)",0.875,0.3125,0.125,0.6875,0.5625
"35","scaffold_2352",154383,"AGTAACATCACTACAGTGACG","missense_variant","MODERATE","HOVITM_048789","115A>T","Thr39Ser","A","T","A/A","A/A","A/A","A/A","A/T","A/A","A/A","A/T","T/T","A/T","A/A","T/T","A/T","T/T","A/T","T/T","(HOVITM_048789,T,missense_variant)",0.875,0.3125,0.125,0.6875,0.5625
"36","scaffold_2506",103745,"TGGATGATGACAATGATGAAA","missense_variant","MODERATE","HOVITM_051930","11A>G","Asp4Gly","A","G","G/G","G/G","A/G","A/G","G/G","G/G","G/G","G/G","A/A","A/A","A|G","A/A","A/A","A/G","A/G","G|G","(HOVITM_051930,G,missense_variant)",0.125,0.6875,0.875,0.3125,0.5625
"37","scaffold_2568",38652,"GAATCAGCTGCATTCTTGCTG","missense_variant","MODERATE","HOVITM_053059","53C>T","Ala18Val","G","A","G/G","G/A","G/G","G/A","G/G","G/G","G|A","G/A","A/A","G/A","A/A","A/A","G/A","G/A","A/A","A/A","(HOVITM_053059,A,missense_variant)",0.75,0.1875,0.25,0.8125,0.5625
"38","scaffold_2748",64862,"CAAGAGACTGATTCTGGGCTT","missense_variant","MODERATE","HOVITM_056372","541C>G","Gln181Glu","G","C","G/G","G/G","G|G","G/C","G/G","G|C","G/G","G/G","C|C","C|C","G/G","C|C","C|C","G/C","G/G","C|C","(HOVITM_056372,C,missense_variant)",0.875,0.3125,0.125,0.6875,0.5625
"39","scaffold_2748",90814,"TGACGTTGAGAATGAATTCTA","missense_variant","MODERATE","HOVITM_056373","132G>C","Glu44Asp","G","C","C/C","G/C","G/C","G/C","C/C","G/C","C/C","C/C","G/G","G/G","G/G","G/G","G/C","G/C","G/C","G/G","(HOVITM_056373,C,missense_variant)",0.25,0.8125,0.75,0.1875,0.5625
"40","scaffold_3243",102718,"GGAGACCTACGGGTGCCATTT","missense_variant","MODERATE","HOVITM_064332","356C>T","Thr119Met","C","T","C/C","C/C","C/C","C/C","C/C","C/C","C/C","C/C","T/T","C/T","C/C","C/T","T/T","C/C","T/T","C/T","(HOVITM_064332,T,missense_variant)",1,0.4375,0,0.5625,0.5625
"41","scaffold_3268",20295,"AATAATGTACCACTATTGAGG","missense_variant","MODERATE","HOVITM_064694","46C>T","Pro16Ser","C","T","C/C","C/C","C/C","C/C","C/C","C/C","C/T","C/C","T/T","T/T","T/T","C/T","C/T","C/T","C/C","C/T","(HOVITM_064694,T,missense_variant)",0.9375,0.375,0.0625,0.625,0.5625
"42","scaffold_3909",98336,"GGAAGCCTCACCCTCATCATG","missense_variant","MODERATE","HOVITM_072654","1690A>T","Thr564Ser","A","T","A/A","A/T","T/T","A/A","A/T","T/T","T/T","T/T","A/A","A/A","A/A","A/A","A/A","A/T","A/A","A/A","(HOVITM_072654,T,missense_variant)",0.375,0.9375,0.625,0.0625,0.5625
"43","scaffold_377",87718,"GCTTTTGAACATGTGGTCTGT","missense_variant","MODERATE","HOVITM_070923","828G>A","Met276Ile","C","T","C/C","C/C","C/C","T/T","C/C","C/T","C/C","C/C","C/T","T/T","C/T","T/T","T/T","T/T","C/T","C/T","(HOVITM_070923,T,missense_variant)",0.8125,0.25,0.1875,0.75,0.5625
"44","scaffold_4877",34099,"AAAGCGAAGACTGATGCAGAA","missense_variant","MODERATE","HOVITM_082595","2290A>G","Thr764Ala","A","G","A/A","G/G","A/A","A/G","A/A","A/A","A|G","A/G","A|G","G/G","G/G","G/G","G/G","A/G","G/G","G/G","(HOVITM_082595,G,missense_variant)",0.6875,0.125,0.3125,0.875,0.5625
"45","scaffold_4877",42646,"CAATTGCTTTGAAAACAGCAT","missense_variant","MODERATE","HOVITM_082595","2966T>C","Leu989Ser","T","C","T/T","C/C","T/T","T/C","T/T","T/T","T/C","T/C","C/C","C|C","C/C","C/C","C/C","T/C","C/C","T/C","(HOVITM_082595,C,missense_variant)",0.6875,0.125,0.3125,0.875,0.5625
