"","CHROM","POS","FLANKING","TYPE","IMPACT","GENE","CHANGEDNA","CHANGEPEP","REF","ALT","A.1","A.2","A.3","A.4","B.1","B.2","B.3","B.4","C.1","C.2","C.3","C.4","D.1","D.2","D.3","D.4","ANN","B.REF.freq","D.REF.freq","B.ALT.freq","D.ALT.freq","B.vs.D.REF.freq"
"1","scaffold_1968",95454,"GATCAGCTGATTTAATCTCAA","missense_variant","MODERATE","HOVITM_038696","1102T>C","Ser368Pro","A","G",".","A/G","A/A","A/G","G/G","G/G","G/G","G/G","A/A","A/A","A/G","A/A","A/A","A/A","A/A","A/A","(HOVITM_038696,G,missense_variant)",0,1,1,0,1
"2","scaffold_2053",77918,"GCCGTTTCAGACTGTGGCAGG","splice_acceptor_variant&intron_variant","HIGH","HOVITM_041251","147-1G>A","","G","A","G/G",".","G/A",".","A/A","A/A","A/A","A/A","A/A","G/G","A/A","G/G","G/G","G/G","G/G","G/G","(HOVITM_041251,A,splice_acceptor_variant&intron_variant)",0,1,1,0,1
"3","scaffold_37",434790,"ATTAAAATAACAGAACTTATA","missense_variant","MODERATE","HOVITM_070122","95T>C","Val32Ala","A","G","A/A",".","A/A","A/G","A/A","A/A","A/A","A/A",".","A/A","G/G","G/G","A/G","G/G","G/G","G/G","(HOVITM_070122,G,missense_variant)",1,0.125,0,0.875,0.875
"4","scaffold_5",882701,"GGGACATCGCTACACTGTACA","missense_variant","MODERATE","HOVITM_083794","230C>T","Ala77Val","C","T","T/T","C/T","T/T","C/C","T/T","T/T","T/T","C/T","C/C","C/T","C/C","C/T","C/C","C/C","C/C","C/C","(HOVITM_083794,T,missense_variant)",0.125,1,0.875,0,0.875
"5","scaffold_6084",57898,"GAACCGAATGTCATTCATCAA","missense_variant","MODERATE","HOVITM_093191","599G>C","Cys200Ser","G","C","C|C","C|C","C/C","G|C","C|C","C|C","C|C","C|C","C|C","C/C","C|C","C|C","G/G","G/G","G|C","G/G","(HOVITM_093191,C,missense_variant)",0,0.875,1,0.125,0.875
"6","scaffold_6835",31258,"GCGAAGGAGGCCCCCGCCCTT","missense_variant","MODERATE","HOVITM_098955","476C>T","Ala159Val","G","A","A|A","A|A","G/A","A|A","A|A","A|A","A/A","A|A","A/A","A/A","G|A","G/G","G/G","G|A","G/G","G/G","(HOVITM_098955,A,missense_variant)",0,0.875,1,0.125,0.875
"7","scaffold_2053",77854,"CAGCTGAGTGCTTGTGTTTCG","missense_variant","MODERATE","HOVITM_041251","103G>C","Ala35Pro","G","C","G/G","G|C","G|C","G|C","C|C","C|C","C|C","C|C","C|C","G/G","C|C","G/G","G/G","G/G","G/G","G/C","(HOVITM_041251,C,missense_variant)",0,0.875,1,0.125,0.875
"8","scaffold_2748",64776,"AGTCGTTACTTTACCTAATCC","missense_variant","MODERATE","HOVITM_056372","627A>T","Lys209Asn","T","A","A/A","T/T","A/A","T/T","A/A","T/A","A/A","A/A","T/T","T/T","T/T","T/T","T/T","T/T","T/T","T/T","(HOVITM_056372,A,missense_variant)",0.125,1,0.875,0,0.875
"9","scaffold_2928",111402,"TGGCTTTTCACTCGACTCAAT","missense_variant","MODERATE","HOVITM_059286","352A>T","Thr118Ser","A","T","A/T","T/T",".","A/T","A/A","A/T","A/A","A/A",".","A/A","A/A","T/T","T/T","T/T","T/T","T/T","(HOVITM_059286,T,missense_variant)",0.875,0,0.125,1,0.875
"10","scaffold_5",269484,"TGACCAGATCTCATAATCGTG","missense_variant","MODERATE","HOVITM_083749","161C>A","Ser54Tyr","C","A","C/C","C/C","C/C","C/C","C/C","C/C","C/C","C/C","C/A","C/A","C/C","C/C","A/A","C/C","A/A","A/A","(HOVITM_083749,A,missense_variant)",1,0.25,0,0.75,0.75
"11","scaffold_5",283364,"ACTCTCATCACTTACATACAG","missense_variant","MODERATE","HOVITM_083751","471T>A","Ser157Arg","A","T","A/A","A/A","A/A","A/A","A/A","A/A","A/A","A/A","A/T","A/T","A/A","T/T","T/T","A/A","T/T","T/T","(HOVITM_083751,T,missense_variant)",1,0.25,0,0.75,0.75
"12","scaffold_5",283450,"TTTTATTTAAAGCTCGCCATA","missense_variant","MODERATE","HOVITM_083751","385T>A","Leu129Ile","A","T","A/A","A/A","A/A","A/A","A/A","A/A","A/A","A/A","A/T","A/T","A/A","A/T","T/T","A/A","T/T","T/T","(HOVITM_083751,T,missense_variant)",1,0.25,0,0.75,0.75
"13","scaffold_5",283782,"TCATGAAAGTGGGATACACAG","missense_variant","MODERATE","HOVITM_083751","53A>T","His18Leu","T","A",".","T/T","T/T","T/T","T/T","T/T","T/T","T/T","A/A","T/A","T/T","T/A","A/A","T/T","A/A","A/A","(HOVITM_083751,A,missense_variant)",1,0.25,0,0.75,0.75
"14","scaffold_5",284406,"ATGGAACAAGATAAAAAGTTC","missense_variant","MODERATE","HOVITM_083752","407G>C","Arg136Thr","G","C",".","G/G","G/G","G/G","G/G","G/G","G/G","G/G",".","G/C","G/G","G/G","C/C","G/G","C/C","C/C","(HOVITM_083752,C,missense_variant)",1,0.25,0,0.75,0.75
"15","scaffold_5",563576,"GTTGTTCCTGCATAGACATCC","missense_variant","MODERATE","HOVITM_083769","362C>A","Ala121Glu","G","T","G/G","G/G","G/G","G/G","G/G","G/G","G/G","G/G","G/G","G/T","G/G","G/T","T/T","G/G","T/T","T/T","(HOVITM_083769,T,missense_variant)",1,0.25,0,0.75,0.75
"16","scaffold_5",654326,"GCTGTCTCACCAATGGAGGTC","missense_variant","MODERATE","HOVITM_083776","113C>G","Thr38Ser","C","G","C/C","C/C","C/C","C/C","C/C","C/C","C/C","C/C","C|G","C|G","C/C","C|G","G|G","C/C","G|G","G|G","(HOVITM_083776,G,missense_variant)",1,0.25,0,0.75,0.75
"17","scaffold_5",658850,"TTAGACTTCGTACACGAGGGC","missense_variant","MODERATE","HOVITM_083776","529G>A","Val177Ile","G","A","G/G","G/G","G/G","G/G","G/G","G/G","G/G","G/G","G/A","G/A","G/G","G/A","A/A","G/G","A/A","A/A","(HOVITM_083776,A,missense_variant)",1,0.25,0,0.75,0.75
"18","scaffold_5245",38082,"ACTGCAAATTTTCTCCTCTGG","missense_variant","MODERATE","HOVITM_086055","225A>C","Lys75Asn","T","G","G/G","T/G","T/T","T/G","T/T","T/T","T/T","T/T","T/G","T/G","T/T","G/G","G/G","T/T","G/G","G/G","(HOVITM_086055,G,missense_variant)",1,0.25,0,0.75,0.75
"19","scaffold_535",296171,"TGTCAGCTACGCTGAAGTTCT","missense_variant","MODERATE","HOVITM_087022","365C>T","Thr122Met","C","T","T/T","C/T","T/T","T|T","T/T","T/T","T/T","T/T","T/T","T/T","C/C","T/T","C/C","C/T","C/T","C/C","(HOVITM_087022,T,missense_variant)",0,0.75,1,0.25,0.75
"20","scaffold_535",297656,"AGTCTCCCAGTGGCTATAGCA","missense_variant","MODERATE","HOVITM_087022","565G>A","Val189Met","G","A","A|A","G|A","A|A","A|A","A|A","A|A","A|A","A|A","A|A","A|A","G/G","A|A","G/G","G|A","G|A","G/G","(HOVITM_087022,A,missense_variant)",0,0.75,1,0.25,0.75
"21","scaffold_535",297662,"CCAGTGGCTATAGCAGTAGTG","missense_variant","MODERATE","HOVITM_087022","571A>G","Ile191Val","A","G","G|G","A|G","G|G","G|G","G|G","G|G","G|G","G|G","G|G","G|G","A/A","G|G","A/A","A|G","A|G","A/A","(HOVITM_087022,G,missense_variant)",0,0.75,1,0.25,0.75
"22","scaffold_592",287900,"ATCAATGACCTGGAGAACCAT","missense_variant","MODERATE","HOVITM_091713","1324C>A","Leu442Met","C","A","C/C","C/C","C/C","C/C","A/A","C/A","C/A","A/A","C/A","C/C","C/C","C/C","C/C","C/C","C/C","C/C","(HOVITM_091713,A,missense_variant)",0.25,1,0.75,0,0.75
"23","scaffold_6084",30267,"GTGTTGGCAATCGTGGCGGTG","missense_variant","MODERATE","HOVITM_093188","394A>G","Ile132Val","A","G","A/A","A/A","A|G","G|G","A|G","A/A","A/A","A/A","A/A","G/G","A/A","A/A","G/G","G/G","G/G","A|G","(HOVITM_093188,G,missense_variant)",0.875,0.125,0.125,0.875,0.75
"24","scaffold_6084",57919,"AAGAGGGTCATGATTTAATGG","missense_variant","MODERATE","HOVITM_093191","620A>C","His207Pro","A","C","A/A","A/A","A/A","A/C","A/A","A/A","A/A","A/A","A/A","A/A","A/A","A/A","C/C","C/C","A/C","A/C","(HOVITM_093191,C,missense_variant)",1,0.25,0,0.75,0.75
"25","scaffold_6084",58511,"CGGAAAATGCATATCCGATAG","missense_variant","MODERATE","HOVITM_093191","1212C>G","Cys404Trp","C","G","C/C","C/C","C/C","C/G","C/C","C/C","C/C","C/C","C/C","C/C","C/C","C/C","G/G","G/G","C/G","C/G","(HOVITM_093191,G,missense_variant)",1,0.25,0,0.75,0.75
"26","scaffold_647",15511,"CTCCGCAGTCACAGTGCTGGC","missense_variant","MODERATE","HOVITM_096194","2200G>A","Asp734Asn","C","T","C/C","C/T","C/C","T/T","T/T","C/C","T/T","T/T","C/C",".","C/C",".","C/C","C/C","C/C","C/C","(HOVITM_096194,T,missense_variant)",0.25,1,0.75,0,0.75
"27","scaffold_6471",38853,"TTTCTTCATGTACGAAGAATC","start_lost","HIGH","HOVITM_096238","3G>A","Met1?","G","A","A|A","G|A","G|A","G|A","A|A","A|A","A|A","A|A","G|A","A/A","G|A","G|A","G/A","G/G","G/G","G|A","(HOVITM_096238,A,start_lost)",0,0.75,1,0.25,0.75
"28","scaffold_6471",38859,"CATGTACGAAGAATCTGGATT","missense_variant","MODERATE","HOVITM_096238","9A>T","Glu3Asp","A","T","T|T","A|T","A|T","A|T","T|T","T|T","T|T","T|T","A|T","A/T","T|T","A|T","A/A","A/T","A/A","A|T","(HOVITM_096238,T,missense_variant)",0,0.75,1,0.25,0.75
"29","scaffold_7068",66830,"GAGACAGAAGCCAGCACCAAA","missense_variant","MODERATE","HOVITM_100843","1441G>A","Ala481Thr","G","A","G/A","G/A","G/G","G/G","G/G","G/G","G/G","G/G","G/A","G/G","G/G","G/A","A/A","G/A","A/A","G/A","(HOVITM_100843,A,missense_variant)",1,0.25,0,0.75,0.75
"30","scaffold_708",206330,"TGACTCAATCCTCGCCAATCT","missense_variant","MODERATE","HOVITM_100924","423G>T","Arg141Ser","C","A","A/A","A/A",".","C/A","C/A","C/A","C/C","C/C","C/C","A/A","A/A","C/A","A/A","A/A","A/A","A/A","(HOVITM_100924,A,missense_variant)",0.75,0,0.25,1,0.75
"31","scaffold_748",136458,"ACGCATGACCTGCAATCCTCT","missense_variant","MODERATE","HOVITM_103763","254G>A","Arg85Lys","C","T","C/C","C/C",".","C/C","T|T","T|T","C|T","C|T","C|T","C|T","T|T","C|T","C/C","C/C","C/C","C/C","(HOVITM_103763,T,missense_variant)",0.25,1,0.75,0,0.75
"32","scaffold_776",113073,"TTGGATCGTTCCGGAGCTGCT","missense_variant","MODERATE","HOVITM_105542","64A>G","Asn22Asp","T","C","T/C","T/C","T/C","T/C","T/T","C/C","C/C","C/C","T/C","T/T","T/C","T/T","T/T","T/T","T/T","T/T","(HOVITM_105542,C,missense_variant)",0.25,1,0.75,0,0.75
"33","scaffold_796",168653,"CTATACCAGACTGTAGGCCCA","missense_variant","MODERATE","HOVITM_106871","295T>C","Ser99Pro","A","G","A/A","A/A","G|G","A/A","A|G","G|G","G|G","A|G","G|G","G|G","G|G","A|G","A/A","A/A","A/A","A/A","(HOVITM_106871,G,missense_variant)",0.25,1,0.75,0,0.75
"34","scaffold_796",168665,"GTAGGCCCACGGGCATATGTA","missense_variant","MODERATE","HOVITM_106871","283G>A","Val95Met","C","T","C/C","C/C","T|T","C/C","C|T","T|T","T|T","C|T","T|T","T|T","T|T","C|T","C/C","C/C","C/C","C/C","(HOVITM_106871,T,missense_variant)",0.25,1,0.75,0,0.75
"35","scaffold_796",168677,"GCATATGTACAAGATACAAAT","missense_variant","MODERATE","HOVITM_106871","271G>A","Val91Ile","C","T","C/C","C/C","T|T","C/C","C|T","T|T","T|T","C|T","T|T","T|T","T|T","C|T","C/C","C/C","C/C","C/C","(HOVITM_106871,T,missense_variant)",0.25,1,0.75,0,0.75
"36","scaffold_8310",34731,"TGACAGATGTTGTTAAGGCCG","missense_variant","MODERATE","HOVITM_109027","107A>C","Asn36Thr","T","G",".",".","T|G","T|G","T/T","T/T","T/T","T/T","T/T","T/T","T/T","G|G","G|G","T/T","G|G","G|G","(HOVITM_109027,G,missense_variant)",1,0.25,0,0.75,0.75
"37","scaffold_809",69169,"GCAACACAACATCAAATGTGT","missense_variant","MODERATE","HOVITM_107627","116C>A","Thr39Lys","C","A","A/A","C/C","C/A","C/C","C/C","C/C","C/C","C/C","C/C","C/C","A/A","C/A","A/A","A/A","C/C","A/A","(HOVITM_107627,A,missense_variant)",1,0.25,0,0.75,0.75
"38","scaffold_829",22885,"ATTAGAGCTGTGCCACTTAGT","missense_variant","MODERATE","HOVITM_108832","23C>T","Thr8Ile","G","A",".","A/A","A/A",".","A/A","A/A","A/A","A/A","G/G","G/A","G/G","G/A","G/A","G/G","G/A","G/G","(HOVITM_108832,A,missense_variant)",0,0.75,1,0.25,0.75
"39","scaffold_8844",52568,"GACAGCGTGGCGCGGCACCTC","missense_variant","MODERATE","HOVITM_112125","106G>A","Ala36Thr","G","A",".","G/G","G/G","G/G","A/A","G/G","A/A","A/A","A/A","G/G","G/A","G/G","G/G","G/G","G/G","G/G","(HOVITM_112125,A,missense_variant)",0.25,1,0.75,0,0.75
"40","scaffold_887",172500,"TAGTCTGTCTGTTTTCAGAAG","missense_variant","MODERATE","HOVITM_112272","1042A>G","Arg348Gly","T","C","T/C","T/T","T/T","T/T","C/C","T/C","T/C","C/C","T/C","T/C","T/T","T/T","T/T","T/T","T/T","T/T","(HOVITM_112272,C,missense_variant)",0.25,1,0.75,0,0.75
"41","scaffold_887",172688,"TTCTTTACACGATTTACTTGA","missense_variant","MODERATE","HOVITM_112272","854G>A","Arg285His","C","T","C|T","C/C","C/C","C/C","T|T","C|T","C|T","T|T","C|T","C|T","C/C","C/C","C/C","C/C","C/C","C/C","(HOVITM_112272,T,missense_variant)",0.25,1,0.75,0,0.75
"42","scaffold_887",172743,"CTTGTGTTTTAGGTAAATTAT","missense_variant","MODERATE","HOVITM_112272","799A>G","Lys267Glu","T","C","T/C","T/T","T/T","T/T","C/C","T/C","T/C","C/C","T/C","T/C","T/T","T/T","T/T","T/T","T/T","T/T","(HOVITM_112272,C,missense_variant)",0.25,1,0.75,0,0.75
"43","scaffold_887",172935,"TAATTTTTTGTGATTTTTTTT","missense_variant","MODERATE","HOVITM_112272","607C>A","Gln203Lys","G","T","G/T","G/G","G/G","G/G","T/T","G/T","G/T","T/T","G/T","G/T","G/G","G/G","G/G","G/G","G/G","G/G","(HOVITM_112272,T,missense_variant)",0.25,1,0.75,0,0.75
"44","scaffold_945",194331,"TGCTGCCAGAGCGAATGCCAG","missense_variant","MODERATE","HOVITM_115673","99A>T","Arg33Ser","A","T","A/A","A|T","T/T",".","T|T","T|T","T|T","T|T","T|T","T|T","T|T",".","A/A","A|T","A/A","A|T","(HOVITM_115673,T,missense_variant)",0,0.75,1,0.25,0.75
"45","scaffold_75",123806,"AAGCGACTCAAAACGGAAGCC","missense_variant","MODERATE","HOVITM_103860","266A>C","Gln89Pro","A","C","A/C","A/C","A/C","A/A","A/A","A/A","A/A","A/A","A/C","A/A","A/A","A/C","C/C","A/A","C/C","C/C","(HOVITM_103860,C,missense_variant)",1,0.25,0,0.75,0.75
"46","scaffold_83",418284,"ATTCGAATCGCCTCTGAAGGA","missense_variant","MODERATE","HOVITM_108963","728C>A","Ala243Glu","G","T","T/T","G/G",".","G/T","G/T","T/T","T/T","T/T","G/G","G/T","G/G",".","G/T","G/G","G/G","G/G","(HOVITM_108963,T,missense_variant)",0.125,0.875,0.875,0.125,0.75
"47","scaffold_10855",41518,"AGATAGCCCGAGGTGAGGTTG","missense_variant","MODERATE","HOVITM_004913","548G>A","Arg183Gln","G","A","G/G","G/A","G/A","A/A","G/G","G/G","G/A","G/G","A/A","A/A","G/G","G/A","G/A","A/A","A/A","A|A","(HOVITM_004913,A,missense_variant)",0.875,0.125,0.125,0.875,0.75
"48","scaffold_1098",124830,"AGAGAATATTTATTACTACTT","missense_variant","MODERATE","HOVITM_005476","1162T>G","Leu388Val","T","G",".","T/T","T/T","T/T","T/T","T/T","T/T","T/T",".","T/T","T/T",".","G/G","T/T","G/G","G/G","(HOVITM_005476,G,missense_variant)",1,0.25,0,0.75,0.75
"49","scaffold_11304",8023,"AATCCAGTTGTCCAAGCTGTA","missense_variant","MODERATE","HOVITM_007087","337G>A","Val113Ile","G","A","G|A","G/A","G/G","G/G","G/G","G/G","G/G","G/G","G/G","G/G","G/G","G|A","A/A","G|A","G/A","A/A","(HOVITM_007087,A,missense_variant)",1,0.25,0,0.75,0.75
"50","scaffold_1121",73170,"TCTGAAGGTTACGGCTCGGGT","missense_variant","MODERATE","HOVITM_006661","394A>C","Asn132His","T","G","G/G","T/G","T/G","T/G","T/T","T/T","T/T","T/G","G/G","T/G","T/G","G/G","G/G","T/G","G/G","G/G","(HOVITM_006661,G,missense_variant)",0.875,0.125,0.125,0.875,0.75
"51","scaffold_1179",79664,"TTATGAAAGAGTTAATAACTT","missense_variant","MODERATE","HOVITM_009202","1213T>A","Ser405Thr","A","T","A/A","A/T","A/A","A/A","T/T","T/T","T/T","A/A","A/A","T/T","A/A","A/A","A/A","A/A","A/A","A/A","(HOVITM_009202,T,missense_variant)",0.25,1,0.75,0,0.75
"52","scaffold_12393",3621,"CCTTGGACAGTTGTGCTGCTA","missense_variant","MODERATE","HOVITM_011999","722G>C","Ser241Thr","G","C","G/G","G/G","C/C","C/C","C/C","C/C","G/C","C/C","G/G","G/C","G/C","G/C","G/C","G/G","G/G","G/G","(HOVITM_011999,C,missense_variant)",0.125,0.875,0.875,0.125,0.75
"53","scaffold_1215",132449,"TTTCCTTTGCTGGAAATAAAG","missense_variant","MODERATE","HOVITM_010932","626C>T","Ala209Val","C","T",".","C/C","C/C","T/T","T/T","T/T","T/T","T/T","C/T","C/T","C|T","C/T","T/T","C/C","C/C","C/C","(HOVITM_010932,T,missense_variant)",0,0.75,1,0.25,0.75
"54","scaffold_1256",139715,"TTCTCCGGATTATGGGTGCTT","missense_variant","MODERATE","HOVITM_012778","59A>G","Asn20Ser","T","C","C/C","T/C",".","T/C","T/C","T/T","T/T","T/T","C/C","T/C","T/T","C/C","C/C","C/C","T/C","C/C","(HOVITM_012778,C,missense_variant)",0.875,0.125,0.125,0.875,0.75
"55","scaffold_1271",37950,"ATTGACCTTCATGTGTGTCAT","missense_variant","MODERATE","HOVITM_013369","217G>A","Glu73Lys","C","T","C/C","C/T","C/C","C/C","C/C","C/T","C/C","C/C","C/C","C/C","C/T",".","T/T","T/T","C/T","T/T","(HOVITM_013369,T,missense_variant)",0.875,0.125,0.125,0.875,0.75
"56","scaffold_1338",48642,"GCTTCCCCGTTCAGCCTCAAG","missense_variant","MODERATE","HOVITM_016113","1246T>C","Phe416Leu","T","C","T|C","T|C","T/T","T/T","T/T","C/C","C/C","C|C","T|C","C/C","T/T","T|C","T/T","T/T","T/T","T/T","(HOVITM_016113,C,missense_variant)",0.25,1,0.75,0,0.75
"57","scaffold_1425",209839,"CACGGAAGCCACCGCCACCGC","missense_variant","MODERATE","HOVITM_019773","430G>A","Gly144Ser","C","T","C/T","C/T","C/T","C/C","C/T","C/C","C/C","C/C","T/T","C/T","T/T","C/T","T/T","T/T","C/T","T/T","(HOVITM_019773,T,missense_variant)",0.875,0.125,0.125,0.875,0.75
"58","scaffold_1479",149109,"TTCCTTTCGATCCCAACGATC","missense_variant","MODERATE","HOVITM_021743","273T>G","Asp91Glu","A","C","A/A","A/A","A/C","A/A","A/A","A/C","A/A","A/A","A/C","C/C","A/C","A/C","C/C","C/C","A/C","C/C","(HOVITM_021743,C,missense_variant)",0.875,0.125,0.125,0.875,0.75
"59","scaffold_1567",189116,"AAATCTTACTATGTTTTATTC","missense_variant&splice_region_variant","MODERATE","HOVITM_025198","142A>G","Thr48Ala","T","C","T/T","C|C",".",".","T/T","C|C","T/T","T/T","T/T","T/T","T|C","C|C","C|C","C|C","C|C","C|C","(HOVITM_025198,C,missense_variant&splice_region_variant)",0.75,0,0.25,1,0.75
"60","scaffold_1567",189128,"GTTTTATTCTTAGCCATTCTT","missense_variant","MODERATE","HOVITM_025198","130A>G","Arg44Gly","T","C","T/T","C|C",".",".","T/T","C|C","T/T","T/T","T/T","T/T","T|C","C|C","C|C","C|C","C|C","C|C","(HOVITM_025198,C,missense_variant)",0.75,0,0.25,1,0.75
"61","scaffold_16703",27798,"attggttttgatgaagatgaa","missense_variant","MODERATE","HOVITM_029006","118G>C","Asp40His","G","C",".",".",".","C/C","G/G","G/C","G/G","G/G","G/G","C/C","C/C",".","C/C","G/C","C/C","C/C","(HOVITM_029006,C,missense_variant)",0.875,0.125,0.125,0.875,0.75
"62","scaffold_1705",140304,"CAAAACACATTACAGATTCAA","missense_variant","MODERATE","HOVITM_030304","452T>C","Ile151Thr","T","C",".","T/T","T/T","T|C","C/C","T/C","T/C","C/C","T/T",".","T/T","T/C","T/T","T/T","T/T","T|T","(HOVITM_030304,C,missense_variant)",0.25,1,0.75,0,0.75
"63","scaffold_1705",140699,"TGGAGCATTTCTTTAAATTAT","missense_variant","MODERATE","HOVITM_030304","847T>C","Ser283Pro","T","C","T/T","T/C",".","C|C","C/C","C/C","C/C","C/C","T/T",".","T/C","T/T","T/T","C/C","T/T","T/T","(HOVITM_030304,C,missense_variant)",0,0.75,1,0.25,0.75
"64","scaffold_1705",140752,"AAATTTAATGAAATGTTTCTC","missense_variant","MODERATE","HOVITM_030304","900G>T","Met300Ile","G","T","G/G","T|T",".","T/T","T/T","T/T","T/T","T/T","G/G",".","G/T",".","G/G","T/T","G/G","G/G","(HOVITM_030304,T,missense_variant)",0,0.75,1,0.25,0.75
"65","scaffold_1750",147689,"GGGGCTGCATTTGTTGGATAG","missense_variant","MODERATE","HOVITM_031890","1139A>C","Asn380Thr","T","G","G/G","G/G","G/G","T/G","G/G","G/G","G/G","G/G","T/G","T/G","G/G","T/T","T/T","G/G","T/T","T/T","(HOVITM_031890,G,missense_variant)",0,0.75,1,0.25,0.75
"66","scaffold_1824",32529,"GGAAGGTGGGTTGAACATGAG","missense_variant","MODERATE","HOVITM_034167","511C>T","Pro171Ser","G","A","G/G","G/G","G/G","G/G","G|A","A|A","A|A","A/A","G/G","G|A","G|A","G|A","G|A","G/G","G/G","G/G","(HOVITM_034167,A,missense_variant)",0.125,0.875,0.875,0.125,0.75
"67","scaffold_1832",166378,"CGTTCGGGTTGTACAAGAAGG","missense_variant","MODERATE","HOVITM_034434","262A>G","Asn88Asp","T","C","C|C","T/T","T|C","T|C","T|C","T|C","C|C","C|C","T/T",".","T/T","T/T","T/T","T/T","T/T","T/T","(HOVITM_034434,C,missense_variant)",0.25,1,0.75,0,0.75
"68","scaffold_18690",6827,"ggagacagcgctccctcatgt","missense_variant","MODERATE","HOVITM_035634","67C>T","Arg23Cys","G","A","G|A","G/G","G/G","G/G","G/G","G/G","G/A","G/G","G/G","G|A","A/A","G|A","G|A","A/A","A/A","A|A","(HOVITM_035634,A,missense_variant)",0.875,0.125,0.125,0.875,0.75
"69","scaffold_1856",116029,"GTAGCGACACTGCTGGCTGCT","missense_variant","MODERATE","HOVITM_035157","117G>T","Gln39His","C","A","C|A","C/C","C/C","C/C","A|A","A|A","C/C","A|A","C/C","C/C","C/C","A|A","C/C","C/C","C/C","C/C","(HOVITM_035157,A,missense_variant)",0.25,1,0.75,0,0.75
"70","scaffold_166",52400,"GCCGCCAAGACCAACTTCCTC","missense_variant","MODERATE","HOVITM_028609","760A>G","Thr254Ala","A","G","A/G","A/G","A/G","G/G","G/G","G/G","G/G","G/G","G/G","G/G","A/G","A/A","A/A","A/G","A/G","A/A","(HOVITM_028609,G,missense_variant)",0,0.75,1,0.25,0.75
"71","scaffold_20392",8620,"TTGTGTGGTTTTCTGTACAAC","missense_variant","MODERATE","HOVITM_040871","966A>T","Lys322Asn","T","A","T/T",".","A|A","A|A","T/T","T/T","T/T","T/T","A|A","T|A","T/T",".","A|A","T/T","A|A","A|A","(HOVITM_040871,A,missense_variant)",1,0.25,0,0.75,0.75
"72","scaffold_2012",155631,"GGGGAAGAACCCCGTGATCAG","missense_variant","MODERATE","HOVITM_040122","42C>A","Asn14Lys","C","A","C/C","C/C","C/C","C/C","C/A","C/A","A/A","A/A","C/C","C/A","C/C","C/C","C/C","C/C","C/C","C/C","(HOVITM_040122,A,missense_variant)",0.25,1,0.75,0,0.75
"73","scaffold_2050",152526,"GCACCAGGAAAAAAGACGACA","missense_variant","MODERATE","HOVITM_041169","1424A>G","Lys475Arg","A","G",".","G/G","A/A","G/G","G/G","A/A","A/A","A/A","A/A","G/G","G/G","A/A","G/G","G/G","G/G","G/G","(HOVITM_041169,G,missense_variant)",0.75,0,0.25,1,0.75
"74","scaffold_2053",77861,"GTGCTTGTGTTTCGAGGATGA","missense_variant","MODERATE","HOVITM_041251","110T>G","Val37Gly","T","G","T|G","T|G","T|G","T|G","G|G","G|G","G|G","G|G","G|G","G|G","G|G","T/T","T|G","T|G","T/T","T/T","(HOVITM_041251,G,missense_variant)",0,0.75,1,0.25,0.75
"75","scaffold_2126",67728,"GTCAAACTTACCGACTTCGGG","missense_variant","MODERATE","HOVITM_043189","472A>G","Thr158Ala","A","G",".","A/A","A/A","A/A","A/A","A/A","A/A","A/A","A/A","A/A","A/G","A/A","G/G","A/G","A/G","G/G","(HOVITM_043189,G,missense_variant)",1,0.25,0,0.75,0.75
"76","scaffold_2228",97217,"GTTATCTACACAGAATCTACA","missense_variant","MODERATE","HOVITM_045774","580A>G","Thr194Ala","A","G","G/G","A/A",".","A/A","G/G","G/G","G/G","A/G",".","G/G","G/G","G/G","A/G","A/A","A/A","A/A","(HOVITM_045774,G,missense_variant)",0.125,0.875,0.875,0.125,0.75
"77","scaffold_226",268347,"TAGGTGCTGTAGTTGCAACAG","missense_variant","MODERATE","HOVITM_046553","1183A>G","Thr395Ala","T","C","T/C","T/T","T/T","T/T","T/C","C/C","C/C","T/C",".","T/T","T/T",".","T/T","T/T","T/T","T/T","(HOVITM_046553,C,missense_variant)",0.25,1,0.75,0,0.75
"78","scaffold_230",140417,"GACACTGCAAATGTGACAAGA","missense_variant","MODERATE","HOVITM_047520","1507A>G","Asn503Asp","A","G","A|G","A|G","A|G","A|G","A/A","A/A","A/A","A/A","A/A","G|G","A/A","A/A","A|G","G|G","G|G","A|G","(HOVITM_047520,G,missense_variant)",1,0.25,0,0.75,0.75
"79","scaffold_230",140421,"CTGCAAATGTGACAAGAGATG","missense_variant","MODERATE","HOVITM_047520","1511T>G","Val504Gly","T","G","T|G","T|G","T|G","T|G","T/T","T/T","T/T","T/T","T/T","G|G","T/T","T/T","T|G","G|G","G|G","T|G","(HOVITM_047520,G,missense_variant)",1,0.25,0,0.75,0.75
"80","scaffold_244",39310,"AATCGACATGAGTCTGCAGTG","missense_variant","MODERATE","HOVITM_050540","2036C>T","Ser679Leu","G","A","G|A","G|A","G/G","G/G","G/G","G/G","G/G","G/G","G|A","G/G","G|A","G/G","G|A","G|A","A|A","A|A","(HOVITM_050540,A,missense_variant)",1,0.25,0,0.75,0.75
"81","scaffold_244",39319,"GAGTCTGCAGTGTTTGGGCAA","missense_variant","MODERATE","HOVITM_050540","2027C>A","Thr676Asn","G","T","G|T","G|T","G/G","G/G","G/G","G/G","G/G","G/G","G|T","G/G","G|T","G/G","G|T","G|T","T|T","T|T","(HOVITM_050540,T,missense_variant)",1,0.25,0,0.75,0.75
"82","scaffold_2486",44047,"CAGCTTGGACAACTGGATTAT","missense_variant","MODERATE","HOVITM_051473","262G>A","Val88Ile","C","T","T/T","C|T","C|T","C/C","C/C","C/C","C/C","C/C","C/C","C/C","C/C","T/T","T/T","T/T","C/T","C/T","(HOVITM_051473,T,missense_variant)",1,0.25,0,0.75,0.75
"83","scaffold_2690",155965,"CCTCGCAGATCGTATTTCCGT","missense_variant","MODERATE","HOVITM_055318","103A>C","Ile35Leu","T","G","G|G","T/T",".","T/T","T/T","T/T","T/T","T/T",".","G|G","T/T",".","G|G","T/T","G|G","G|G","(HOVITM_055318,G,missense_variant)",1,0.25,0,0.75,0.75
"84","scaffold_2836",126795,"TGAGGGGGAGGAGGCCACAGA","missense_variant","MODERATE","HOVITM_057825","1521G>T","Glu507Asp","G","T","T/T","G/T","T/T","G/G","G/G","G/G","G/G","G/G",".",".","G/T","G/G","G/T","G/T","T/T","T/T","(HOVITM_057825,T,missense_variant)",1,0.25,0,0.75,0.75
"85","scaffold_2928",116396,"CGACGCCAATTTTGTGGATGT","missense_variant","MODERATE","HOVITM_059286","834T>G","Asn278Lys","T","G","T/T","G|G","G|G","T|G","T/T","T|G","T|G","T/T","G|G","T|G","T/T",".","G|G","G|G","G|G","G/G","(HOVITM_059286,G,missense_variant)",0.75,0,0.25,1,0.75
"86","scaffold_282",175449,"CTGCGATATGGATAGTTACGT","missense_variant","MODERATE","HOVITM_057590","204G>C","Met68Ile","G","C","G/G","G/G","C/C","C/C","G/G","G/G","G/G","G/G","G/G","G/G","G/C","G/G","C/C","C/C","C/C","G/G","(HOVITM_057590,C,missense_variant)",1,0.25,0,0.75,0.75
"87","scaffold_3026",35489,"GATTGCTTCGACTACAACGTC","missense_variant","MODERATE","HOVITM_061242","451G>A","Asp151Asn","G","A",".","A|A","A|A","A|A","G/G","G|A","G/G","G/G","A|A","G/G","G|A","G|A","G|A","A|A","A|A","A|A","(HOVITM_061242,A,missense_variant)",0.875,0.125,0.125,0.875,0.75
"88","scaffold_3026",35492,"TGCTTCGACTACAACGTCTAC","missense_variant","MODERATE","HOVITM_061242","454T>G","Tyr152Asp","T","G",".","G|G","G|G","G|G","T/T","T|G","T/T","T/T","G|G","T/T","T|G","T|G","T|G","G|G","G|G","G|G","(HOVITM_061242,G,missense_variant)",0.875,0.125,0.125,0.875,0.75
"89","scaffold_3026",35546,"CTCGGGTTCATACACGAGCAG","missense_variant","MODERATE","HOVITM_061242","508A>G","Ile170Val","A","G",".","G/G","G/G","G/G","A/A","A/G","A/A","A/A","G|G","A/A","G/G","A/G","A/G","G|G","G/G","G/G","(HOVITM_061242,G,missense_variant)",0.875,0.125,0.125,0.875,0.75
"90","scaffold_3026",43410,"GGTAATTCTAATGGGCAGTTA","missense_variant","MODERATE","HOVITM_061243","37A>G","Asn13Asp","A","G",".","A/A","G|G","G|G","A/A","A/A","A/A","A/A","G/G","A/A","A/A","G|G","A/A","G|G","G|G","G/G","(HOVITM_061243,G,missense_variant)",1,0.25,0,0.75,0.75
"91","scaffold_3026",43412,"TAATTCTAATGGGCAGTTAAC","missense_variant","MODERATE","HOVITM_061243","39T>A","Asn13Lys","T","A",".","T/T","A|A","A|A","T/T","T/T","T/T","T/T","A/A","T/T","T/T","A|A","T/T","A|A","A|A","A/A","(HOVITM_061243,A,missense_variant)",1,0.25,0,0.75,0.75
"92","scaffold_3026",43474,"GTCCAACTTTCTGTCAGCGGT","missense_variant","MODERATE","HOVITM_061243","101T>A","Phe34Tyr","T","A",".","T/T","A|A","A|A","T/T","T/T","T/T","T/T","A|A","T/T","T/T","A|A","T/T","A|A","A|A","A|A","(HOVITM_061243,A,missense_variant)",1,0.25,0,0.75,0.75
"93","scaffold_3026",43483,"TCTGTCAGCGGTATCCTCAGC","missense_variant","MODERATE","HOVITM_061243","110G>A","Arg37Gln","G","A",".","G/G","A|A","A|A","G/G","G/G","G/G","G/G","A|A","G/G","G/G","A|A","G/G","A|A","A|A","A|A","(HOVITM_061243,A,missense_variant)",1,0.25,0,0.75,0.75
"94","scaffold_48",100823,"AGATGTTCAAAATTCTTCAGG","missense_variant","MODERATE","HOVITM_081743","305A>C","Lys102Thr","A","C","A/A","A/C","A/C","A/A","A/A","A/A","A/A","A/A","A/A","A/A","A/A","A/C","C/C","C/C","A/A","A/C","(HOVITM_081743,C,missense_variant)",1,0.375,0,0.625,0.625
"95","scaffold_5",553736,"CATAATTCTGTCATTTTCCCA","missense_variant","MODERATE","HOVITM_083768","113C>A","Thr38Lys","G","T","G/G","G/G","G/G","G/G","G/G","G/G","G/G","G/G","G/T","G/T","G/G","G/T","G/T","G/G","T/T","T/T","(HOVITM_083768,T,missense_variant)",1,0.375,0,0.625,0.625
"96","scaffold_6",142038,"GTTTCTGTATAAACTTTCGCT","missense_variant","MODERATE","HOVITM_092365","85A>G","Ile29Val","T","C","T/T","T/C","T/T","T/T","C/C","C/C","T/C","T/C","C/C","T/C","T/C","T/T","T/T","T/C","T/T","T/T","(HOVITM_092365,C,missense_variant)",0.25,0.875,0.75,0.125,0.625
"97","scaffold_451",192253,"GAGCTGAAAGTTGTGCTGGCA","missense_variant","MODERATE","HOVITM_079019","500C>T","Thr167Ile","G","A","G/G","G/G",".","G/G","G/G","G/G","G/G","G/G","A/A",".","G/G","A/A","G/A","G/G","A/A","A/A","(HOVITM_079019,A,missense_variant)",1,0.375,0,0.625,0.625
"98","scaffold_455",331908,"GGCAGTCAGCTTCGTTGTAAC","missense_variant","MODERATE","HOVITM_079420","1198C>T","Leu400Phe","C","T","C/C","C/C","C/C","C/C","T|T","C|T","T|T","C|T","C/C","C/C","C|T","C|T","C|T","C/C","C/C","C/C","(HOVITM_079420,T,missense_variant)",0.25,0.875,0.75,0.125,0.625
"99","scaffold_472",112034,"AATTTACCAAATTAACCACAT","missense_variant","MODERATE","HOVITM_081053","1171T>G","Leu391Val","A","C","A/A","A|C","A|C","C|C","C|C","C|C","C|C","C|C","A/C","C|C","A/A","A|C","A/A","A|C","A|C","A|C","(HOVITM_081053,C,missense_variant)",0,0.625,1,0.375,0.625
"100","scaffold_472",112818,"AACTCCCTTTTTAAATAAAAT","missense_variant","MODERATE","HOVITM_081053","387A>C","Lys129Asn","T","G","T/T","T|G","T/T","G|G","G|G","G|G","G|G","G|G","T|G","G|G","T/T",".","T/T","T|G","T|G","T|G","(HOVITM_081053,G,missense_variant)",0,0.625,1,0.375,0.625
"101","scaffold_472",112859,"CGAGTATGGTTGCAATGTGTA","missense_variant","MODERATE","HOVITM_081053","346A>G","Thr116Ala","T","C","T/T","T|C","T/T","C|C","C|C","C|C","C|C","C|C","T/C","T|C","T/T","T|C","T/T","T|C","T|C","T|C","(HOVITM_081053,C,missense_variant)",0,0.625,1,0.375,0.625
"102","scaffold_472",112942,"AAAATTGATCTTCTTTGCTTC","missense_variant","MODERATE","HOVITM_081053","263G>T","Arg88Ile","C","A","C/C","C|A","C/C","A|A","A|A","A|A","A|A","A|A","C|A","C|A","C/C","C|A","C/C","C|A","C|A","C|A","(HOVITM_081053,A,missense_variant)",0,0.625,1,0.375,0.625
"103","scaffold_5070",19843,"ACAGACATACAATTCCATTGT","missense_variant","MODERATE","HOVITM_084506","92G>C","Cys31Ser","C","G","G/G","C/C","C/G","C/C","G/G","C/G","G/G","C/G","C/G","C/G","C/G","C/C","C/C","C/G","C/C","C/C","(HOVITM_084506,G,missense_variant)",0.25,0.875,0.75,0.125,0.625
"104","scaffold_5242",42342,"CCGATACTCCATTTTTCTCTT","missense_variant","MODERATE","HOVITM_086039","844G>A","Gly282Arg","C","T","C/C","C/C","C/C","C/C","C/T","C/T","C/T","T/T",".",".","C/C",".","C/C","C/C","C/C","C/C","(HOVITM_086039,T,missense_variant)",0.375,1,0.625,0,0.625
"105","scaffold_515",7908,"TGATAAATAATGGAAATATCT","missense_variant","MODERATE","HOVITM_085213","110T>C","Ile37Thr","A","G","A/G","G/G","G/G","A/A","G/G","G/G","G|G","G/G","G/G","G/G","G/G","A/G","A/A","A/A","G/G","A/G","(HOVITM_085213,G,missense_variant)",0,0.625,1,0.375,0.625
"106","scaffold_535",297686,"ATGCTCGCTGGCAGGTGACAG","missense_variant","MODERATE","HOVITM_087022","595G>A","Gly199Ser","G","A","A|A","G|A","G/A","A|A","A|A","G/A","G/A","A|A","G/A","A|A","G/G","G/A","G/G","G/G","G|A","G/G","(HOVITM_087022,A,missense_variant)",0.25,0.875,0.75,0.125,0.625
"107","scaffold_550",37415,"accgtggacctactgtccgac","missense_variant","MODERATE","HOVITM_088237","94G>C","Gly32Arg","C","G","C/C","C/C","C/C","C/C","C/G","C/G","C/G","G/G","C/C","C/C","C/C","C/G","C/C","C/C","C/C","C/C","(HOVITM_088237,G,missense_variant)",0.375,1,0.625,0,0.625
"108","scaffold_550",112940,"TCTCCACTAGATGTGTTCTGA","missense_variant","MODERATE","HOVITM_088241","161G>A","Arg54Lys","G","A","G/G","G/G","G/G","G|A","G|A","G|A","A|A","G|A","G/G","G/G","G/G","G/G","G/G","G/G","G/G","G/G","(HOVITM_088241,A,missense_variant)",0.375,1,0.625,0,0.625
"109","scaffold_5465",13347,"GAAAAAGCACCCACCGTTTCT","missense_variant","MODERATE","HOVITM_087955","91G>C","Val31Leu","C","G","G/G","C/C","C/C","C/C","C/G","C/G","G/G","C/G","C/C","G/G","C/G","G/G","C/C","C/C","C/C","C/C","(HOVITM_087955,G,missense_variant)",0.375,1,0.625,0,0.625
"110","scaffold_5540",15766,"ACAAGACTCCGCAAGTGAAGT","missense_variant","MODERATE","HOVITM_088593","782G>A","Arg261Gln","C","T","C/T","C/T","C/C","C/T","C/C","C/C","C/C","C/T","C/T","C/C","C/C","C/C","C/T","C/T","T/T","T/T","(HOVITM_088593,T,missense_variant)",0.875,0.25,0.125,0.75,0.625
"111","scaffold_5540",15805,"TGAAGCAGTGCTGCCATCTCC","missense_variant","MODERATE","HOVITM_088593","743C>T","Ala248Val","G","A","G/A","G/A","G/G","G/A","G/G","G/G","G/G","G/A","G/A","G/G","G/G","G/G","G/A","G/A","A/A","A/A","(HOVITM_088593,A,missense_variant)",0.875,0.25,0.125,0.75,0.625
"112","scaffold_5689",35839,"tattcaattccagttggagtc","missense_variant","MODERATE","HOVITM_089843","47C>T","Ser16Phe","C","T","T|T","C/C","C/T","T/T","C/T","C/C","C/C","C/T","C/T","C/T","T/T","C/C","T/T","T/T","C/T","T/T","(HOVITM_089843,T,missense_variant)",0.75,0.125,0.25,0.875,0.625
"113","scaffold_5689",36104,"cacctttaatccgttggtccc","missense_variant","MODERATE","HOVITM_089843","312T>G","Asn104Lys","T","G","T/T","G|G","T/T","T/T","T|G","G|G","G|G","T|G","T|G","T|G","T/T","G|G","T/T","T/T","T|G","T/T","(HOVITM_089843,G,missense_variant)",0.25,0.875,0.75,0.125,0.625
"114","scaffold_5689",36127,"gttgtgttacagagggctttt","missense_variant","MODERATE","HOVITM_089843","335C>G","Thr112Arg","C","G","C/C","G|G","C/C","C/C","C|G","G|G","G|G","C|G","C|G","C|G","C/C","G|G","C/C","C/C","C|G","C/C","(HOVITM_089843,G,missense_variant)",0.25,0.875,0.75,0.125,0.625
"115","scaffold_5697",28784,"ATGTGGAGGCTGTATCTACAA","missense_variant","MODERATE","HOVITM_089924","395C>T","Ala132Val","C","T","T/T","T/T","C/T","C/T","C/T","C/T","T/T","T/T","C/T","C/T","C/C","T/T","C/C","C/C","C/T","C/C","(HOVITM_089924,T,missense_variant)",0.25,0.875,0.75,0.125,0.625
"116","scaffold_562",145693,"CTGCAGAATATAGGTATGGGG","missense_variant","MODERATE","HOVITM_089273","883A>C","Ile295Leu","A","C","A/A","A/A","A/A","A/A","A/A","A/A","A/A","A/A","A/A","A/A","A/C","A/C","C/C","A/C","C/C","A/A","(HOVITM_089273,C,missense_variant)",1,0.375,0,0.625,0.625
"117","scaffold_562",280627,"ttttacgcatcccagaagtat","missense_variant","MODERATE","HOVITM_089284","212T>C","Ile71Thr","T","C","C|C","T|C","T/T","T|C","C|C","T/T","C|C","C/C","T|C","T/T","T/C","T/T","T/T","T/T","T|C","T/T","(HOVITM_089284,C,missense_variant)",0.25,0.875,0.75,0.125,0.625
"118","scaffold_572",160909,"ACACAGATGGATGTTCTGGAA","missense_variant","MODERATE","HOVITM_090182","27G>T","Trp9Cys","G","T","G/T","T/T","G/T",".","G/G","G/G","T/T","G/G","T/T","G/T","T/T",".","T/T","G/T","T/T","T/T","(HOVITM_090182,T,missense_variant)",0.75,0.125,0.25,0.875,0.625
"119","scaffold_572",275347,"GACCAGTTCATCACATCGATG","missense_variant","MODERATE","HOVITM_090188","541A>T","Ile181Phe","A","T","A/T","A/A","A/T","A/A","T/T","T/T","A/A","A/T","A/A","A/T","A/A","A/T","A/A","A/A","A/A","A/A","(HOVITM_090188,T,missense_variant)",0.375,1,0.625,0,0.625
"120","scaffold_592",287913,"AGAACCATGCTGAGGGTGAAG","missense_variant","MODERATE","HOVITM_091713","1337C>T","Ala446Val","C","T","C/C","C/C","C/C","C/C","C/T","C/T","C/T","T/T","C/T","C/C","C/C","C/C","C/C","C/C","C/C","C/C","(HOVITM_091713,T,missense_variant)",0.375,1,0.625,0,0.625
"121","scaffold_6084",54014,"CGGTAGAAGAGGTCACAAAGC","missense_variant","MODERATE","HOVITM_093190","32A>T","Glu11Val","A","T","T|T","T|T","A|T","A|T","A/A","T/T","T|T","T|T","T|T","A|T","A/A","T|T","A/A","A/A","A/A","A|T","(HOVITM_093190,T,missense_variant)",0.25,0.875,0.75,0.125,0.625
"122","scaffold_6084",54025,"GTCACAAAGCATCTAACTCCG","missense_variant","MODERATE","HOVITM_093190","43C>T","His15Tyr","C","T","T/T","T/T","C/T","C/T","C/C","T/T","T/T","T/T","T/T","C/T","C/C","T/T","C/C","C/C","C/C","C/T","(HOVITM_093190,T,missense_variant)",0.25,0.875,0.75,0.125,0.625
"123","scaffold_6084",54770,"GCCCGGAGATTCCCAAAGAGT","missense_variant","MODERATE","HOVITM_093190","788T>C","Ile263Thr","T","C","C|C","C/C","T/C",".","T/T","C/C","C/C","C/C","T/C","T/C","C|C","C/C","T/T","T/T","T/T","T/C","(HOVITM_093190,C,missense_variant)",0.25,0.875,0.75,0.125,0.625
"124","scaffold_6382",62877,"CTTCTACACGGTTGCAGTCTA","missense_variant","MODERATE","HOVITM_095552","1915C>G","Arg639Gly","G","C","G/G","C/C","G/G","C/C","G/G","C/C","C/C","C/C","G/G",".","G/C","C/C","G/G","G/G","G/C","G/G","(HOVITM_095552,C,missense_variant)",0.25,0.875,0.75,0.125,0.625
"125","scaffold_6424",24179,"CCTTGCATTGTTGTAGCTCCT","missense_variant","MODERATE","HOVITM_095878","6058C>A","Gln2020Lys","G","T",".","G/T","G/G","G/G","T/T","G/T","G/G","T/T","T/T","G/T","G/T",".","G/G","G/G","G/G","G/G","(HOVITM_095878,T,missense_variant)",0.375,1,0.625,0,0.625
"126","scaffold_618",313601,"TCAGTATAATGAATGGCTGTG","missense_variant","MODERATE","HOVITM_093964","242A>C","His81Pro","T","G","G|G",".","T/T","T/T","T/T","T/T","T/T","T/T",".","T/T","T/T","T/T","G|G","T/T","T|G","G|G","(HOVITM_093964,G,missense_variant)",1,0.375,0,0.625,0.625
"127","scaffold_624",233134,"AAGACACTTTAGTCGATTGAG","missense_variant","MODERATE","HOVITM_094405","1525A>G","Lys509Glu","T","C","T/T","T/C","T/C","T/T","C/C","C/C","T/C","C/C","T/C","T/C","C/C","T/C","T/T","T/T","T/C","T/C","(HOVITM_094405,C,missense_variant)",0.125,0.75,0.875,0.25,0.625
"128","scaffold_6471",40655,"CATTGTGGAAGAGAAGACATC","missense_variant","MODERATE","HOVITM_096238","216A>T","Glu72Asp","A","T","A/T","A/T","T/T","A/A","A/A","A/A","A/A","A/A","A/T","A/T","A/A",".","T/T","A/T","T/T","A/A","(HOVITM_096238,T,missense_variant)",1,0.375,0,0.625,0.625
"129","scaffold_6858",8200,"TTTGGAACAGATAAGCCAATA","missense_variant","MODERATE","HOVITM_099079","550G>A","Asp184Asn","G","A","G/G","G/G","G/G","G|A","G/G","G/G","G/G","G/G","G/G","G/G","G/A","G/A","G/A","A/A","G|A","G/A","(HOVITM_099079,A,missense_variant)",1,0.375,0,0.625,0.625
"130","scaffold_670",125004,"TGCCTGGTTGAATGTCGATGT","missense_variant","MODERATE","HOVITM_097942","214G>A","Glu72Lys","G","A","G/G","G/G","G/G","G/G","A/A","G/A","G/G","A/A","G/G","A/A","G/G","G/A","G/G","G/G","G/G","G/G","(HOVITM_097942,A,missense_variant)",0.375,1,0.625,0,0.625
"131","scaffold_682",123207,"GTAGTCTCTGCGGAACCTGGC","missense_variant","MODERATE","HOVITM_098837","331G>T","Ala111Ser","G","T","G/T","G/T","G/G","G/T","T/T","T/T","T/T","T/T","T/T","G/T","G/G","G/T","G/G","G/T","G/T","G|T","(HOVITM_098837,T,missense_variant)",0,0.625,1,0.375,0.625
"132","scaffold_682",164371,"CAGTACACAAAGAAGGGTGAC","missense_variant","MODERATE","HOVITM_098841","220A>G","Lys74Glu","A","G","A|G","A|G","A|A","G|G","G|G","G|G","G|G","G|G","G|G","G|G","A|G","A|G","A|A","A|G","A|G","A|G","(HOVITM_098841,G,missense_variant)",0,0.625,1,0.375,0.625
"133","scaffold_682",164485,"GTGTATAATTCTTCGACAGAA","missense_variant","MODERATE","HOVITM_098841","334T>G","Ser112Ala","T","G","T|G","T|G","T|G","G|G","G|G","G|G","G|G","G|G","G|G","G|G","T|G","T|G","T/T","T|G","T|G","T|G","(HOVITM_098841,G,missense_variant)",0,0.625,1,0.375,0.625
"134","scaffold_693",119688,"taaaaagactctagcttgcct","missense_variant&splice_region_variant","MODERATE","HOVITM_099594","109T>C","Ser37Pro","T","C",".","T/C","C/C",".","T/T","T/T","T/T","T/C",".",".","C/C",".","T/T","C/C","C/C","C|C","(HOVITM_099594,C,missense_variant&splice_region_variant)",0.875,0.25,0.125,0.75,0.625
"135","scaffold_7106",67678,"CTTTTCTCTTCATCTCGAAGT","missense_variant","MODERATE","HOVITM_101095","806A>G","Glu269Gly","T","C","C|C","T/C","T/C","C/C","T|C","T|C","T/C","C/C","T/T","T/T","T/C","T/C","T/T","T/T","T/T","T/T","(HOVITM_101095,C,missense_variant)",0.375,1,0.625,0,0.625
"136","scaffold_7106",67702,"ATAATGTCAGTGTCTAAAACT","missense_variant","MODERATE","HOVITM_101095","782C>G","Thr261Ser","G","C","C|C","G/C","G/C","C/C","G/C","G|C","G/C","C/C","G/G","G/G","G/C","G/C","G/G","G/G","G/G","G/G","(HOVITM_101095,C,missense_variant)",0.375,1,0.625,0,0.625
"137","scaffold_7106",67895,"TTTCTATTGCAGCTTCTTTCT","missense_variant","MODERATE","HOVITM_101095","589G>T","Ala197Ser","C","A","A/A","C/A","C/A","A/A","C/A","C/A","C/A","A/A","C/C","C/C","C/A","C/A","C/C","C/C","C/C","C/C","(HOVITM_101095,A,missense_variant)",0.375,1,0.625,0,0.625
"138","scaffold_7106",69892,"TTCACTCGGAACGTTGGTCCT","missense_variant","MODERATE","HOVITM_101095","185T>A","Phe62Tyr","A","T","T/T","A/T","A/T","T/T","A/T","A/T","A/T","T/T","A/A","A/A","A/T","A/T","A/A","A/A","A/A","A/A","(HOVITM_101095,T,missense_variant)",0.375,1,0.625,0,0.625
"139","scaffold_7146",75085,"AGGATGAACTTCAGCCACAAG","missense_variant","MODERATE","HOVITM_101380","278A>G","Lys93Arg","T","C","T/T","T/T","T/T","C/C","C/C","C|C","T/C","T/T","T/C","C/C","T/C","T/T","T/T","T/T","T/T","T/T","(HOVITM_101380,C,missense_variant)",0.375,1,0.625,0,0.625
"140","scaffold_7257",71555,"CGTCCTCGAATGTCAAAATGC","missense_variant","MODERATE","HOVITM_102196","445T>G","Phe149Val","A","C",".",".","C/C","C/C","C/C","C/C","C/C","A/A","C/C","C/C","C/C","C/C","A/A","A/A","A/A","A|C","(HOVITM_102196,C,missense_variant)",0.25,0.875,0.75,0.125,0.625
"141","scaffold_7297",66291,"CCAGCACAGCCTCCAACAAGT","missense_variant","MODERATE","HOVITM_102458","190G>A","Ala64Thr","C","T","T/T","C/C","C/T","C/C","C/C","C/T","C/C","C/C","C|T","C|T","C|T","C|T","C/C","T|T","T/T","T/T","(HOVITM_102458,T,missense_variant)",0.875,0.25,0.125,0.75,0.625
"142","scaffold_702",5522,"TACCAGTAACGTTCAGCAGAT","missense_variant","MODERATE","HOVITM_100393","1405G>A","Val469Ile","C","T","C/T","C/C","C/C","C/T","T/T","T/T","C/T","T/T","T/T","T/T","T/T",".","C/C","C/T","C/C","C/T","(HOVITM_100393,T,missense_variant)",0.125,0.75,0.875,0.25,0.625
"143","scaffold_711",29928,"GATCCTGGGCGTCCACACACA","missense_variant","MODERATE","HOVITM_101114","58G>A","Ala20Thr","C","T","C/C","C/T","C/T","C/C","C/C","C/C","C/C","C/C","C/C","C/C","C/T","C/C","C/T","T/T","C/C","T/T","(HOVITM_101114,T,missense_variant)",1,0.375,0,0.625,0.625
"144","scaffold_796",156549,"GAATACGAGATATCTTCTGGA","missense_variant","MODERATE","HOVITM_106869","538T>G","Ser180Ala","A","C",".","A/A","C|C","A/A","C|C","A|C","C|C","A|C",".","C|C","C|C",".","A/A","A|C","A/A","A/A","(HOVITM_106869,C,missense_variant)",0.25,0.875,0.75,0.125,0.625
"145","scaffold_796",156552,"TACGAGATATCTTCTGGATCC","missense_variant","MODERATE","HOVITM_106869","535A>G","Ile179Val","T","C",".","T/T","C|C","T/T","C|C","T|C","C|C","T|C",".","C|C","C|C",".","T/T","T|C","T/T","T/T","(HOVITM_106869,C,missense_variant)",0.25,0.875,0.75,0.125,0.625
"146","scaffold_796",168747,"CACCAAATCTTCGCGCATAGC","missense_variant","MODERATE","HOVITM_106871","201A>C","Glu67Asp","T","G","T/T","T/T","T/T","T/T","T/G","T/G","G/G","T/G","G/G","G/G","T/G","G/G","T/T","T/T","T/T","T/T","(HOVITM_106871,G,missense_variant)",0.375,1,0.625,0,0.625
"147","scaffold_7971",51988,"CTGGAAAATCTTGTCCTGTTA","missense_variant","MODERATE","HOVITM_106941","250G>C","Asp84His","C","G","G/G","G/G","C/C","G/G","C/C","C/C","C/C","C/C",".","C/C","C/C",".","C/G","G/G","G/G","C/C","(HOVITM_106941,G,missense_variant)",1,0.375,0,0.625,0.625
"148","scaffold_8116",63872,"TGCACCAAAGATGCATTTCCT","missense_variant","MODERATE","HOVITM_107835","736G>C","Asp246His","G","C","G|C","C|C","C|C","G|C","G/G","G/G","C|C","G/G","G/G","C|C","G/G","G|C","C|C","C|C","G|C","C|C","(HOVITM_107835,C,missense_variant)",0.75,0.125,0.25,0.875,0.625
"149","scaffold_8116",63945,"ACGTTGAAAACCATTAGCAAA","missense_variant","MODERATE","HOVITM_107835","809A>C","Asn270Thr","A","C","A/C","C/C","C/C","A/C","A/A","A/A","C/C","A/A","A/A","C/C","A/A","A/C","C/C","C/C","A/C","C/C","(HOVITM_107835,C,missense_variant)",0.75,0.125,0.25,0.875,0.625
"150","scaffold_8119",10216,"CCAGTTCGGAACCACTCAACC","missense_variant","MODERATE","HOVITM_107842","670T>C","Ser224Pro","A","G","A/A","A/A","A/A","A/A","G|G","G|G","A/A","A|G","A/A","A|G","A/G","A/A","A/A","A/A","A/A","A/A","(HOVITM_107842,G,missense_variant)",0.375,1,0.625,0,0.625
"151","scaffold_8291",15445,"AGGGGACGATATTTTGTCGAT","missense_variant","MODERATE","HOVITM_108901","249T>G","Asp83Glu","T","G","T|G","T/T","T/T","T/T","T/T","T/T","T|G","G|G","G/G","T/G","T|G","G/G","G/G","G|G","G|G","G|G","(HOVITM_108901,G,missense_variant)",0.625,0,0.375,1,0.625
"152","scaffold_8291",15465,"TTGACCAAACATACcgagaca","missense_variant","MODERATE","HOVITM_108901","269C>T","Thr90Ile","C","T","C|T","C/C","C/C","C/C","C/C","C/C","C|T","T|T","T|T","C/T","C|T","C|T","T|T","T|T","T|T","T|T","(HOVITM_108901,T,missense_variant)",0.625,0,0.375,1,0.625
"153","scaffold_829",85352,"AGTTTAGTGCATGTACTGGTT","missense_variant","MODERATE","HOVITM_108846","47C>T","Ala16Val","C","T","T/T","C/C","C/C","C/T","T/T","T/T","C/T","C/T","C/C","C/C","C/C","C/C","C/T","C/C","C/C","C/C","(HOVITM_108846,T,missense_variant)",0.25,0.875,0.75,0.125,0.625
"154","scaffold_832",204456,"tgctccgcctctgcctcCAGC","missense_variant","MODERATE","HOVITM_109076","509A>G","Glu170Gly","T","C","C/C","T/T","T/C","T/C","T/T","T/T","T/T","T/T","T/T","C/C","T/T","T/T","C/C","C/C","T/T","T/C","(HOVITM_109076,C,missense_variant)",1,0.375,0,0.625,0.625
"155","scaffold_846",68575,"AATCCAATATTTTAGAAGTTT","missense_variant","MODERATE","HOVITM_109959","3332T>C","Ile1111Thr","T","C","C/C","T/C","T/T","T/C","T/T","T/T","T/T","T/T","T/T","C/C","T/C","T/T","T/C","T/C","T/C","C/C","(HOVITM_109959,C,missense_variant)",1,0.375,0,0.625,0.625
"156","scaffold_873",211925,"AATACCACAAGATTTGGTGGG","missense_variant","MODERATE","HOVITM_111528","305A>G","Lys102Arg","A","G","G|G","A/A","A/A","A/A","A/A","A/A","A/A","A/A","A/A","A/G","A/A","A/A","A/G","A/A","G|G","G|G","(HOVITM_111528,G,missense_variant)",1,0.375,0,0.625,0.625
"157","scaffold_889",110898,"GAAAGATTTACACTCCATGCT","missense_variant","MODERATE","HOVITM_112363","1452T>G","Cys484Trp","A","C",".","A/A","C/C","A/C","C/C","C/C","C/C","C/C","A/A","C/C","A/A","A/A","A/C","A/A","A/A","C/C","(HOVITM_112363,C,missense_variant)",0,0.625,1,0.375,0.625
"158","scaffold_889",113480,"TTTCCACCACATGCACTTCAT","missense_variant","MODERATE","HOVITM_112364","1089G>T","Met363Ile","C","A","C/C","C/C","A/A","C/A","C/A","A/A","C/A","C/A","C/C","C/A","C/C","C/A","C/C","C/C","C/C","C/C","(HOVITM_112364,A,missense_variant)",0.375,1,0.625,0,0.625
"159","scaffold_889",164420,"CCAACACTCAAGTTTGCATTT","missense_variant","MODERATE","HOVITM_112368","122A>G","Gln41Arg","A","G","A/G","G/G","A/A","A/G","A/A","A/A","A/A","A/A","G/G","A/A","G/G","A/A","A/G","G/G","G/G","A/A","(HOVITM_112368,G,missense_variant)",1,0.375,0,0.625,0.625
"160","scaffold_8973",43129,"GCAGGTTGGCGGACAGCGCAT","missense_variant","MODERATE","HOVITM_112883","1225G>A","Ala409Thr","C","T","C/C","C/C","C/C","C/C","T/T","T/T","C/T","C/T","C/C","C/C","C/C","C/C","C/C","C/C","C/C","C/T","(HOVITM_112883,T,missense_variant)",0.25,0.875,0.75,0.125,0.625
"161","scaffold_9327",4727,"CCAGACAACATTACCACACTT","missense_variant","MODERATE","HOVITM_115019","154A>T","Ile52Phe","A","T","A/A","A/A","A/A","A/A","T/T","A/A","T/T","T/T","T/T","A/T","T/T","A/A","A/A","A/A","A/A","A/T","(HOVITM_115019,T,missense_variant)",0.25,0.875,0.75,0.125,0.625
"162","scaffold_9424",13636,"TGTTCATTTCCACGAAGTGCC","missense_variant","MODERATE","HOVITM_115555","683G>A","Gly228Glu","C","T","C|T","C|T","C/C","C|T","C|T","T|T","C/C","T|T","C/C","C|T","C/C","C/C","C/C","C/C","C/C","C/C","(HOVITM_115555,T,missense_variant)",0.375,1,0.625,0,0.625
"163","scaffold_948",36220,"ATATACAGCTGTCCCAACTTC","missense_variant","MODERATE","HOVITM_115790","56T>C","Leu19Pro","T","C","C/C","T/C","T/C","T/C","T/C","T/T","T/T","T/T","T/T","C/C","T/T","C/C","C/C","C/C","T/T","C/C","(HOVITM_115790,C,missense_variant)",0.875,0.25,0.125,0.75,0.625
"164","scaffold_950",170161,"TGCGATTCGTATGACTGCTGG","missense_variant","MODERATE","HOVITM_116001","738A>G","Ile246Met","T","C","T/T","T/C","T/T","T|C","C/C","C/C","C/C","C/C","T/T","T/T","T/C","T/T","T/C","T/C","T/C","T/T","(HOVITM_116001,C,missense_variant)",0,0.625,1,0.375,0.625
"165","scaffold_9639",56391,"ATCGGAGGAAGATCGTTTACT","missense_variant","MODERATE","HOVITM_116739","174A>T","Glu58Asp","A","T","A/A","A/A","A|T","A/T","T|T","T|T","T|T","A/A","A/A","A/A","A/A","A/A","A/T","A/A","A/A","A/A","(HOVITM_116739,T,missense_variant)",0.25,0.875,0.75,0.125,0.625
"166","scaffold_9647",27364,"CTCCACCAGCCAGTCCGTCTC","missense_variant","MODERATE","HOVITM_116782","929C>T","Ala310Val","C","T","C/C","T/T","T/T","T/T","C/T","T/T","T/T","T/T","C/T","C/C","C|T","C/T","C/C","C/C","C/C","T/T","(HOVITM_116782,T,missense_variant)",0.125,0.75,0.875,0.25,0.625
"167","scaffold_9674",6035,"GACGGTGACTTGATGACCTCT","missense_variant","MODERATE","HOVITM_116952","141A>T","Gln47His","T","A","T/T","T/A","T/A","T/A","T/T","T/T","T/T","T/T","T/T","T/T","T/T","T/T","T/A","T/T","A|A","A/A","(HOVITM_116952,A,missense_variant)",1,0.375,0,0.625,0.625
"168","scaffold_9831",44448,"AGTATCACAGTACCTCAGATG","missense_variant","MODERATE","HOVITM_117772","30G>T","Gln10His","G","T","T/T","G/T","T/T","G/G","G/T","T/T","T/T","T/T","T/T","T/T","G/G","G/T","G/T","G/G","G/T","G/G","(HOVITM_117772,T,missense_variant)",0.125,0.75,0.875,0.25,0.625
"169","scaffold_9831",44654,"ACTGTGATCTAATCAATTCAA","missense_variant","MODERATE","HOVITM_117772","236T>C","Leu79Pro","T","C","C/C","C/C","C/C","T/T","C/C","C/C","C/C","C/C","C/C","C/C","T/T","T/C","C/C","T/T","T/C","T/T","(HOVITM_117772,C,missense_variant)",0,0.625,1,0.375,0.625
"170","scaffold_75",65101,"CTCCAAGCTGTTTTCTTTTGA","missense_variant","MODERATE","HOVITM_103859","1974C>A","Asn658Lys","G","T","G/T","G/T","G/T","G/T","G/G","G/T","G/G","G/T","T/T","G/T","T/T","G/T","T/T","G/T","T/T","T/T","(HOVITM_103859,T,missense_variant)",0.75,0.125,0.25,0.875,0.625
"171","scaffold_75",65333,"GTTTCCAATGAATCGGTCTTA","missense_variant","MODERATE","HOVITM_103859","1742C>T","Ser581Leu","G","A","G/A","A|A","G/A","G/A","G/G","G/A","G/G","G/A","A/A","G/A","A/A","G/A","A/A","G/A","A/A","A/A","(HOVITM_103859,A,missense_variant)",0.75,0.125,0.25,0.875,0.625
"172","scaffold_75",65941,"GCAACTATCACTTTCAGGAAC","missense_variant","MODERATE","HOVITM_103859","1134T>G","Ser378Arg","A","C","A/C","A/C","A/C","A/C","A/A","A/C","A/A","A/C","C/C","A/C","C/C","A/C","C/C","A/C","C/C","C/C","(HOVITM_103859,C,missense_variant)",0.75,0.125,0.25,0.875,0.625
"173","scaffold_75",65996,"TTGTTACAGTCAATCTTGGGA","missense_variant","MODERATE","HOVITM_103859","1079A>C","Asp360Ala","T","G","T/T","T/G","T/G","T/G","T/T","T/G","T/T","T/G","G/G","T/G","G/G","T/G","G/G","T/G","G/G","G/G","(HOVITM_103859,G,missense_variant)",0.75,0.125,0.25,0.875,0.625
"174","scaffold_75",663484,"GGTCTGACCGGTCAGGGGGTT","missense_variant","MODERATE","HOVITM_103921","160G>A","Gly54Ser","G","A","G/A","G/A","G/A","G/A","G/G","A/A","G/G","G/A","A/A","A/A","A/A",".","A/A","A/A","A/A","A/A","(HOVITM_103921,A,missense_variant)",0.625,0,0.375,1,0.625
"175","scaffold_81",458685,"ACTCAAAAGGGGTGTTTAAGT","missense_variant","MODERATE","HOVITM_107719","79C>T","Pro27Ser","G","A","G/A","G/A","G/G","G/G","G/G","G/G","G/G","G/G","G/G","G/A","G/G","G/G","A/A","G/G","G/A","A/A","(HOVITM_107719,A,missense_variant)",1,0.375,0,0.625,0.625
"176","scaffold_81",650835,"CTTCTATCTGCAATAAAGAAA","missense_variant","MODERATE","HOVITM_107733","1154G>A","Cys385Tyr","G","A","G/A","G/A","G/G","G/G","G/G","G/G","G/G","G/G","G/G","G/A","G/G","G/G","A/A","G/G","G/A","A/A","(HOVITM_107733,A,missense_variant)",1,0.375,0,0.625,0.625
"177","scaffold_82",605401,"TCCTCTGTTTCTTGTGCTATT","missense_variant","MODERATE","HOVITM_108345","832T>G","Ser278Ala","T","G","T/T","T/T","G/G","T/T","T/T","T/T","T|G","T/T",".","T|G","G|G","T/T","G|G","T/T","G|G","G|G","(HOVITM_108345,G,missense_variant)",0.875,0.25,0.125,0.75,0.625
"178","scaffold_82",605587,"AAAACACGTGGTATAGCTTCA","missense_variant","MODERATE","HOVITM_108345","1018G>A","Gly340Ser","G","A","G/G","G/G","A|A","G/G","G/G","G/G","G|A","G/G","A|A","G/G","A|A","G/G","A|A","G/G","A|A","A|A","(HOVITM_108345,A,missense_variant)",0.875,0.25,0.125,0.75,0.625
"179","scaffold_82",629920,"CTCCAGTGGCAATCATGGCTT","missense_variant","MODERATE","HOVITM_108347","2366C>T","Ala789Val","C","T","C/C","C/C","C/C","C/C","C/C","C/C","C/T","C/C",".","C/C",".",".","T/T","C/C","T/T","T/T","(HOVITM_108347,T,missense_variant)",0.875,0.25,0.125,0.75,0.625
"180","scaffold_89",100248,"CTCTGAAGATATACTCAACAG","missense_variant","MODERATE","HOVITM_112418","1204A>G","Ile402Val","T","C","T/T","T/C","T/C","T/T","T/C","C/C","T/C","T/C","T/T","T/T","T/T",".","T/T","T/T","T/T","T/T","(HOVITM_112418,C,missense_variant)",0.375,1,0.625,0,0.625
"181","scaffold_952",16585,"TACGCAGTGATTGGAACTCAT","missense_variant","MODERATE","HOVITM_116090","346A>T","Ile116Phe","A","T",".",".",".",".","T/T","T/T","A/T","T/T","A/A","T/T","A/A","A/A","T/T","A/A","A/A","A/A","(HOVITM_116090,T,missense_variant)",0.125,0.75,0.875,0.25,0.625
"182","scaffold_982",97117,"TGGAATCATGTTTATTGTTGT","missense_variant","MODERATE","HOVITM_117716","813C>A","Asn271Lys","G","T","G/G","G/T","G/G","G/T","G/T","G/T","T/T","T/T",".","G/G","T/T","G/G","G/G","G/G","G/T","G/G","(HOVITM_117716,T,missense_variant)",0.25,0.875,0.75,0.125,0.625
"183","scaffold_10216",45832,"TACACATTACGATGAACAGTG","missense_variant","MODERATE","HOVITM_001604","640G>T","Val214Leu","C","A","A/A","A/A","A/A","C/A","A/A","C/A","C/C","C/C","A/A","A/A","C/A","A/A","A/A","A/A","A/A","A/A","(HOVITM_001604,A,missense_variant)",0.625,0,0.375,1,0.625
"184","scaffold_10671",33678,"GCAGCAGATTTTATAAACTCG","missense_variant","MODERATE","HOVITM_003944","802T>G","Phe268Val","T","G","T/T","T/T",".","T/T","G|G","G|G","T/G","G|G",".","T|G","T/G",".","T/T","T/G","T/G","T/T","(HOVITM_003944,G,missense_variant)",0.125,0.75,0.875,0.25,0.625
"185","scaffold_10702",21835,"GTTGTTCGCATTCCTGAATGT","missense_variant","MODERATE","HOVITM_004155","1255T>A","Cys419Ser","A","T","T|T","T|T",".","T/T","T|T","T/T","T|T","T|T","T|T","T/T","A/A",".","A/A","T/T","A|T","A/A","(HOVITM_004155,T,missense_variant)",0,0.625,1,0.375,0.625
"186","scaffold_10855",17594,"AATGATTTAGACAATATAATT","missense_variant","MODERATE","HOVITM_004912","766G>C","Asp256His","G","C","G/G","C/C","G/G","C/C","G/G","G/G","G/G","G/G","C/C","C/C","G/G","G/C","G/G","C/C","G/C","C/C","(HOVITM_004912,C,missense_variant)",1,0.375,0,0.625,0.625
"187","scaffold_1060",246866,"CGAAGAAGAATACATTGAAGG","missense_variant","MODERATE","HOVITM_003644","716A>G","Asn239Ser","A","G","A/A","A/G","A/A","A/A","A/A","G|G","G|G","G|G","A|G","A/A","G|G","G|G","A/A","A|G","A/A","A/A","(HOVITM_003644,G,missense_variant)",0.25,0.875,0.75,0.125,0.625
"188","scaffold_1082",102078,"AAAGGCAAGTTCCGTCTTCTT","missense_variant","MODERATE","HOVITM_004744","868A>G","Thr290Ala","T","C","T/T","C/C","C/C","T/C","T/T","T/T","T/T","T/T","T/C","T/T","C/C","T/C","C|C","C/C","T|C","T/T","(HOVITM_004744,C,missense_variant)",1,0.375,0,0.625,0.625
"189","scaffold_1082",102909,"GTAGTAGTTCTGGTACGTGCC","missense_variant","MODERATE","HOVITM_004744","37G>C","Glu13Gln","C","G","C/C","G/G","G/G","C/G","C/C","C/C","C/C","C/C","C/G","C/C","C/G","C/C","G/G","G/G","C/G","C/C","(HOVITM_004744,G,missense_variant)",1,0.375,0,0.625,0.625
"190","scaffold_1098",120439,"ACTAGACACGACGTCAAGGTA","missense_variant","MODERATE","HOVITM_005476","544G>C","Asp182His","G","C","G/G","G/G","G/G","G/G","G/G","G/G","G/G","G/G",".","G/C","G/G",".","G/C","G/G","C|C","C|C","(HOVITM_005476,C,missense_variant)",1,0.375,0,0.625,0.625
"191","scaffold_1100",249499,"TCAAAGAAGGAAATGAAGATG","missense_variant","MODERATE","HOVITM_005657","245G>A","Gly82Glu","G","A","A/A","G/A","A/A","G/A","A/A","A/A","A/A","A|A","A/A","A/A",".","G/A","G/G","G/A","G/G","A/A","(HOVITM_005657,A,missense_variant)",0,0.625,1,0.375,0.625
"192","scaffold_11223",7556,"AATGTCAGGGTTGTGGACTTG","missense_variant","MODERATE","HOVITM_006723","589G>A","Val197Ile","G","A",".","A/A","A/A","G/A","G/G","G/A","G/G","G/G","A/A","G/G","G/G",".","G/G","A/A","A/A","A/A","(HOVITM_006723,A,missense_variant)",0.875,0.25,0.125,0.75,0.625
"193","scaffold_11223",7712,"AGATCAACCGTCAATAATTTA","missense_variant","MODERATE","HOVITM_006723","745G>A","Val249Ile","G","A",".","G/A",".","A|A","G/G","G|A","G/G","G/G","A|A","G/G","G/G",".","A|A","A|A","G/G","A|A","(HOVITM_006723,A,missense_variant)",0.875,0.25,0.125,0.75,0.625
"194","scaffold_11256",33945,"TCGAGACAGTGAGGTCCCAGG","missense_variant","MODERATE","HOVITM_006830","93T>A","Ser31Arg","T","A","T/T","T/T","T/T",".","T/T","T/T","T/T","T/T","T/T","T/T","T/T","A|A","T|A","A|A","T/T","A|A","(HOVITM_006830,A,missense_variant)",1,0.375,0,0.625,0.625
"195","scaffold_11304",27401,"ATACCTTGCTCTTCGTCATGT","missense_variant","MODERATE","HOVITM_007088","431A>T","Glu144Val","T","A","T/T","T/T","T/T","T/T","A/A","T/T","A/A","T/A","T/T","T/T","T/A","A/A","T/T","T/T","T/T","T/T","(HOVITM_007088,A,missense_variant)",0.375,1,0.625,0,0.625
"196","scaffold_11376",17529,"AGGATGACGGCCTGGACGAAG","missense_variant","MODERATE","HOVITM_007368","254C>T","Ala85Val","G","A","G/A","G/G","G/A",".","A|A","A|A","G/G","G|A","G/G","G/G","G/G",".","G/G","G/G","G/G","G/G","(HOVITM_007368,A,missense_variant)",0.375,1,0.625,0,0.625
"197","scaffold_1147",136462,"CAGACTGAGATTCCCCTAGAG","missense_variant","MODERATE","HOVITM_007813","487A>G","Ile163Val","A","G","A|G","A/G","A|G","A|G","G/G","G/G","G/G","G/G","A/A","G/G","A/A","A/A","G/G","A/G","A/A","A/A","(HOVITM_007813,G,missense_variant)",0,0.625,1,0.375,0.625
"198","scaffold_11605",8671,"CTGCTAAGATCTTGTATTCCT","missense_variant","MODERATE","HOVITM_008424","967A>G","Ile323Val","T","C","T/T","T|C","T|C","T|C","T|C","T|C","C|C","C|C","C|C","C|C","T/T","T|C","T/T","T|C","T/T","T/T","(HOVITM_008424,C,missense_variant)",0.25,0.875,0.75,0.125,0.625
"199","scaffold_1224",4578,"GACTGGGTATATGTTCGCGCT","missense_variant","MODERATE","HOVITM_011275","317A>G","Tyr106Cys","T","C","T/T","T/T","T/T","T/C","T/C","C/C","C/C","C/C","T/C","T/T","T/T","C/C","T/C","T/T","T/T","T/C","(HOVITM_011275,C,missense_variant)",0.125,0.75,0.875,0.25,0.625
"200","scaffold_1243",54468,"CAAGTGATAAAGTGGATGATT","missense_variant","MODERATE","HOVITM_012205","769A>C","Lys257Gln","A","C","A/A","A/A","A/C","A/A","A/A","A/A","A/A","A/A","A/A","A/A","A/C","A/A","C/C","C/C","A/A","A/C","(HOVITM_012205,C,missense_variant)",1,0.375,0,0.625,0.625
"201","scaffold_1248",140157,"TCTGCAAGACCCCTCCCAGCA","missense_variant","MODERATE","HOVITM_012395","836G>A","Gly279Asp","C","T","C/T","C/T","T/T","T/T","C/C","C/C","C/T","C/T","T/T","T/T","T/T","T/T","C/T","T/T","T/T","T/T","(HOVITM_012395,T,missense_variant)",0.75,0.125,0.25,0.875,0.625
"202","scaffold_12658",37275,"ACACCTATTCCTGGCTCTCCC","missense_variant","MODERATE","HOVITM_013173","356G>T","Gly119Val","C","A","C/C","C/A","C/C","C/A","C/C","C|A","C/C","C/C","C/C","C/C","C/C","C/C","A/A","A/A","C/A","C/A","(HOVITM_013173,A,missense_variant)",0.875,0.25,0.125,0.75,0.625
"203","scaffold_12918",32993,"AGGCATGCCGCTTGGTGTACG","missense_variant","MODERATE","HOVITM_014243","345C>A","Ser115Arg","G","T","G/T","T/T","G/T","G/T","T/T","G/T","G/T","T/T","T/T","G/T","T/T","T/T","G/G","G/G","G/G","G/T","(HOVITM_014243,T,missense_variant)",0.25,0.875,0.75,0.125,0.625
"204","scaffold_1271",190702,"AAAACTGTTGATGTGATGAAA","missense_variant","MODERATE","HOVITM_013380","414C>G","Ile138Met","G","C","G/G","G|C","G/G","G/G","G/G","G/G","G/G","G/G","G/G","C/C","G|C","C|C","C/C","C/C","G/C","G/G","(HOVITM_013380,C,missense_variant)",1,0.375,0,0.625,0.625
"205","scaffold_13211",10757,"AACTGATTTGGTTTAAGAAAA","missense_variant","MODERATE","HOVITM_015464","480G>T","Leu160Phe","G","T","G/G","G/G","G/G","G/G","G/G","G/G","G/G","G/G","G/T","G/T","G/G","G/G","T/T","G/G","T/T","G/T","(HOVITM_015464,T,missense_variant)",1,0.375,0,0.625,0.625
"206","scaffold_1319",69496,"CGATTTGACAAAGCTCTTCAT","missense_variant","MODERATE","HOVITM_015349","13852T>G","Cys4618Gly","A","C","A/C","C/C","A/A","A/C","A/A","A/A","A/C","A/A","A/A","A/A","A/C","A/A","A/C","A/C","C/C","C/C","(HOVITM_015349,C,missense_variant)",0.875,0.25,0.125,0.75,0.625
"207","scaffold_1329",74045,"TTCAAATTATGTTCTTCTTTT","missense_variant","MODERATE","HOVITM_015730","1805A>T","His602Leu","T","A","T/T","T/T","A|A","A|A","T|A","A|A","T|A","A|A","T/T","T/T","T|A","T/T","T/T","T/T","T/T","T|A","(HOVITM_015730,A,missense_variant)",0.25,0.875,0.75,0.125,0.625
"208","scaffold_1329",74155,"TGTGGGTTGTTGTTTGCGTTG","missense_variant","MODERATE","HOVITM_015730","1695A>T","Gln565His","T","A","T/T","T/T","T|A","T|A","T/A","A/A","T/A","A/A","T/T","T/T","T|A","T/T","T/T","T/T","T/T","T/A","(HOVITM_015730,A,missense_variant)",0.25,0.875,0.75,0.125,0.625
"209","scaffold_1329",74617,"ATCGTCATCCAACTTCTGACT","missense_variant","MODERATE","HOVITM_015730","1233G>T","Leu411Phe","C","A","C/C","C/C","A/A","A/A","C/A","A/A","C/A","A/A","C/C","C/C","C/A","C/C","C/C","C/C","C/C","C/A","(HOVITM_015730,A,missense_variant)",0.25,0.875,0.75,0.125,0.625
"210","scaffold_1334",79113,"TTTTTATTGTTCGACTGGTCG","missense_variant","MODERATE","HOVITM_015959","302A>G","Asn101Ser","T","C","T/C","T/C","C/C","T/T","T/T","T/T","T/T","T/T","T/C","T/T","C/C","T/C","T/C","T/C","T/C","C/C","(HOVITM_015959,C,missense_variant)",1,0.375,0,0.625,0.625
"211","scaffold_13592",37379,"TAACTTTCAGGGTGACGGGTC","missense_variant","MODERATE","HOVITM_016971","610C>A","Leu204Met","G","T","G/G","G/G","T/T","G/T","G/G","G/G","G/G","G/G",".","G/G",".","T/T","T/T","T/T","G|T","G/G","(HOVITM_016971,T,missense_variant)",1,0.375,0,0.625,0.625
"212","scaffold_1352",69738,"GCATTGTGACGACTAGGTGAC","missense_variant","MODERATE","HOVITM_016691","415G>A","Val139Ile","C","T","C|T","C/C","C/C","C|T","C|T","C|T","T|T","C|T","C|C","C|T","C/C","C/C","C/C","C/C","C/C","C/C","(HOVITM_016691,T,missense_variant)",0.375,1,0.625,0,0.625
"213","scaffold_1352",69782,"GAGGACTGGGTGGTGACAACC","missense_variant","MODERATE","HOVITM_016691","371C>A","Thr124Asn","G","T","G/T","G/G","G/G","G/T","G/T","G/T","T/T","G/T","G/G","G/T","G/G","G/G","G/G","G/G","G/G","G/G","(HOVITM_016691,T,missense_variant)",0.375,1,0.625,0,0.625
"214","scaffold_1352",69800,"ACCTCCTCGCTCAGTGTAATC","missense_variant","MODERATE","HOVITM_016691","353G>A","Ser118Asn","C","T","C/T","C/C","C/C","C/T","C/T","C/T","T/T","C/T","C/T","C/T","C/C","C/C","C/C","C/C","C/C","C/C","(HOVITM_016691,T,missense_variant)",0.375,1,0.625,0,0.625
"215","scaffold_1352",71040,"TTTGCCTTTACTTCGCCTAGA","missense_variant","MODERATE","HOVITM_016691","102T>A","Ser34Arg","A","T","A|T","A/A","A/A","A|T","A|T","A|T","T|T","A|T","A|T","A|T","A/A","A/A","A/A","A/A","A/A","A/A","(HOVITM_016691,T,missense_variant)",0.375,1,0.625,0,0.625
"216","scaffold_1352",71041,"TTGCCTTTACTTCGCCTAGAC","missense_variant","MODERATE","HOVITM_016691","101G>C","Ser34Thr","C","G","C|G","C/C","C/C","C|G","C|G","C|G","G|G","C|G","C|G","C|G","C/C","C/C","C/C","C/C","C/C","C/C","(HOVITM_016691,G,missense_variant)",0.375,1,0.625,0,0.625
"217","scaffold_1354",78320,"GGCGTGGGCGTAGCAACTGGC","missense_variant","MODERATE","HOVITM_016767","1183G>A","Val395Ile","G","A","G/G","G/G","G/G","G/G","G/G","G/G","G/G","G/G","G/G","G|A","G/G",".","A|A","G|A","G/G","A|A","(HOVITM_016767,A,missense_variant)",1,0.375,0,0.625,0.625
"218","scaffold_1410",105904,"CGTTCCACTCTGTAGACCTTT","missense_variant","MODERATE","HOVITM_019208","344G>A","Arg115Lys","C","T","C/T","C/C","T/T","C/T","C/T","T/T","T/T","C/T","C/C","C/T","C/C","C/C","C/C","C/T","C/C","C/C","(HOVITM_019208,T,missense_variant)",0.25,0.875,0.75,0.125,0.625
"219","scaffold_14649",29151,"CTCAGAATCCAGACACATCAA","missense_variant","MODERATE","HOVITM_021240","50C>T","Pro17Leu","C","T","C/T","T/T","C/C","T/T","C/T","C/T","C/C","C/T","T/T","C/T","T/T","T/T","T/T","T/T","T/T","T/T","(HOVITM_021240,T,missense_variant)",0.625,0,0.375,1,0.625
"220","scaffold_105",309743,"TGTTGGTCCAAGAAGATGGAA","missense_variant","MODERATE","HOVITM_003057","437A>G","Gln146Arg","A","G","A/G","A/A","A/A","A/G","G/G","G/G","A/G","A/G","A/G","A/A","A/G","A|G","A/A","A/G","A/A","A/A","(HOVITM_003057,G,missense_variant)",0.25,0.875,0.75,0.125,0.625
"221","scaffold_107",49493,"TTATATTGGCACCATGATTTA","missense_variant","MODERATE","HOVITM_004062","757G>A","Ala253Thr","C","T","C/C","C/C","C/C","T/T","T/T","C/T","T/T","C/T",".","C/C","C/C","C/T","C/C","C/C","C/T","C/C","(HOVITM_004062,T,missense_variant)",0.25,0.875,0.75,0.125,0.625
"222","scaffold_133",351346,"ACGTTTATAGTGAGGAAAAGT","missense_variant","MODERATE","HOVITM_015776","827G>A","Ser276Asn","G","A","G/A","G/A","G/A","G/G","A/A","G/A","G/A","G/A","G/G","A/A","G/G","G/G","G/G","G/G","G/G","G/G","(HOVITM_015776,A,missense_variant)",0.375,1,0.625,0,0.625
"223","scaffold_149",504265,"ACAAGAACAATGTGGAGGACG","missense_variant","MODERATE","HOVITM_022192","293A>G","Asn98Ser","A","G","A/A","A/G","A/A","A/G","A/A","A/A","A/A","A/A","A/A","G/G","A/A","A/A","G/G","G/G","A/G","A/A","(HOVITM_022192,G,missense_variant)",1,0.375,0,0.625,0.625
"224","scaffold_15129",2182,"TTGATCCACTAGAACTACCGA","missense_variant","MODERATE","HOVITM_023082","61A>G","Ser21Gly","T","C","T/T","T/C","T/T","T/T","C/C","C/C","C/C","T/C","T/C","T/C","T/T","C/C","T/T","C/C","T/T","T/T","(HOVITM_023082,C,missense_variant)",0.125,0.75,0.875,0.25,0.625
"225","scaffold_15277",15846,"CCAGTGAACGGATCCATCAGA","missense_variant","MODERATE","HOVITM_023637","113G>A","Arg38Gln","G","A","G/A","G/G","G/A","G/G","G/G","G/A","G/G","G/G","G/G","G/A","G/A","G/G","G/A","A/A","G/A","A/A","(HOVITM_023637,A,missense_variant)",0.875,0.25,0.125,0.75,0.625
"226","scaffold_1567",120092,"ATGTCTCACAGGAGGGGAACG","missense_variant","MODERATE","HOVITM_025196","1589A>T","Gln530Leu","A","T","A/T","A/T","A/A","A/A","T/T","A/T","A/A","T/T","A/A","A/A","A/A","A/A","A/A","A/A","A/A","A/A","(HOVITM_025196,T,missense_variant)",0.375,1,0.625,0,0.625
"227","scaffold_1617",2694,"TTAGAAGATATAGAAGCATTT","missense_variant","MODERATE","HOVITM_027072","337A>T","Ile113Leu","A","T","A/A","A/A","A/A","A/A","A/A","A/A","A/A","A/A","A|T","A/T","T/T","A/A","A/T","A/T","A/T","T/T","(HOVITM_027072,T,missense_variant)",1,0.375,0,0.625,0.625
"228","scaffold_1617",154659,"CTGAGGCATGGAGGAGCTCAT","missense_variant","MODERATE","HOVITM_027093","1390G>A","Gly464Arg","G","A","A|A","A/A","A/A","G/G","G/G","G/A","A/A","G/G","G/A","A/A","A/A","G/G","A/A","A/A","A/A","A/A","(HOVITM_027093,A,missense_variant)",0.625,0,0.375,1,0.625
"229","scaffold_1642",207182,"AGAACTAGAGCAGCTGTGAAC","missense_variant","MODERATE","HOVITM_028074","68C>G","Ala23Gly","G","C",".","C/C",".","C/C","G/G","G/G","G/G","G|C","G/C","G/G","G/G","C/C","G/C","C/C","C/C","G/C","(HOVITM_028074,C,missense_variant)",0.875,0.25,0.125,0.75,0.625
"230","scaffold_16714",14260,"ACGAAAACCGTATCATCAAAC","missense_variant","MODERATE","HOVITM_029027","2086G>T","Val696Leu","G","T","G/G","G|T","T|T","G|T","G|T","G/G","G/G","G/G","G|T","G|T","G/T","G/G","T|T","T|T","G|T","G|T","(HOVITM_029027,T,missense_variant)",0.875,0.25,0.125,0.75,0.625
"231","scaffold_16894",6475,"AAGGGCCAAATAGTACTGGTG","missense_variant","MODERATE","HOVITM_029673","193A>G","Ile65Val","A","G",".",".","A/A",".","G/G","G/G","G/G","G/G","A/A",".",".",".","A/A","A/G","A/A","G/G","(HOVITM_029673,G,missense_variant)",0,0.625,1,0.375,0.625
"232","scaffold_1688",135737,"AAATCATAAAACACTTTCCCA","missense_variant","MODERATE","HOVITM_029634","2519T>G","Phe840Cys","A","C","A/A","A/A","C/C",".","A/C","A/C","C/C","A/C",".","A/C","A/C","A/A","A/A","A/A","A/A","A/A","(HOVITM_029634,C,missense_variant)",0.375,1,0.625,0,0.625
"233","scaffold_1696",82025,"AATGTGATAGAAACTAGTGTT","missense_variant","MODERATE","HOVITM_029938","1102G>A","Glu368Lys","G","A","G/A","G/A","A/A","G/G","G/G","G/G","G/G","G/G","G/G","G/A","G/G","G/A","G/A","A/A","A/A","G/G","(HOVITM_029938,A,missense_variant)",1,0.375,0,0.625,0.625
"234","scaffold_17177",11304,"CGTATTTGAACGCTAACAAGT","missense_variant","MODERATE","HOVITM_030692","545A>G","Asn182Ser","A","G","G/G","G/G","G/G","A/A","A/G","G/G","G/G","A/A","A/G","A/A","A/A","A/A","A/A","A/A","A/A","A/A","(HOVITM_030692,G,missense_variant)",0.375,1,0.625,0,0.625
"235","scaffold_17410",23773,"TGGTAACCAGGCGAGCCCTCT","missense_variant","MODERATE","HOVITM_031539","454C>G","Leu152Val","G","C","G/G","G/C","G/C","G/C","G/G","G/G","G/C","G/G","G/G","G/G","G/G",".","G/C","C/C","G/C","C/C","(HOVITM_031539,C,missense_variant)",0.875,0.25,0.125,0.75,0.625
"236","scaffold_1705",140535,"CATTTGTTTATACTGTAAATG","missense_variant","MODERATE","HOVITM_030304","683A>G","Tyr228Cys","A","G",".","A/A",".",".","G|G","A|G","A/G","G|G","A/A",".","A/A",".","A/A","A|G","A/A","A/A","(HOVITM_030304,G,missense_variant)",0.25,0.875,0.75,0.125,0.625
"237","scaffold_1714",198215,"CCGCGGGCTGGTCAAGCCAAG","missense_variant","MODERATE","HOVITM_030581","496G>A","Gly166Ser","G","A","G/G","A/A","G/G","G/G","G/G","G/G","G/G","G/G","G/G","G/G","G/G","G/G","G/A","G/A","G/A","A/A","(HOVITM_030581,A,missense_variant)",1,0.375,0,0.625,0.625
"238","scaffold_1727",146847,"TTCCGACCATGGTCATCAACG","missense_variant","MODERATE","HOVITM_031021","790A>G","Met264Val","T","C",".","C/C",".","T/T","C/C","T/C","T/C","C/C","C/C","T/T","T/T",".","T/T","T/T","T/C","T/T","(HOVITM_031021,C,missense_variant)",0.25,0.875,0.75,0.125,0.625
"239","scaffold_17621",5507,"CTGGGAAGATCACGAACCAGG","missense_variant","MODERATE","HOVITM_032226","167T>C","Ile56Thr","T","C","T/C","T/T",".","T/T","T/C","C/C","T/T","C/C","T/T","T/T","T/C",".","T/T","T/T","T/T","T/T","(HOVITM_032226,C,missense_variant)",0.375,1,0.625,0,0.625
"240","scaffold_17621",5597,"TGGACCGCGTGAGCGGTGTGG","missense_variant","MODERATE","HOVITM_032226","257T>A","Val86Glu","T","A","T/T","T/T",".","T/A","T/T","T/T","T/T","T/T","T/T","T/A","T/A",".","T/A","T/A","T/A","A|A","(HOVITM_032226,A,missense_variant)",1,0.375,0,0.625,0.625
"241","scaffold_17883",14502,"ACACTTCAACCTCTCAGACCA","missense_variant","MODERATE","HOVITM_033088","19C>G","Pro7Ala","C","G","C/C","G/G","C/C","G/G","C/C","C/C","C/G","C/C","C/C","C/C","C/G","C/C","C/C","G/G","G/G","G/G","(HOVITM_033088,G,missense_variant)",0.875,0.25,0.125,0.75,0.625
"242","scaffold_1824",117284,"AAGCTGCAAATACACACACTG","missense_variant","MODERATE","HOVITM_034173","472A>G","Ile158Val","A","G","G/G","G/G",".",".","A/A","A/G","A/G","A/G","G/G","G/G","G/G",".","G/G","G/G","G/G","G/G","(HOVITM_034173,G,missense_variant)",0.625,0,0.375,1,0.625
"243","scaffold_1824",147280,"AATCAACCCTCCTGTCGACTG","missense_variant","MODERATE","HOVITM_034177","112T>G","Ser38Ala","T","G",".","T/T",".","T|G","G|G","T|G","T|G","T|G","T/T","T/T","T/T","T/T","T/T","T/T","T/T","T/T","(HOVITM_034177,G,missense_variant)",0.375,1,0.625,0,0.625
"244","scaffold_1831",171547,"acccaccacgccatgacgtgg","missense_variant","MODERATE","HOVITM_034408","17G>A","Arg6His","G","A","A/A","G/G","G/A","G/G","A/A","A/A","A/A","G/A","A/A","G/A","A/A","G/G","G/G","G/G","G/A","G/A","(HOVITM_034408,A,missense_variant)",0.125,0.75,0.875,0.25,0.625
"245","scaffold_1842",50176,"TCGGCTGGAGGAGGACTGACA","missense_variant","MODERATE","HOVITM_034730","188C>A","Pro63His","G","T","G/G","G/G","G/G","G/G","G/G","G/G","G/G","G/G","G/T","G/T","G/G","G/T","T/T","G/G","T/T","G/T","(HOVITM_034730,T,missense_variant)",1,0.375,0,0.625,0.625
"246","scaffold_1842",58661,"TCTACCAATGTTGCGTCAGTT","missense_variant","MODERATE","HOVITM_034731","602C>A","Thr201Lys","G","T","G/G","G/G","G/G","G/G","G/G","G/G","G/G","G/G","G/T","G/T","G/G","G/T","T/T","G/G","T/T","G/T","(HOVITM_034731,T,missense_variant)",1,0.375,0,0.625,0.625
"247","scaffold_1842",144507,"TATACAATTTCTTCTTTCTCC","missense_variant","MODERATE","HOVITM_034735","359A>G","Glu120Gly","T","C","T/T","T/T","T/T","T/C","T/C","C/C","T/C","T/C","T/T","T/T","T/T","T/T","T/T","T/T","T/T","T/T","(HOVITM_034735,C,missense_variant)",0.375,1,0.625,0,0.625
"248","scaffold_18603",11307,"AATCAAGATGATATCAACACT","missense_variant","MODERATE","HOVITM_035321","142G>T","Asp48Tyr","G","T","G/T","T/T","T/T","T/T","T/T","G/T","T/T","T/T","T/T","T/T","T/T","G/G","G/G","G/T","G/G","G/T","(HOVITM_035321,T,missense_variant)",0.125,0.75,0.875,0.25,0.625
"249","scaffold_1900",47445,"CATCCTCACAGGAAGGTATCT","missense_variant","MODERATE","HOVITM_036705","34T>C","Cys12Arg","A","G","G/G","A|G",".","G/G","G/G","G/G","G/G","G/G",".","A/A","A/A","G/G","A/A","A/A","G/G","A/G","(HOVITM_036705,G,missense_variant)",0,0.625,1,0.375,0.625
"250","scaffold_19188",22152,"ATGAACTAAAAGGTGTCGAAC","missense_variant","MODERATE","HOVITM_037213","479A>C","Lys160Thr","A","C","A/A","A/A","A/C","A/C","A/A","A/A","A/A","A/C","A/C","A/C","A/A","A/C","C/C","A/C","C/C","A/C","(HOVITM_037213,C,missense_variant)",0.875,0.25,0.125,0.75,0.625
"251","scaffold_162",232514,"GTAATTCCAGAGTATCCTTCG","missense_variant","MODERATE","HOVITM_027209","1168C>A","Leu390Met","G","T","G/T","G/T","G/G","G/T","T/T","G/T","G/T","G/T","G/G","G/G","G/G","G/G","G/G","G/G","G/G","G/G","(HOVITM_027209,T,missense_variant)",0.375,1,0.625,0,0.625
"252","scaffold_162",311103,"CTTGGATTAGCAGTAACAGTT","missense_variant","MODERATE","HOVITM_027213","818C>T","Ala273Val","G","A","A/A","G/A","G/A","G/A","A/A","G/A","G/A","G/A","G/G","G/G","G/G","G/G","G/G","G/G","G/G","G/G","(HOVITM_027213,A,missense_variant)",0.375,1,0.625,0,0.625
"253","scaffold_166",260858,"TGTGAttcatcttctggagct","missense_variant","MODERATE","NOP60B","1427A>G","Asp476Gly","T","C","T/C","T/T","T/T","C/C","C/C","C/C","T/C","C/C","C/C","C/C","T/C","T/C","T/T","T|C","T/T","T/C","(NOP60B,C,missense_variant)",0.125,0.75,0.875,0.25,0.625
"254","scaffold_178",18771,"TCCATGGCATGTGTTCTTGCC","missense_variant","MODERATE","HOVITM_032850","1367T>A","Met456Lys","T","A","T/A","A|A","T/T","T/T","T/T","T/T","T/T","T/T","T/T","T|A","A|A",".","T/A","T/A","T|A","A/A","(HOVITM_032850,A,missense_variant)",1,0.375,0,0.625,0.625
"255","scaffold_190",119564,"AGAGGAATTGTGGAACAAGAC","missense_variant","MODERATE","HOVITM_036668","567C>A","His189Gln","G","T","G/T","G/G","G/T","G/G","T/T","G/G","T/T","G/T",".","G/G","G/T","G/G","G/G","G/G","G/G","G/G","(HOVITM_036668,T,missense_variant)",0.375,1,0.625,0,0.625
"256","scaffold_1968",76428,"TGTCTTCTGTAAGATCCTGGA","missense_variant","MODERATE","HOVITM_038694","136A>T","Thr46Ser","T","A","A|A","T|A","T|A","T|A","T/T","T/T","T/T","T/T","T|A","A|A","T/T","T|A","T|A","T|A","A|A","T|A","(HOVITM_038694,A,missense_variant)",1,0.375,0,0.625,0.625
"257","scaffold_1968",76434,"CTGTAAGATCCTGGAGTTTTG","missense_variant","MODERATE","HOVITM_038694","130G>C","Asp44His","C","G","G|G","C|G","C|G","C|G","C/C","C/C","C/C","C/C","C|G","G|G","C/C","C|G","C|G","C|G","G|G","C|G","(HOVITM_038694,G,missense_variant)",1,0.375,0,0.625,0.625
"258","scaffold_1968",76530,"ATTGATTTTGTGTGTCTTCCG","missense_variant","MODERATE","HOVITM_038694","34C>G","Gln12Glu","G","C",".","G/C","G/C","G/C","G/G","G/G","G/G","G/G","G/C","C/C","G/G","G/C","G/C","G/C","C/C","G/C","(HOVITM_038694,C,missense_variant)",1,0.375,0,0.625,0.625
"259","scaffold_1968",76560,"CTTGTGTTGACATTTTCAAGG","missense_variant","MODERATE","HOVITM_038694","4T>C","Ser2Pro","A","G",".","A|G","A|G","A/G","A/A","A/A","A/A","A/A","A|G","G/G","A/A","A|G","A/G","A/G","G/G","A|G","(HOVITM_038694,G,missense_variant)",1,0.375,0,0.625,0.625
"260","scaffold_1976",154372,"AGTGAAATAGGTAGTCTTCGA","missense_variant","MODERATE","LRRC57","448G>A","Gly150Ser","G","A","A/A","A/A","A/A","A/A","G/G","A/A","G/A","G/G","A/A","A/A","A/A","G/A","A/A","A/A","A/A","A/A","(LRRC57,A,missense_variant)",0.625,0,0.375,1,0.625
"261","scaffold_1976",154495,"CAAATAGCTGCAATTCCTAGC","missense_variant","MODERATE","LRRC57","571G>T","Ala191Ser","G","T","T/T","T/T","T/T","T/T","G/G","T/T","G/T","G/G","T/T","T/T","T/T","G/T","T/T","T/T","T/T","T/T","(LRRC57,T,missense_variant)",0.625,0,0.375,1,0.625
"262","scaffold_20401",7214,"GCTTCTTGACATCCTTGGGGT","missense_variant","MODERATE","HOVITM_040907","367G>A","Val123Ile","C","T","C/C","C/C","C/C","C/C","T|T","C|T","C/C","T|T","C/C","C/C","C/C","C/C","C/C","C/C","C/C","C/C","(HOVITM_040907,T,missense_variant)",0.375,1,0.625,0,0.625
"263","scaffold_2041",164849,"TGGACTCTAAAACATTAGCCG","missense_variant","MODERATE","HOVITM_040929","74A>C","Lys25Thr","A","C",".","A/A","A/A","A/C","A/A","A/A","A/A","A/A","A/A","A/A","A/C","A/C","A/C","C/C","A/C","A/C","(HOVITM_040929,C,missense_variant)",1,0.375,0,0.625,0.625
"264","scaffold_2103",38604,"CGGTGTATGACGGGGGTTCTT","missense_variant","MODERATE","HOVITM_042598","532T>C","Ser178Pro","A","G","A/G","G/G","A/G","G/G","A/A","A/G","A/A","A/A","A/G","A/A","A/G","G/G","A/G","G/G","A/G","G/G","(HOVITM_042598,G,missense_variant)",0.875,0.25,0.125,0.75,0.625
"265","scaffold_2142",158662,"TCAATTTTCTATCACAGCTCA","splice_acceptor_variant&intron_variant","HIGH","HOVITM_043599","451-2A>C","","T","G","T/G","T/G","G/G","G/G","T/T","T/T","T/T","T|G","T/G","T|G","T/G","T/T","T/G","G|G","T/G","G|G","(HOVITM_043599,G,splice_acceptor_variant&intron_variant)",0.875,0.25,0.125,0.75,0.625
"266","scaffold_2246",157103,"ATTTGGCATTAACTACGCTGA","missense_variant","MODERATE","HOVITM_046210","417T>G","Ile139Met","T","G","T/G","G/G","G/G","T/G","G/G","G/G","T/G","G/G","G/G","T/T","T/T","G/G","T/G","T/T","T/T","T/G","(HOVITM_046210,G,missense_variant)",0.125,0.75,0.875,0.25,0.625
"267","scaffold_2251",115609,"AGCACAGAAGAGCTGAGGATA","missense_variant","MODERATE","HOVITM_046342","470C>G","Ser157Cys","G","C","G/G","G/G","G/G","G/G","G/G","G/G","G/G","G/G","G/G","G/G","G/G","G/G","C/C","G/G","C/C","G/C","(HOVITM_046342,C,missense_variant)",1,0.375,0,0.625,0.625
"268","scaffold_2258",93346,"AACCAGACTTCACCTCAGAGC","missense_variant","MODERATE","HOVITM_046482","817T>C","Ser273Pro","T","C","C/C","T/C","T/C","T/C","T/C","T/C","T/C","C/C","C/C","T/T","T/T","C/C","T/T","T/T","T/T","T/T","(HOVITM_046482,C,missense_variant)",0.375,1,0.625,0,0.625
"269","scaffold_2263",72862,"ATTAAAGTACAGTCAACTTAC","missense_variant","MODERATE","HOVITM_046628","1093C>A","Gln365Lys","C","A","C/C","C|A","C/A","C/A","A/A","A/A","C/A","A/A","C/C","C/C","C/C","C/C","C/A","C/C","C/C","C|A","(HOVITM_046628,A,missense_variant)",0.125,0.75,0.875,0.25,0.625
"270","scaffold_2263",72994,"TCTGAACTCGACCTTGGTGAA","missense_variant","MODERATE","HOVITM_046628","1225G>A","Asp409Asn","G","A","A/A","G|A","G/A","G/A","G/G","G/G","G/A","G/G","A/A","A/A","A/A","A/A","G/A","A/A","A/A","G|A","(HOVITM_046628,A,missense_variant)",0.875,0.25,0.125,0.75,0.625
"271","scaffold_2263",73772,"GAGGTAATATGTTTTCAGAAT","missense_variant","MODERATE","HOVITM_046628","2003T>C","Met668Thr","T","C","T/T","T/C","T/C","T/C","C/C","C/C","T/C","C/C","T/T","T/T","T/T","T/T","T/C","T/T","T/T","T/C","(HOVITM_046628,C,missense_variant)",0.125,0.75,0.875,0.25,0.625
"272","scaffold_2263",74173,"GGGGTGAAAAAAATTGAATTG","missense_variant","MODERATE","HOVITM_046628","2404A>G","Lys802Glu","A","G","G|G","A/G","A|G","A|G","A/A","A/A","A/G","A/A","G/G","G/G","G/G","G/G","A/G","G|G","G/G","A/G","(HOVITM_046628,G,missense_variant)",0.875,0.25,0.125,0.75,0.625
"273","scaffold_2280",103951,"TTTTTTACATTTAATGGTAGA","missense_variant","MODERATE","HOVITM_047033","260A>C","Asn87Thr","T","G","T/T","T/T","T/T","T/T","T/G","T/T","G/G","G/G","T/T","T/T","T/T","T/T","T/T","T/T","T/T","T/T","(HOVITM_047033,G,missense_variant)",0.375,1,0.625,0,0.625
"274","scaffold_2330",102004,"TCCGACTCCAGAGACTCAAAC","missense_variant","MODERATE","HOVITM_048264","200T>C","Leu67Pro","A","G","A/A","A|G",".","A|G","A|G","G|G","A/G","A|G","G|G","A|G","A|G","A/A","A/A","A/A","A/A","A/A","(HOVITM_048264,G,missense_variant)",0.375,1,0.625,0,0.625
"275","scaffold_2392",93280,"TGGAGTTCACTTCTCTAGGAC","missense_variant","MODERATE","HOVITM_049570","131C>T","Thr44Ile","C","T","C/C","C/C","C/C","C/C","T|T","C/T","C|T","T|T","C/C","C/C","C/C","C/C","C|T","C/C","C/C","C/C","(HOVITM_049570,T,missense_variant)",0.25,0.875,0.75,0.125,0.625
"276","scaffold_2397",34427,"CTATCTTGATTTGGAATCAAA","missense_variant","MODERATE","HOVITM_049651","428A>T","Asn143Ile","T","A","T/T","T/T","T/T","T/T","T/T","T/T","T/T","T/T","T/T","T/T","T/T",".","T/T","A|A","A|A","T|A","(HOVITM_049651,A,missense_variant)",1,0.375,0,0.625,0.625
"277","scaffold_2402",70866,"ACCATCAATGCCATGCAGAAT","missense_variant","MODERATE","HOVITM_049827","2458G>T","Ala820Ser","G","T","G/T","G/G","G/G","T/T","G/T","G/G","G/G","G/G","G/T","G/G","T/T","G/T","T/T","T/T","G/T","G/T","(HOVITM_049827,T,missense_variant)",0.875,0.25,0.125,0.75,0.625
"278","scaffold_2422",58465,"AAGACATGTGTGCCTCCAAAA","missense_variant","MODERATE","HOVITM_050246","424C>T","His142Tyr","G","A",".","A/A","G/G","A/A","G/G","G/G","G/G","G/G","G/G","G/A","G/A","A/A","G/A","G/A","A/A","G/A","(HOVITM_050246,A,missense_variant)",1,0.375,0,0.625,0.625
"279","scaffold_201",471777,"CCAATGATGCTCTCCTGGCTG","missense_variant","MODERATE","HOVITM_040071","947G>C","Ser316Thr","C","G","G/G","C/C","C/G","C/G","G/G","G/G","G/G","C/G","C/G","C/C","C/C","C/G","C/G","C/C","C/G","C/C","(HOVITM_040071,G,missense_variant)",0.125,0.75,0.875,0.25,0.625
"280","scaffold_214",409915,"AGAACTGGATAGAGTTGTTGT","missense_variant","MODERATE","HOVITM_043536","322A>G","Ile108Val","T","C","T/T","C/C",".","C/C","C/C","C/C","C/C","C/C","T/C","T/C","C/C",".","T/T","C/C","T/T","T/C","(HOVITM_043536,C,missense_variant)",0,0.625,1,0.375,0.625
"281","scaffold_227",212559,"ATCATGAGCCTTGCTGTACCG","missense_variant","MODERATE","HOVITM_046751","680G>A","Arg227Lys","C","T","C/T","C/C","C/T","C/C","T/T","T/T","C/T","C/T","T/T","C/C","T/T","T/T","C/T","C/C","C/C","C/C","(HOVITM_046751,T,missense_variant)",0.25,0.875,0.75,0.125,0.625
"282","scaffold_227",398730,"cgtcacagtttcctgaactcc","missense_variant","MODERATE","HOVITM_046766","40A>G","Asn14Asp","T","C","T/T","T/T",".","C/C","T/T","T/T","T/T","T/T",".","C/C",".",".","C/C","C/C","T/C","T/T","(HOVITM_046766,C,missense_variant)",1,0.375,0,0.625,0.625
"283","scaffold_230",136190,"CCTGACAACCGCACATGTCTC","missense_variant","MODERATE","HOVITM_047520","640C>T","Arg214Cys","C","T","C|T","C|T","C|T","C|T","C/C","C/C","C/C","C/C","C/C","C/C","C/C",".","C/C","T|T","T|T","C|T","(HOVITM_047520,T,missense_variant)",1,0.375,0,0.625,0.625
"284","scaffold_230",136196,"AACCGCACATGTCTCTACAAC","missense_variant","MODERATE","HOVITM_047520","646T>C","Cys216Arg","T","C","T|C","T|C","T|C","T|C","T/T","T/T","T/T","T/T","T/T","T/T","T/T","T/T","T/T","C|C","C|C","T|C","(HOVITM_047520,C,missense_variant)",1,0.375,0,0.625,0.625
"285","scaffold_230",155645,"GCTATTGAGATGCTGTGGCGA","missense_variant","MODERATE","HOVITM_047520","2404A>C","Met802Leu","A","C","A/A","A|C","A/A","A/A","A/A","A/A","A/A","A/A","A/A","C|C","A/A","A/A","A|C","A|C","C|C","A/C","(HOVITM_047520,C,missense_variant)",1,0.375,0,0.625,0.625
"286","scaffold_240",491222,"GCCTTCCTACCCGGGTCACGA","missense_variant","MODERATE","HOVITM_049796","215C>A","Thr72Asn","C","A","C/C","A/A","C/C","C|A","C/C","C/C","C/C","C/C","C/A","C/C","C/C","C/C","C/A","A/A","C/A","C/A","(HOVITM_049796,A,missense_variant)",1,0.375,0,0.625,0.625
"287","scaffold_247",371256,"TCAGCTATAAAGGAAAACAAA","stop_gained","HIGH","HOVITM_051119","76A>T","Lys26*","A","T","A/A",".","A/A","T/T","T/T","T/T","A/A","T/T","A/A","A/A","A/A","A/A","A/A","A/T","A/A","A/A","(HOVITM_051119,T,stop_gained)",0.25,0.875,0.75,0.125,0.625
"288","scaffold_2575",18755,"GCTCCATCAATGTTGTCAATT","missense_variant","MODERATE","HOVITM_053217","215A>G","Asn72Ser","A","G","A/G","A/A","A/G","A/A","A/A","A/A","A/A","A/A","G/G","A/G","G/G","G/G","A/G","A/G","G/G","A/G","(HOVITM_053217,G,missense_variant)",1,0.375,0,0.625,0.625
"289","scaffold_2575",19167,"GACTATGATAGACATCGACGT","missense_variant","MODERATE","HOVITM_053217","627A>G","Ile209Met","A","G","A/G","A/A","A/G","A/A","A/A","A/A","A/A","A/A","G/G","A/G","G/G","G/G","A/G","A/G","G/G","A/G","(HOVITM_053217,G,missense_variant)",1,0.375,0,0.625,0.625
"290","scaffold_2636",19215,"TACAAGACTTTTAACTCCACT","missense_variant","MODERATE","HOVITM_054371","316T>C","Phe106Leu","T","C","T/C","T/T","T/T","T/T","T/C","T/C","C/C","T/C","T/T","T/T","T/T","T/T","T/T","T/T","T/T","T/T","(HOVITM_054371,C,missense_variant)",0.375,1,0.625,0,0.625
"291","scaffold_2681",118066,"CCATGAAACAACATGCTATAA","missense_variant","MODERATE","HOVITM_055181","20A>G","Gln7Arg","A","G",".","A/G",".","G|G","A/A","A/A","A/A","A/A",".","G/G","G|G","G|G","A/G","A|G","A|G","G/G","(HOVITM_055181,G,missense_variant)",1,0.375,0,0.625,0.625
"292","scaffold_2733",133528,"TTCTTCACCAGTTCAGGATCC","missense_variant","MODERATE","HOVITM_056087","1502T>A","Leu501Gln","A","T","A/T","A/T","A/A","A|T","A/A","A/A","A/A","A/A","A/A","T/T","A|T","A/T","A/T","A|T","T/T","A/T","(HOVITM_056087,T,missense_variant)",1,0.375,0,0.625,0.625
"293","scaffold_2769",93597,"AGTATTATGGTGGATACCCGG","missense_variant","MODERATE","HOVITM_056734","179G>A","Gly60Asp","G","A","A|A","G|A","G/G","A|A","A|A","G|A","A|A","A|A","G/G","A|A","G|A","A|A","G/G","G/G","G|A","G|A","(HOVITM_056734,A,missense_variant)",0.125,0.75,0.875,0.25,0.625
"294","scaffold_2801",95537,"CGTAATAATGAGGACTCTCGG","missense_variant","MODERATE","HOVITM_057310","580C>T","His194Tyr","G","A","G/A","G/A","G/G","A/A","G/A","A/A","G/A","A/A","G/A","G/A","G/A","G/A","G/G","G/A","G/G","G/G","(HOVITM_057310,A,missense_variant)",0.25,0.875,0.75,0.125,0.625
"295","scaffold_2853",103396,"CTGCTGCTGGCCTGGCTTCAC","missense_variant","MODERATE","HOVITM_058105","280G>C","Ala94Pro","G","C","G/C","G/G","G|C","C|C","C|C","G|C","C|C","C|C","C|C","G|C","G|C","G/C","G|C","G/G","G/G","G|C","(HOVITM_058105,C,missense_variant)",0.125,0.75,0.875,0.25,0.625
"296","scaffold_2853",103399,"CTGCTGGCCTGGCTTCACCAG","missense_variant","MODERATE","HOVITM_058105","283T>C","Trp95Arg","T","C","C/C","T/T","T|C","C|C","C|C","T|C","C|C","C|C","C|C","T|C","T|C","C/C","T|C","T/T","T/T","T|C","(HOVITM_058105,C,missense_variant)",0.125,0.75,0.875,0.25,0.625
"297","scaffold_2941",44102,"CCAGGCATTAGTGGTGTGAGC","missense_variant","MODERATE","HOVITM_059527","1156A>G","Ser386Gly","A","G","A/G","A/A","A/G","A/A","A/G","G/G","G/G","G/G","A|G","A/G","A/G","A/A","A/G","A/A","A/A","A/G","(HOVITM_059527,G,missense_variant)",0.125,0.75,0.875,0.25,0.625
"298","scaffold_284",166652,"AGAGGGGAGCTAAACCAAAGC","missense_variant","MODERATE","HOVITM_057876","35G>C","Ser12Thr","C","G",".","C/G","C/G","G/G","G/G","C/C","G/G","C/G","G/G","G/G","G/G","C/G","C/C","C/C","C/C","C/C","(HOVITM_057876,G,missense_variant)",0.375,1,0.625,0,0.625
"299","scaffold_295",126567,"GAAGAGGGGTTCCAATTGCTG","missense_variant","MODERATE","HOVITM_059659","2237T>C","Val746Ala","T","C","T/T","T/C","T/C","T/C","T/C","T/C","T/T","T/C","C/C","C/C","C/C","C/C","C/C","C/C","C/C","C/C","(HOVITM_059659,C,missense_variant)",0.625,0,0.375,1,0.625
"300","scaffold_298",57912,"TCCAGCCTCACGGGCAGGAAG","missense_variant","MODERATE","HOVITM_060122","719A>T","His240Leu","A","T","A/A","A/A","A/A","A/A","A/T","A/A","A/A","A/A","A/A","A/T","A/A","A/A","A/A","T/T","T/T","T/T","(HOVITM_060122,T,missense_variant)",0.875,0.25,0.125,0.75,0.625
"301","scaffold_2961",53020,"AAACACAAGACTTGGCATCCT","missense_variant","MODERATE","HOVITM_059847","1345A>T","Thr449Ser","A","T","A/A","T|T","A/A","A/A","A/A","A/A","A/A","A/A","A/A","A|T","T|T","A/T","A|T","T|T","A|T","A|T","(HOVITM_059847,T,missense_variant)",1,0.375,0,0.625,0.625
"302","scaffold_2989",90734,"TGGCTGCAGGCTACCTCTGGA","missense_variant","MODERATE","HOVITM_060258","59C>T","Ala20Val","G","A","G/G","G/G","G/G","G/A","G|A","G/G","G/G","G/G","A/A","G/A","G/G","G/G","G/G","A/A","A/A","A/A","(HOVITM_060258,A,missense_variant)",0.875,0.25,0.125,0.75,0.625
"303","scaffold_3026",35482,"GGGAGACGATTGCTTCGACTA","missense_variant","MODERATE","HOVITM_061242","444T>G","Asp148Glu","T","G",".","G|G","G|G","G|G","T/T","T|G","T/T","T/T","G|G","T/T","T|G","T|G","T|G","T|G","G|G","G|G","(HOVITM_061242,G,missense_variant)",0.875,0.25,0.125,0.75,0.625
"304","scaffold_3057",16398,"ACCCCTCCGCCTGTACAAGGC","missense_variant","MODERATE","HOVITM_061671","742C>T","Pro248Ser","C","T","T/T","C/C","C/T","C/T","T/T","T/T","T/T","C/C","C/T","C/C","C/T","C/C","C/C","C/C","C/T","C/C","(HOVITM_061671,T,missense_variant)",0.25,0.875,0.75,0.125,0.625
