"","CHROM","POS","FLANKING","TYPE","IMPACT","GENE","CHANGEDNA","CHANGEPEP","REF","ALT","A.1","A.2","A.3","A.4","B.1","B.2","B.3","B.4","C.1","C.2","C.3","C.4","D.1","D.2","D.3","D.4","ANN","A.REF.freq","C.REF.freq","A.ALT.freq","C.ALT.freq","A.vs.C.REF.freq"
"1","scaffold_9376",14547,"GCAAGTCCAAAGAAAGCATAT","missense_variant","MODERATE","HOVITM_115281","80T>G","Phe27Cys","A","C","C/C","C/C","C/C","C/C","A/C",".","A/A","A/A","A/A","A/A","A/A","A/A","A/C","C/C","C/C","A/A","(HOVITM_115281,C,missense_variant)",0,1,1,0,1
"2","scaffold_536",20493,"CATAAGAGGTCACTAGCAGAT","missense_variant","MODERATE","HOVITM_087089","25A>T","Thr9Ser","T","A","T/T","T/T","T/T","T/T","T/T","T/A","T/A","T/A","T/A","A/A","A/A","A/A","T/T","T/T","T/T",".","(HOVITM_087089,A,missense_variant)",1,0.125,0,0.875,0.875
"3","scaffold_796",168747,"CACCAAATCTTCGCGCATAGC","missense_variant","MODERATE","HOVITM_106871","201A>C","Glu67Asp","T","G","T/T","T/T","T/T","T/T","T/G","T/G","G/G","T/G","G/G","G/G","T/G","G/G","T/T","T/T","T/T","T/T","(HOVITM_106871,G,missense_variant)",1,0.125,0,0.875,0.875
"4","scaffold_9674",21047,"GTAGAAACTCATGACGGTGAC","missense_variant","MODERATE","HOVITM_116954","153G>C","Met51Ile","C","G","G/G","G/G","G/G","G/G","G|G","G/G","G/G","G/G","C/G","C/C","C/C","C/C","C/C","G/G","G|G","C/C","(HOVITM_116954,G,missense_variant)",0,0.875,1,0.125,0.875
"5","scaffold_9674",44740,"AAGAATTTAGAAAGATTTTGG","missense_variant","MODERATE","HOVITM_116956","47G>A","Arg16Lys","G","A","G/G","G/G","G/G","G/G","G/G","G/G","G/G","G/A","G/A","A/A","A/A","A|A","G/G","G/G","G/G","G/A","(HOVITM_116956,A,missense_variant)",1,0.125,0,0.875,0.875
"6","scaffold_9674",45207,"GAACACTCATGTTCAGTGAGT","missense_variant","MODERATE","HOVITM_116956","514T>G","Cys172Gly","T","G","G|G","G/G","G/G","G|G","G|G","G|G","G|G","T|G","T|G","T/T","T/T","T/T","G|G","G|G","G/G","T|G","(HOVITM_116956,G,missense_variant)",0,0.875,1,0.125,0.875
"7","scaffold_1656",174274,"ATATTCTCCTCATCTTGATAA","missense_variant","MODERATE","HOVITM_028502","287A>G","Glu96Gly","T","C","T/T","T/T","T/T","T/C","T|C","C|C","C/C","T|C","C|C","C/C","C/C","C|C","T|C","T|C","T/T","C/C","(HOVITM_028502,C,missense_variant)",0.875,0,0.125,1,0.875
"8","scaffold_23013",10526,"AATCAGAAGGACCTTTTGTAC","missense_variant","MODERATE","HOVITM_047571","727C>T","Pro243Ser","G","A","G/G","G/A","G/G","G/G","A/A",".","G/G","G/A","A/A","A/A","A/A","A/A","G/G","G/G","G/G","G/G","(HOVITM_047571,A,missense_variant)",0.875,0,0.125,1,0.875
"9","scaffold_2874",42750,"AGCATCATAGAGCAGTGGCCG","missense_variant","MODERATE","HOVITM_058436","631G>C","Glu211Gln","G","C","G/G","G/G","G/G","G/C","G/G","C/C","G/C","G/G","C/C","C/C","C/C","C/C","G/G","G/G","G/C","G/G","(HOVITM_058436,C,missense_variant)",0.875,0,0.125,1,0.875
"10","scaffold_278",40282,"TCGGTCATTGTTCAGGACTAC","missense_variant","MODERATE","HOVITM_056900","184G>A","Val62Ile","G","A","G|A","A/A","A|A","A/A","A/A","A/A","G|G","G/G","G/G","G/G","G/G","G/G","G/G",".","G/G","G/G","(HOVITM_056900,A,missense_variant)",0.125,1,0.875,0,0.875
"11","scaffold_3163",117489,"GGATTCAGATGAAAAACGAGA","missense_variant","MODERATE","HOVITM_063205","2112T>G","Asp704Glu","T","G","T/T","T/T","T/T","T/T","T/T","T/T","T/T","T/T","T/G","G|G","G|G","G|G","T/T","T/T",".","G|G","(HOVITM_063205,G,missense_variant)",1,0.125,0,0.875,0.875
"12","scaffold_3268",20295,"AATAATGTACCACTATTGAGG","missense_variant","MODERATE","HOVITM_064694","46C>T","Pro16Ser","C","T","C/C","C/C","C/C","C/C","C/C","C/C","C/T","C/C","T/T","T/T","T/T","C/T","C/T","C/T","C/C","C/T","(HOVITM_064694,T,missense_variant)",1,0.125,0,0.875,0.875
"13","scaffold_3365",69286,"GTTTGACAAGTTTCGTCTATT","missense_variant","MODERATE","HOVITM_066007","818C>A","Thr273Asn","G","T","T/T","T/T","T/T","T/T","T/T","T/T","G/G","G/T","G/G","G/T","G/G","G/G","G/T","G/T","T/T","G/G","(HOVITM_066007,T,missense_variant)",0,0.875,1,0.125,0.875
"14","scaffold_3718",74370,"CAAGTTCTGGAACCGAGGAAG","missense_variant","MODERATE","HOVITM_070355","935G>A","Gly312Glu","G","A","G/A","G/G","G/G","G/G","A/A","A/A","A/A","A/A","A/A","A/A","A/A","A/A","A/A","A/A","A/A","A/A","(HOVITM_070355,A,missense_variant)",0.875,0,0.125,1,0.875
"15","scaffold_32",382021,"GTCCCATTCAACCAGAGTCCC","missense_variant","MODERATE","HOVITM_063695","16070A>C","Gln5357Pro","A","C","C/C","A/C","C/C","A|C","A/A","A/A","A/A","A/A","A/A","A/A","A/A","A/A","A/A","A|C","A/A",".","(HOVITM_063695,C,missense_variant)",0.25,1,0.75,0,0.75
"16","scaffold_32",385113,"CAACAATTAAATGATACTCTT","missense_variant","MODERATE","HOVITM_063695","19162A>G","Asn6388Asp","A","G","G/G","A/G","G/G","A/G","A/A","A/A","A/A","A/A","A/A","A/A","A/A","A/A","A/G","A/G","A/A","A/G","(HOVITM_063695,G,missense_variant)",0.25,1,0.75,0,0.75
"17","scaffold_37",780933,"cttgatgcgtaaaccatgtct","stop_lost&splice_region_variant","HIGH","HOVITM_070142","1147T>A","Ter383Lysext*?","T","A","T/T","T/T","T/T","T/T","T/T","T/T","T/T","T/T","A/A","T/T","A/A","A/A","T/T","T/T","T/T","T/T","(HOVITM_070142,A,stop_lost&splice_region_variant)",1,0.25,0,0.75,0.75
"18","scaffold_39",313573,"TATTTTCATGTGGAGGTGAGA","missense_variant","MODERATE","HOVITM_072485","49C>A","His17Asn","G","T","G/G","G/G","G/G","G/G","T/T",".","T/T","G/G","T/T","T/T","G/G","T/T","G/T","G/G","G/G","G/G","(HOVITM_072485,T,missense_variant)",1,0.25,0,0.75,0.75
"19","scaffold_451",191873,"TTACTGGCACTGAAGATTGTC","missense_variant","MODERATE","HOVITM_079019","880G>A","Val294Met","C","T","C/C","C/C","C/C","C/C","T/T","C/C","C/C","C/C","T/T","T/T","C/C","T/T","C/T","C/C","T/T","T|T","(HOVITM_079019,T,missense_variant)",1,0.25,0,0.75,0.75
"20","scaffold_536",13023,"TTTTGGCAACACAGTGAGCTG","missense_variant","MODERATE","HOVITM_087089","481G>A","Val161Ile","C","T","C/T","C/C","C/C","C/C","C/C","C/T","C/T","C/T","C/T","T/T","T/T","T/T","C/C","T/T","C/C","C/T","(HOVITM_087089,T,missense_variant)",0.875,0.125,0.125,0.875,0.75
"21","scaffold_562",280558,"AACTGGTCCGTTTAATttctt","missense_variant","MODERATE","HOVITM_089284","143G>A","Arg48His","G","A","A|A","A|A","G|A","G|A","G/G","G/G","A|A","G/G","G/G","G/G","G/G","G/G","G/G","G|A","G/G","G|A","(HOVITM_089284,A,missense_variant)",0.25,1,0.75,0,0.75
"22","scaffold_698",240534,"AGATGTCAACAAAAGCCTCAA","missense_variant","MODERATE","HOVITM_099922","8C>A","Thr3Lys","C","A","C/C","C/C","C/C","C/C","C/C","C/C","C/C","C/C","A/A","A/A","A/A","C/C","C/A","A/A","C/C","C/A","(HOVITM_099922,A,missense_variant)",1,0.25,0,0.75,0.75
"23","scaffold_698",240992,"GGGCAAAACTCTTCAATTATT","missense_variant","MODERATE","HOVITM_099922","466T>C","Ser156Pro","T","C","T/T","T/T","T/T","T/T","T/T","T/T","T/T","T/T","C/C","C/C","C/C","T/T","T/C","C/C","T/T","T/C","(HOVITM_099922,C,missense_variant)",1,0.25,0,0.75,0.75
"24","scaffold_7297",37748,"CACCCTCGATGCACAGAACTC","missense_variant","MODERATE","HOVITM_102456","256A>G","Ile86Val","T","C","C|C","C/C","C/C","C|C","C/C","T|C","C|C","C|C","T/T","T/C","T/T","T/C","C/C","T/C","C|C","T/C","(HOVITM_102456,C,missense_variant)",0,0.75,1,0.25,0.75
"25","scaffold_7297",50648,"CGGACTGCCCGCTCCACATGT","missense_variant","MODERATE","HOVITM_102457","440G>A","Arg147Gln","C","T","T/T","T/T","T/T","T/T","T/T","C/T","T/T","T/T","C/C","C/T","C/C","C/T","T/T","C/T","T/T","C/T","(HOVITM_102457,T,missense_variant)",0,0.75,1,0.25,0.75
"26","scaffold_7297",64296,"TGAGTGCATGCAAAGACGTCA","missense_variant","MODERATE","HOVITM_102458","695C>A","Ala232Glu","G","T","T|T","G/G","T|T","T|T","T|T","G|T",".",".","G/G","G/G","G/G","G/G","G|T","G|T","T|T","G/G","(HOVITM_102458,T,missense_variant)",0.25,1,0.75,0,0.75
"27","scaffold_7297",64306,"CAAAGACGTCATTAGCAATTC","missense_variant","MODERATE","HOVITM_102458","685G>T","Asp229Tyr","C","A","A|A","C/C","A|A","A|A","A|A","C|A",".",".","C/C","C/C","C/C","C/C","C|A","C|A","A|A","C/C","(HOVITM_102458,A,missense_variant)",0.25,1,0.75,0,0.75
"28","scaffold_7297",64317,"TTAGCAATTCCATCACACTTT","missense_variant","MODERATE","HOVITM_102458","674G>A","Gly225Glu","C","T","T/T","C/C","T|T","T|T","T/T","C/T",".",".","C/C","C/C","C/C","C/C","C/T","C/T","T/T","C/C","(HOVITM_102458,T,missense_variant)",0.25,1,0.75,0,0.75
"29","scaffold_7297",64353,"TCTTCTAGAGTGATGCAGTCT","missense_variant","MODERATE","HOVITM_102458","638C>G","Thr213Ser","G","C","C/C","G/G","C/C","C|C","C/C","G/G","G/G",".","G/G","G/G","G/G","G/G","G/C","G/C","C/C","G/G","(HOVITM_102458,C,missense_variant)",0.25,1,0.75,0,0.75
"30","scaffold_7443",74555,"ACTATTGAGGTGTGCAAGGAT","missense_variant","MODERATE","HOVITM_103562","229G>A","Val77Met","G","A","G/A","G/G","G/A","G/G","G/A","A/A","G/A","G/A","A/A","A/A","A/A","A/A","G/A","G/A","G/A","A/A","(HOVITM_103562,A,missense_variant)",0.75,0,0.25,1,0.75
"31","scaffold_705",42081,"TGTTCTTGAGTTCCCCACACT","missense_variant","MODERATE","HOVITM_100677","467C>T","Thr156Ile","G","A","G/G","G/G","G/G","G/G",".","A/A","A/A","G/A","A/A","A/A","G/A","G/A","G/G","G/A","G/G","G/G","(HOVITM_100677,A,missense_variant)",1,0.25,0,0.75,0.75
"32","scaffold_705",83404,"GGGACACTTGAATGCCGGCAG","missense_variant","MODERATE","HOVITM_100690","107C>T","Ser36Leu","G","A","A/A","G/A","G/A","A/A","G/A","G/G","G/G","G/A","G/G","G/G","G/G","G/G","G/G","G/A","G/G","G/A","(HOVITM_100690,A,missense_variant)",0.25,1,0.75,0,0.75
"33","scaffold_7619",35589,"ACATGGAATGTTAAGGGCAGT","missense_variant","MODERATE","HOVITM_104596","1090G>A","Val364Ile","G","A","A/A","G/A","A/A","A/A","G/A","A/A","G/A","G/A","G/G","G/G","G/A","G/G","G/G","G/G","G/A","G/A","(HOVITM_104596,A,missense_variant)",0.125,0.875,0.875,0.125,0.75
"34","scaffold_787",132481,"CCACCGTCTATCATTTTGGTA","missense_variant","MODERATE","HOVITM_106309","161T>C","Ile54Thr","A","G","G/G","A/G","A/G","G/G","A/G","A/A","A/G","A/G","A/A","A/A","A/A","A/A","A/A","A/G","A/A","G/G","(HOVITM_106309,G,missense_variant)",0.25,1,0.75,0,0.75
"35","scaffold_8321",55772,"TGCCGGCATGCTTCTTAAGGC","missense_variant","MODERATE","HOVITM_109092","259C>T","His87Tyr","G","A","G|A","A|A","A|A","A|A","G/G","A|A","A|A","G|A","G|A","G|G","G/G","G/G","G|A","G|A","A|A","G/G","(HOVITM_109092,A,missense_variant)",0.125,0.875,0.875,0.125,0.75
"36","scaffold_816",25394,"CAACTCAAGACTCTCCTGACA","missense_variant","MODERATE","HOVITM_108061","1283A>G","Asp428Gly","A","G","G|G","G|G","A|G","A|G","A/A","A|G","A|G","A/A","A/A","A/A","A/A","A/A","A/A","A/A","A|G","A/A","(HOVITM_108061,G,missense_variant)",0.25,1,0.75,0,0.75
"37","scaffold_816",25399,"CAAGACTCTCCTGACAGTGAT","missense_variant","MODERATE","HOVITM_108061","1288C>T","Pro430Ser","C","T","T|T","T|T","C|T","C|T","C/C","C|T","C|T","C/C","C/C","C/C","C/C","C/C","C/C","C/C","C|T","C/C","(HOVITM_108061,T,missense_variant)",0.25,1,0.75,0,0.75
"38","scaffold_8844",24419,"AGACAAGACAGTCAGGGAGGA","missense_variant","MODERATE","HOVITM_112120","308A>G","Gln103Arg","A","G","A/A","A/G","A/A","A/A","A/G","A/G","A/A","A/G","G/G","G/G","G/G","A/G","A/A","A/G","A/A","A/G","(HOVITM_112120,G,missense_variant)",0.875,0.125,0.125,0.875,0.75
"39","scaffold_940",219303,"TCATTTTTAATACCATCTTCA","missense_variant","MODERATE","HOVITM_115438","548T>G","Ile183Ser","A","C","C/C","A|C","C/C","A/C","A/A","A/A","C|C",".","A/A","A/A","A/A","A/A","A/A","A/A","A/A","A/A","(HOVITM_115438,C,missense_variant)",0.25,1,0.75,0,0.75
"40","scaffold_9558",4708,"AGTGAATCTATACTAGAGAAA","missense_variant","MODERATE","HOVITM_116268","460A>C","Ile154Leu","A","C","C/C","A|C","C|C","A|C","A|C","A|C","C/C","C|C","A/A","A/A","A/A","A/A","C|C","A|C","C|C","A|C","(HOVITM_116268,C,missense_variant)",0.25,1,0.75,0,0.75
"41","scaffold_9674",20476,"GAGGCCGGGCATTCACAATCG","missense_variant","MODERATE","HOVITM_116954","724G>T","Ala242Ser","C","A","C/C","C/C","C/C","C/C","C/C","C/C","C/C","C/A","C/C","A/A","A/A","A/A","C/C","C/C","C/C","A/A","(HOVITM_116954,A,missense_variant)",1,0.25,0,0.75,0.75
"42","scaffold_82",605656,"TTTTACGAATCAATTTCAATA","missense_variant","MODERATE","HOVITM_108345","1087T>C","Ser363Pro","T","C","C/C","C/C","C|C","C/C","C/C","C/C","C/C","C/C","T/T","T/C","T/T","T/C","C/C","C/C","C|C","T/C","(HOVITM_108345,C,missense_variant)",0,0.75,1,0.25,0.75
"43","scaffold_1046",131406,"ATGAAACCACTGAAATTATGC","missense_variant","MODERATE","HOVITM_002891","1355C>T","Thr452Ile","C","T","C/C","C/C","C/C","C/C","C/C","C/C","C/C","C/C","T/T","C/T","C/T","T/T","C/T","C/C","C/C","C/C","(HOVITM_002891,T,missense_variant)",1,0.25,0,0.75,0.75
"44","scaffold_1109",54458,"GACACGAACGTCTCTAAACTG","missense_variant","MODERATE","HOVITM_006034","1390G>A","Val464Ile","G","A","G/G","G/G","G/G","G/G","G/G","G/G","G/G","G/G","A/A","G/G","A/A","A/A","G/G","G/G","G/G",".","(HOVITM_006034,A,missense_variant)",1,0.25,0,0.75,0.75
"45","scaffold_13743",17636,"GCTTTGCAGGGGAGTTAGCTG","missense_variant","MODERATE","HOVITM_017643","452G>A","Gly151Glu","G","A","G/G","A/A","A/A","A|A","G/G","A/A","G|A","G|A","G/G","G/G","G/G","G/G","G|A","G|A","A/A","G|A","(HOVITM_017643,A,missense_variant)",0.25,1,0.75,0,0.75
"46","scaffold_13743",17639,"TTGCAGGGGAGTTAGCTGACA","missense_variant","MODERATE","HOVITM_017643","455A>G","Glu152Gly","A","G","A/A","G/G","G/G","G|G","A/A","G/G","A|G","A|G","A/A","A/A","A/A","A/A","A|G","A|G","G/G","A|G","(HOVITM_017643,G,missense_variant)",0.25,1,0.75,0,0.75
"47","scaffold_16134",3845,"GTTGCAGGTGGAAGGAGTGTA","missense_variant","MODERATE","HOVITM_026933","620C>A","Pro207Gln","G","T","G/G","G/G","G/T","G/G","G/T","G/T","G/T","G/G","G/T","T/T","T/T","T/T","G/G","T/T","T/T","G/T","(HOVITM_026933,T,missense_variant)",0.875,0.125,0.125,0.875,0.75
"48","scaffold_1689",27401,"ACGGGGGTGCGTTTTCTAAGC","missense_variant","MODERATE","HOVITM_029650","3559G>A","Ala1187Thr","C","T","T|T","T/T","T|T","T/T","T/T","T/T","C/T","C/T","C/C","C/T","C/T","C/C","T|T","C|T","C/T","T|T","(HOVITM_029650,T,missense_variant)",0,0.75,1,0.25,0.75
"49","scaffold_18652",19046,"ACACTACAACTACTGCGACAC","missense_variant","MODERATE","HOVITM_035497","262G>A","Val88Ile","C","T","C/C","C/C","C/C","C/C","C/C",".","C/T","C/C","C/C","T/T","T/T","T/T","T/T","T/T","T/T","C/C","(HOVITM_035497,T,missense_variant)",1,0.25,0,0.75,0.75
"50","scaffold_18884",21703,"TCTTGACCTGTGGGAGAGATG","missense_variant","MODERATE","HOVITM_036235","134C>T","Thr45Ile","G","A","G/A","G/G","G/G","G/G","G/G","A/A","A/A","A/A","G/A","A/A","A/A","A/A","A/A","A/A","G/G","A/A","(HOVITM_036235,A,missense_variant)",0.875,0.125,0.125,0.875,0.75
"51","scaffold_19594",18158,"TGGGCTTGACTTTCTCCGACC","missense_variant","MODERATE","HOVITM_038437","439G>A","Val147Ile","C","T","C/C","T/T","T/T","T/T","C/C","C/C","C/C","C/T","C/C","C/C","C/C","C/C","C/C","C/T","C/C","C/C","(HOVITM_038437,T,missense_variant)",0.25,1,0.75,0,0.75
"52","scaffold_180",222102,"TGCAGCTGAGCCCGTGGTGAA","missense_variant","MODERATE","HOVITM_033465","283C>A","Leu95Ile","G","T","G/G","G/G","G/G","G/T","G/T","G/G","G/T","G/T","T/T","G/T","T/T","T/T","G/T","G/T","G/T","G/T","(HOVITM_033465,T,missense_variant)",0.875,0.125,0.125,0.875,0.75
"53","scaffold_180",234809,"AAGAGAACACTGAATTCACAA","missense_variant","MODERATE","HOVITM_033467","1153G>A","Val385Met","C","T","C/C","C/C","C/C","C/T","C/T","C/C","C/T","C/T","T/T","C/T","T/T","T/T","C/T","C/T","C/T","C/T","(HOVITM_033467,T,missense_variant)",0.875,0.125,0.125,0.875,0.75
"54","scaffold_20134",10117,"AGTCGAGGGACTGTTCCACGG","missense_variant","MODERATE","HOVITM_040159","199A>G","Thr67Ala","A","G","G|G","G|G","G|G","G|G","A|G","A/A","G|G","G|G","A/A","A/A","G|G","A/A",".",".","A/A","A|G","(HOVITM_040159,G,missense_variant)",0,0.75,1,0.25,0.75
"55","scaffold_2142",143585,"CCAGAGGAAGCTTCTACAAAG","missense_variant","MODERATE","HOVITM_043598","1942G>A","Ala648Thr","G","A","G/A","G/A","A/A","A/A","G/G","G/G","G/G","G/G","G/G","G/G","G/G","G/G","G/G","G/A","G/A","G/G","(HOVITM_043598,A,missense_variant)",0.25,1,0.75,0,0.75
"56","scaffold_24228",7242,"TATGCAATGACTCGCTCTACT","missense_variant","MODERATE","HOVITM_050256","209T>C","Val70Ala","A","G","A/A","A/A","A/A","A/A","A/A","A|G","A|G","A/A","A|G","A/G","G|G","G|G","A/A","A/A","A/A","A/G","(HOVITM_050256,G,missense_variant)",1,0.25,0,0.75,0.75
"57","scaffold_278",40594,"GATGATGGATTTACCGGCACC","missense_variant","MODERATE","HOVITM_056900","307T>A","Phe103Ile","T","A","T|A","A/A","A|A","A/A","A/A","A/A","T/A","T/T","T/T","T/T","T/A","T/T","T/T",".","T/T","T/T","(HOVITM_056900,A,missense_variant)",0.125,0.875,0.875,0.125,0.75
"58","scaffold_3245",32278,"GAGAACAAGGCTAAAAAACAG","missense_variant","MODERATE","HOVITM_064359","628G>A","Ala210Thr","G","A","G|A","G/G","G/G","G|A","A|A","A|A","A|A","G/G","A|A","A|A","A|A","A|A","G|A","A|A","G/G","G/G","(HOVITM_064359,A,missense_variant)",0.75,0,0.25,1,0.75
"59","scaffold_3267",62468,"AAAACTAATAACAAGTCGAAT","missense_variant","MODERATE","HOVITM_064683","2503A>G","Asn835Asp","A","G","A/A","A/A","A/A","A/A","A/A","A|G","A/A","A|G","G|G","G|G","A|G","A|G","A/A","A/A","G|G","A/A","(HOVITM_064683,G,missense_variant)",1,0.25,0,0.75,0.75
"60","scaffold_3267",63034,"AGTTAGCATAAATTGTACTAA","missense_variant","MODERATE","HOVITM_064683","3069A>G","Ile1023Met","A","G","A/A","A/A","A/A","A/A","A/A","A|G","A/A","A|G","G/G","G/G","A/G","A|G","A/A","A/A","A/G","A/A","(HOVITM_064683,G,missense_variant)",1,0.25,0,0.75,0.75
"61","scaffold_3267",63203,"GAAGAAAATTGTAAGATACGT","missense_variant","MODERATE","HOVITM_064683","3238T>C","Cys1080Arg","T","C","T/T","T/T","T/T","T/T","T/T","T|C","T/T","T|C","C|C","C|C","T|C","T|C","T/T","T/T","T|C","T/T","(HOVITM_064683,C,missense_variant)",1,0.25,0,0.75,0.75
"62","scaffold_3267",63387,"ATGGCTGTGTAATAAAACCAA","missense_variant","MODERATE","HOVITM_064683","3422T>A","Val1141Glu","T","A","T/T","T/T","T/T","T/T","T/T","T|A","T/T","T|A","A/A","A/A","T/A","T|A","T/T","T/T","A/A","T/T","(HOVITM_064683,A,missense_variant)",1,0.25,0,0.75,0.75
"63","scaffold_3267",65537,"GGGTTACAGAAAGAGCTTACT","missense_variant","MODERATE","HOVITM_064683","5572A>G","Lys1858Glu","A","G","A/A","A/A","A/A","A/A","A/A","A|G","A/A","A|G","G/G","G/G","A/G","A|G","A/A","A/A","G/G","A/A","(HOVITM_064683,G,missense_variant)",1,0.25,0,0.75,0.75
"64","scaffold_3267",65613,"AAAGATCATTACCCTTTGATG","missense_variant","MODERATE","HOVITM_064683","5648T>C","Leu1883Ser","T","C","T/T","T/T","T/T","T/T","T/T","T/C","T/T","T/C","C/C","C/C","T/C","T/C","T/T","T/T","C/C","T/T","(HOVITM_064683,C,missense_variant)",1,0.25,0,0.75,0.75
"65","scaffold_3267",65691,"CTGTGGTTACCATTGAAGATG","missense_variant","MODERATE","HOVITM_064683","5726C>T","Thr1909Ile","C","T","C/C","C/C","C/C","C/C","C/C","C|T","C/C","C|T","T/T","T/T","C/T","C|T","C/C","C/C","C/T","C/C","(HOVITM_064683,T,missense_variant)",1,0.25,0,0.75,0.75
"66","scaffold_3267",66005,"GTTCTAAATTATGTTAACCAG","missense_variant","MODERATE","HOVITM_064683","6040T>G","Tyr2014Asp","T","G","T/T","T/T","T/T","T/T","T/T","T|G","T/T","T/G","G/G","G/G","T/G","T|G","T/T","T/T","G/G","T/T","(HOVITM_064683,G,missense_variant)",1,0.25,0,0.75,0.75
"67","scaffold_3267",66285,"CAAATGAATATGATAATGCAA","missense_variant","MODERATE","HOVITM_064683","6320A>C","Tyr2107Ser","A","C","A/A","A/A","A/A","A/A","A/A","A/C","A/A","A|C","C|C","C/C","A/C","A/C","A/A","A/A","A|C","A/A","(HOVITM_064683,C,missense_variant)",1,0.25,0,0.75,0.75
"68","scaffold_3267",67502,"AAAAATGTTACTGCAGAAGTA","missense_variant","MODERATE","HOVITM_064683","7537A>C","Thr2513Pro","A","C","A/A","A/A","A/A","A/A","A/A","A/C","A/A","A/C","C/C","C/C","A/C","A/C","A/A","A/A","C/C","A/A","(HOVITM_064683,C,missense_variant)",1,0.25,0,0.75,0.75
"69","scaffold_3267",67560,"CTATTCAGCGTAACGGCCAAA","missense_variant","MODERATE","HOVITM_064683","7595G>A","Arg2532His","G","A","G/G","G/G","G/G","G/G","G/G","G/A","G/G","G/A","A/A","A/A","G/A","G/A","G/G","G/G","G/A","G/G","(HOVITM_064683,A,missense_variant)",1,0.25,0,0.75,0.75
"70","scaffold_3267",67878,"ACGACAGTCATAACAATTTCA","missense_variant","MODERATE","HOVITM_064683","7913A>G","His2638Arg","A","G","A/A","A/A","A/A","A/A","A/A","A|G","A/A","A/G","G/G","G/G","A/G","A/G","A/A","A/A","G/G","A/A","(HOVITM_064683,G,missense_variant)",1,0.25,0,0.75,0.75
"71","scaffold_3268",8362,"GCAATGCCGGCTGCACCTGCA","missense_variant","MODERATE","HOVITM_064693","326G>T","Gly109Val","G","T","G/T","G/G","G/T","G/G","G/G","G/T","G/T","T/T","T|T","T/T","T|T","T/T","T/T","G|T","T/T","G|T","(HOVITM_064693,T,missense_variant)",0.75,0,0.25,1,0.75
"72","scaffold_3295",29147,"GACTCCAGACTCATCCTATGT","missense_variant","MODERATE","HOVITM_065074","1607G>T","Ser536Ile","C","A","C/C","C/C","C/C","C|A","C/C","A|A","C/A","C|A","A|A","A/A","A|A","C|A","A/A","A|A","A|A","A|A","(HOVITM_065074,A,missense_variant)",0.875,0.125,0.125,0.875,0.75
"73","scaffold_322",391399,"ATGATCACGGTCCTTCAGGCT","missense_variant","MODERATE","HOVITM_063996","291C>G","Asp97Glu","G","C","C/C","G/C","C/C","C/C","C/C","G/G","G/C",".","G/C","G/G","G/G","G/G","C/C","C/C","G/C","G/C","(HOVITM_063996,C,missense_variant)",0.125,0.875,0.875,0.125,0.75
"74","scaffold_3517",55718,"AACTTTTAGGTGTTACTGCTT","missense_variant","MODERATE","HOVITM_067950","1042C>G","Pro348Ala","G","C","G/G","G/C","G/G","G/G","C/C","G/G","C/C","G/G","C/C","C/C","C/C","G/C","G/C","G/C","G/C","C/C","(HOVITM_067950,C,missense_variant)",0.875,0.125,0.125,0.875,0.75
"75","scaffold_3544",10028,"CCTATGTCAAAAAAAACCTCT","missense_variant","MODERATE","HOVITM_068229","803A>G","Lys268Arg","A","G","A/A","A/A","A/A","A/A","A/A","A/A","G/G","A/A","G/G","A/G","G/G","A/G","A/A","A/A","A/A","A/A","(HOVITM_068229,G,missense_variant)",1,0.25,0,0.75,0.75
"76","scaffold_3548",108660,"CGATGCCTCACGAAGAAGAAA","missense_variant","MODERATE","HOVITM_068266","524A>G","His175Arg","A","G","A/A","A/A","A/A","A/A","A/A","G/G","G/G","A/A","G/G","A/A","G/G","G/G","A/G","A/A","A/A","G/G","(HOVITM_068266,G,missense_variant)",1,0.25,0,0.75,0.75
"77","scaffold_3945",101288,"AACAATAATCCAGAGGAGACA","missense_variant","MODERATE","HOVITM_073034","2923C>T","Pro975Ser","C","T","T/T","C/T","T/T","C/T",".","C/C","C/C","C/C","C/C","C/C","C/C","C/C","C/C","C/C","C/T","C/C","(HOVITM_073034,T,missense_variant)",0.25,1,0.75,0,0.75
"78","scaffold_3945",101949,"ACTCTCCAACTAATAAAAAAG","missense_variant","MODERATE","HOVITM_073034","3584C>T","Thr1195Ile","C","T","T/T","C/T","T/T","C/T","C/T","C/C","C/C","C/C","C/C","C/C","C/C","C/C","C/C","C/C","C/T","C/C","(HOVITM_073034,T,missense_variant)",0.25,1,0.75,0,0.75
"79","scaffold_10",431571,"CTATTTACTAGCAGCACTACT","missense_variant","MODERATE","HOVITM_000221","173T>C","Leu58Pro","A","G","A/A","A/A","A/A","A/A","A/G","A/G","A/A","A/A","G/G","A/G","G/G","A/A","A/A","A/A","A/A",".","(HOVITM_000221,G,missense_variant)",1,0.375,0,0.625,0.625
"80","scaffold_10",431583,"AGCACTACTCTAGAAATATCC","missense_variant","MODERATE","HOVITM_000221","161G>C","Arg54Thr","C","G","C|C","C/C","C/C","C/C","C|G","C|G","C/C","C/C","G|G","C|G","G|G","C/C","C/C","C/C","C/C",".","(HOVITM_000221,G,missense_variant)",1,0.375,0,0.625,0.625
"81","scaffold_19",96411,"AAGACAACACTCACTATTGGA","missense_variant","MODERATE","HOVITM_036593","488C>A","Thr163Asn","C","A","C/A","C/C","C/A","C/A","C/C","C/A","C/A","A/A","A/A","A/A","A/A","A/A","C/A","C/C","A/A","C/A","(HOVITM_036593,A,missense_variant)",0.625,0,0.375,1,0.625
"82","scaffold_22",107154,"TGTCTTTACACCATGGCTTTT","missense_variant","MODERATE","HOVITM_044987","4888T>A","Cys1630Ser","A","T","A/T","A/A","A/A","A/A","A/T","A/A","A/T","A/T","A/T","T/T","A/T","T/T","A/T","A/T","A/A","A/T","(HOVITM_044987,T,missense_variant)",0.875,0.25,0.125,0.75,0.625
"83","scaffold_22",107288,"CTGGTCTCACAATCAGATATT","missense_variant","MODERATE","HOVITM_044987","4754G>A","Cys1585Tyr","C","T","C/T","C/C","C/C","C/C","C/T","C/C","C/T","C/T","C/T","T/T","C/T","T/T","C/T","C/T","C/C","C/T","(HOVITM_044987,T,missense_variant)",0.875,0.25,0.125,0.75,0.625
"84","scaffold_32",408810,"TATAGTCTGCACTAGTTGTAT","missense_variant","MODERATE","HOVITM_063699","583G>T","Ala195Ser","C","A","A/A","C/A","A/A","C/C","C/C",".","C/C","C/C","C/C","C/C","C/C","C/C","C/C",".",".",".","(HOVITM_063699,A,missense_variant)",0.375,1,0.625,0,0.625
"85","scaffold_37",429467,"GCATTGTGAGACTCTTGGGAA","missense_variant","MODERATE","HOVITM_070122","880C>A","Leu294Ile","G","T","T/T","G/G","T/T","G/T","G/G","G/G","G/G","G/G","G/G","G/G","G/G","G/G","G/G","G/G","G/G","G/G","(HOVITM_070122,T,missense_variant)",0.375,1,0.625,0,0.625
"86","scaffold_37",450681,"CGATCATCAGATGTAGTGTAT","missense_variant","MODERATE","HOVITM_070123","592C>A","Leu198Met","G","T","G/G","G/G","G/G","G/G","G/T","G/G","G/G","G/G","G/T","G/G","T/T","T/T","G/G","G/G","G/G","G/G","(HOVITM_070123,T,missense_variant)",1,0.375,0,0.625,0.625
"87","scaffold_37",455473,"CTTCAACTTTATTCCTTAATT","missense_variant","MODERATE","HOVITM_070123","55A>G","Lys19Glu","T","C","T/T","T/T","T/T","T/T","T/T","T/T","T/T","T/T","T/C","T/T","C/C","C/C","T/T","T/T","T/T","T/T","(HOVITM_070123,C,missense_variant)",1,0.375,0,0.625,0.625
"88","scaffold_4",885578,"AGTTGAGAATTATTAACGGCA","missense_variant","MODERATE","HOVITM_073698","1523A>G","Asn508Ser","T","C","C/C","T/T","C/C","C/C","T/C","T|C","C|C","T/T","T/T","T/T","T/C","T/T","T/T","T|C","T|C","C/C","(HOVITM_073698,C,missense_variant)",0.25,0.875,0.75,0.125,0.625
"89","scaffold_44",136857,"GAGACTCCACAATCACCAAGG","missense_variant","MODERATE","HOVITM_077911","149C>A","Thr50Lys","C","A","C/C","C/C","C/C","C/C","A/A","A/A","C/C","C/C","C/A","A/A","C/A","C/A","C/C","C/A","C/C","C/A","(HOVITM_077911,A,missense_variant)",1,0.375,0,0.625,0.625
"90","scaffold_453",237668,"AAGGAGATTGGTGAATATCGC","missense_variant","MODERATE","HOVITM_079235","454G>A","Gly152Ser","G","A","A/A","G/A","G/A","G/A","G/A","G/G","G/A","G/A","G/G","G/G","G/G","G/G","G/G","G/A","G/A","G/G","(HOVITM_079235,A,missense_variant)",0.375,1,0.625,0,0.625
"91","scaffold_454",140952,"ACAGATTCTGTAACTATCAAT","missense_variant","MODERATE","HOVITM_079334","970G>A","Val324Ile","G","A","G/G","A/A","G/G","G|A","A/A","G/A","G/G","G/A","A/A","A/A","A/A","A/A","G/A","G/A","A/A","G|A","(HOVITM_079334,A,missense_variant)",0.625,0,0.375,1,0.625
"92","scaffold_456",142718,"TGACTCTTGGCAGTAGACTGT","missense_variant","MODERATE","HOVITM_079483","944C>T","Ala315Val","G","A","G/A","G/G","G/G","G/A","G/G","G/A","G/A","G/G","A/A","A/A","A/A","G/A","G/A","A/A","G/G","G/G","(HOVITM_079483,A,missense_variant)",0.75,0.125,0.25,0.875,0.625
"93","scaffold_456",142754,"TGTTGCTTCGCCGGCTTCGAT","missense_variant","MODERATE","HOVITM_079483","908C>T","Ala303Val","G","A","G|A","G/G","G/G","G/A","G/G","G/A","G|A","G/G","A/A","A/A","A/A","G/A","G/A","A/A","G/G","G/G","(HOVITM_079483,A,missense_variant)",0.75,0.125,0.25,0.875,0.625
"94","scaffold_456",224398,"GAGATTAAAGTATTTTCTAAA","missense_variant","MODERATE","HOVITM_079487","37G>A","Val13Ile","G","A","G/A","G/G","G/G","G/G","G/G","G/A","G/A","G/G","G/A","A/A","A/A","G/A","G/A","A/A","G/G","G/G","(HOVITM_079487,A,missense_variant)",0.875,0.25,0.125,0.75,0.625
"95","scaffold_464",364563,"CTGCCAACAAAACACACAAGC","missense_variant","MODERATE","HOVITM_080286","103T>G","Leu35Val","A","C","A/A","A/C","A/A","A/A","C/C","A/A","C/C","A/C","C/C","C/C","A/C","A/C","C/C","C/C","A/C","A/A","(HOVITM_080286,C,missense_variant)",0.875,0.25,0.125,0.75,0.625
"96","scaffold_484",118361,"CAGAACATTACAGCTCAGGAG","missense_variant","MODERATE","HOVITM_082233","67A>G","Thr23Ala","A","G","A/A","A/G","A/A","A/A","A/A","A/A","G/G","A/A","A/G","G/G","G/G","A/G","A/A","A/A","A/A","A/A","(HOVITM_082233,G,missense_variant)",0.875,0.25,0.125,0.75,0.625
"97","scaffold_4995",19319,"GCGACCCCGACAACGCGAAGA","missense_variant","MODERATE","HOVITM_083682","121T>C","Ser41Pro","A","G","A/G","A/G","A/A","A/A","A/A","A/G","A/G","A/A","A/G","G/G","G/G","G/G","A/A","G/G","G/G","A/G","(HOVITM_083682,G,missense_variant)",0.75,0.125,0.25,0.875,0.625
"98","scaffold_5043",353,"TGGAGAAGCATCCACCAGAAA","missense_variant","MODERATE","HOVITM_084287","1131T>A","Asp377Glu","A","T","T/T","A/A","T/T","A/T","A/T","A/T","A/A","A/T","A/A","A/A","A/A","A/A","A/T","A/A","A/A","A/A","(HOVITM_084287,T,missense_variant)",0.375,1,0.625,0,0.625
"99","scaffold_5122",31316,"AAGGATCCCCCCTTCAGGAAG","missense_variant","MODERATE","HOVITM_085019","229C>A","Pro77Thr","C","A","C/C","C/C","C|A","C/C","C/A","C|A","C|A","C/A","C/A","C|A","A|A","A|A","C|A","C|A","C|A","A|A","(HOVITM_085019,A,missense_variant)",0.875,0.25,0.125,0.75,0.625
"100","scaffold_5129",59032,"CAAATACAGAGGAAGTGATTT","missense_variant","MODERATE","HOVITM_085081","772T>C","Ser258Pro","A","G","A/A","A/A","A/A","A/A","A/A","A/A","G/G","G/G","A/G","A/G","G/G","A/G","A/A","A/G","A/A","A/G","(HOVITM_085081,G,missense_variant)",1,0.375,0,0.625,0.625
"101","scaffold_5311",42371,"TATATTTTCATTTAAATGAAT","missense_variant","MODERATE","HOVITM_086653","819T>A","Asn273Lys","A","T","A/T","A/T","T/T","A/T","A/A","A/A","A/A","A/A","A/A","A/A","A/A","A/A","A/A","A/A","A/A","A/A","(HOVITM_086653,T,missense_variant)",0.375,1,0.625,0,0.625
"102","scaffold_5398",78777,"ATTATATGACGGCTTGGTGCG","missense_variant","MODERATE","HOVITM_087427","515G>A","Arg172His","C","T","C/C","C|T","C/C","C|T","C/T","C/C","T|T","C/T","T/T","T|T","C|T","T|T","T/T","T/T","C/T","C/C","(HOVITM_087427,T,missense_variant)",0.75,0.125,0.25,0.875,0.625
"103","scaffold_536",211838,"AGGATGTACGCTCTGGGGATT","missense_variant","MODERATE","HOVITM_087103","811G>T","Ala271Ser","G","T","G/G","G/G","G/G","G/G","G/G","G/G","G/G","G/G","G/T","G/G","T/T","T/T","G/G","G/G","G/G","G/G","(HOVITM_087103,T,missense_variant)",1,0.375,0,0.625,0.625
"104","scaffold_536",278918,"CTGCCCCCGCCAGAGTTCAGG","missense_variant","MODERATE","HOVITM_087109","343C>G","Pro115Ala","C","G","C/C","C/G","C/C","C/C","C/C","C/C","C/G","C/C","G/G","C/C","G/G","G/G","C/C","C/C","C/G","C/C","(HOVITM_087109,G,missense_variant)",0.875,0.25,0.125,0.75,0.625
"105","scaffold_5687",52575,"TGACCAATGTCAAGTTCTCGG","missense_variant","MODERATE","HOVITM_089834","1075A>G","Thr359Ala","T","C","T/T","T/T","T/T","T/C","T/C","T/C","T/T","C/C","T/C","C|C","T/C","C/C","T/T","C/C","T/C","T/T","(HOVITM_089834,C,missense_variant)",0.875,0.25,0.125,0.75,0.625
"106","scaffold_5687",81862,"AAAGACACTGTCAACGTTCTG","missense_variant","MODERATE","HOVITM_089835","671C>G","Thr224Arg","G","C","C/C","C/C","G/G","G/C","G/C","G/C","C/C","G/G","G/G","G/G","G/G","G/G","G/C","G/G","G/G","G/C","(HOVITM_089835,C,missense_variant)",0.375,1,0.625,0,0.625
"107","scaffold_5687",81876,"CGTTCTGTAGTCATCATATGA","missense_variant","MODERATE","HOVITM_089835","657C>A","Asp219Glu","G","T","T/T","T/T","G/G","G/T","G/T","G/T","T/T","G/G","G/G","G/G","G/G","G/G","G/T","G/G","G/G","G/T","(HOVITM_089835,T,missense_variant)",0.375,1,0.625,0,0.625
"108","scaffold_5730",21497,"TGGTGGTAGGTCAGGTGGATC","missense_variant","MODERATE","HOVITM_090274","974G>C","Gly325Ala","G","C","G|C","C|C","G/G","C|C","G/G","G/G","G/G","G/G","G/G","G/G","G/G","G/G","G/G","G/G","G/G","G/G","(HOVITM_090274,C,missense_variant)",0.375,1,0.625,0,0.625
"109","scaffold_5818",81354,"CGGTGTCCGTATCGTCTTGTT","missense_variant","MODERATE","HOVITM_090938","940A>C","Thr314Pro","T","G","T/T","T/T","T/T","T/T","T/T","T/T","T/T","T/T","T/T","T|G","G|G","G|G","T/T","T/T","T/T","T|G","(HOVITM_090938,G,missense_variant)",1,0.375,0,0.625,0.625
"110","scaffold_5818",81413,"ATCTGATTCTCTTCTGTTGTT","missense_variant","MODERATE","HOVITM_090938","881A>G","Glu294Gly","T","C","T/T","T/T","T/T","T/T","T/T","T/T","T/T","T/T","T/T","T|C","C|C","C|C","T/T","T/T","T/T","T|C","(HOVITM_090938,C,missense_variant)",1,0.375,0,0.625,0.625
"111","scaffold_5818",81425,"TCTGTTGTTGTTAGTGAAGTA","missense_variant","MODERATE","HOVITM_090938","869C>A","Thr290Lys","G","T","G/G","G/G","G/G","G/G","G/G","G/G","G/G","G/G","G/G","G|T","T|T","T|T","G/G","G/G","G/G","G|T","(HOVITM_090938,T,missense_variant)",1,0.375,0,0.625,0.625
"112","scaffold_5818",81541,"TGTGCTGTTATCTGACTCTGA","missense_variant","MODERATE","HOVITM_090938","753T>G","Asp251Glu","A","C","A/A","A/A","A/A","A/A","A/A","A/A","A/A","A/A","A/A","A|C","C|C","C|C","A/A","A/A","A/A","A|C","(HOVITM_090938,C,missense_variant)",1,0.375,0,0.625,0.625
"113","scaffold_5818",81546,"TGTTATCTGACTCTGAACGTG","missense_variant","MODERATE","HOVITM_090938","748T>C","Ser250Pro","A","G","A/A","A/A","A/A","A/A","A/A","A/A","A/A","A/A","A/A","A|G","G|G","G|G","A/A","A/A","A/A","A|G","(HOVITM_090938,G,missense_variant)",1,0.375,0,0.625,0.625
"114","scaffold_557",233054,"ATTCCTACTAATTTGGTCAAT","missense_variant","MODERATE","HOVITM_088782","1036A>C","Asn346His","A","C","A/C","A/A","A/C","A/A","A/A","A/C","A/C","A/C","C/C","A/C","C/C","C/C","A/A","A/A","A/C","A/C","(HOVITM_088782,C,missense_variant)",0.75,0.125,0.25,0.875,0.625
"115","scaffold_558",55031,"ACAACGTCCACCAGGAGAATG","missense_variant","MODERATE","HOVITM_088866","248A>G","His83Arg","A","G","G/G","G/G","A/G","G/G","A/A","A/G","A/G","A/A","A/A","A/G","A/G","A/A","A/G","A/G","A/G","A/A","(HOVITM_088866,G,missense_variant)",0.125,0.75,0.875,0.25,0.625
"116","scaffold_562",280563,"GTCCGTTTAATttcttcttct","missense_variant","MODERATE","HOVITM_089284","148A>G","Ile50Val","A","G","G|G","G|G","A|G","A|G","G|G","A/A","G|G","G/G","A/A","A/A","A/G","A/A","A/A","A|G","A/A","A|G","(HOVITM_089284,G,missense_variant)",0.25,0.875,0.75,0.125,0.625
"117","scaffold_5975",79147,"CTGGTTTTTGTTCTGGTAATG","missense_variant","MODERATE","HOVITM_092183","364C>A","Gln122Lys","G","T","T|T","G/G","G/G","G|T","T|T","G|T","T|T","G|T","T|T","T|T","T/T","T|T","G|T","G/G","G/G","G/T","(HOVITM_092183,T,missense_variant)",0.625,0,0.375,1,0.625
"118","scaffold_5975",79284,"AGAGAATTAAAGTTTTGATCA","missense_variant","MODERATE","HOVITM_092183","227T>A","Phe76Tyr","A","T","T/T","A/A","A/A","A|T","T|T","A|T","T|T","A|T","T|T","T|T","T|T","T|T","A|T","A/A","A/A","A/T","(HOVITM_092183,T,missense_variant)",0.625,0,0.375,1,0.625
"119","scaffold_5975",79476,"TTCTCAATGGTACAGTCTTTA","missense_variant","MODERATE","HOVITM_092183","35C>G","Thr12Ser","G","C","C|C","G/G","G/G","G|C","C|C","G|C","C|C","G|C","C|C","C|C","C|C","C|C","G|C","G/G","G/G","G|C","(HOVITM_092183,C,missense_variant)",0.625,0,0.375,1,0.625
"120","scaffold_6055",82831,"ACAGACAGTAAAAACGATACC","missense_variant","MODERATE","HOVITM_092938","358A>G","Lys120Glu","A","G","A|G","A/G","G/G","A|G","G|G","A|G",".","G/G","A/A","A/A","A/A","A/A","G|G","A/G","A/G","A|G","(HOVITM_092938,G,missense_variant)",0.375,1,0.625,0,0.625
"121","scaffold_6127",61046,"GGTGTGCAAGGGTGAGGTGGT","missense_variant","MODERATE","HOVITM_093543","188G>A","Arg63Lys","G","A","G/G","G|A","G/G","G/G","G/G","G/G","G/G","G/G","A|A","A|A","A/A","G/G","G/G","G/G","G/A","G/G","(HOVITM_093543,A,missense_variant)",0.875,0.25,0.125,0.75,0.625
"122","scaffold_6127",61327,"ATAAAGTTGCAACTTACCCCT","stop_gained","HIGH","HOVITM_093543","469C>T","Gln157*","C","T","C/C","C/T","C/C","C/C","C/C","C/T","C/C","C/C","T|T","T|T","T/T","C/C","T/T","C/T","C/T","C/C","(HOVITM_093543,T,stop_gained)",0.875,0.25,0.125,0.75,0.625
"123","scaffold_6136",5193,"TGCTCTTTTGGTAAACTCTTG","missense_variant","MODERATE","HOVITM_093588","701C>A","Pro234Gln","G","T","G/G","G/G","G/G","G|T","G/T","G|T","G/G","G/G","G|T","T|T","T|T","G|T","G/G","T|T","G|T","T|T","(HOVITM_093588,T,missense_variant)",0.875,0.25,0.125,0.75,0.625
"124","scaffold_6198",31610,"gaaggtggtgatgaaaaaaaa","missense_variant","MODERATE","HOVITM_094064","274G>A","Asp92Asn","G","A","G/A","A/A","G/G","A/A","G/G","G/A","G/G","G/G","G/G","G/G","G/G","G/G","A/A","G/G","G/A","G/G","(HOVITM_094064,A,missense_variant)",0.375,1,0.625,0,0.625
"125","scaffold_6382",60755,"AGATTTTCAGATAAACATTTT","missense_variant","MODERATE","HOVITM_095552","4037C>T","Ser1346Phe","G","A","G/A","A/A","A/A","A/A","G/G","A/A","A/A","G/A","G/G","G/G","A/A","G/G","G/G","G/G","G/A","G/G","(HOVITM_095552,A,missense_variant)",0.125,0.75,0.875,0.25,0.625
"126","scaffold_624",234110,"GTGATACGAGTCAAAGCCAGG","missense_variant","MODERATE","HOVITM_094405","1452C>A","Asp484Glu","G","T","G/G","G/G","G/G","G/G","G/T","G/T","G/G","G/G","G/T","G/T","T/T","G/T","G/G","G/G","G/G","G/T","(HOVITM_094405,T,missense_variant)",1,0.375,0,0.625,0.625
"127","scaffold_624",245481,"CAATTGAAATTGCAGCAGTAG","missense_variant","MODERATE","HOVITM_094405","268A>G","Ile90Val","T","C","T/T","T/T","T/T","T|C","T|C","C|C","T/T","T/T","T|C","T|C","C|C","C|C","T|C","T/T","C|C","T|C","(HOVITM_094405,C,missense_variant)",0.875,0.25,0.125,0.75,0.625
"128","scaffold_6663",69031,"CAGGTGATTCAAATATTACTA","missense_variant","MODERATE","HOVITM_097678","415G>C","Glu139Gln","C","G","C/C","C/C","C/C","C/C","C/C","C/C","C/C","C/G","C/C","C/G","G/G","G/G","C/C","C/G","C/G","C/C","(HOVITM_097678,G,missense_variant)",1,0.375,0,0.625,0.625
"129","scaffold_6888",28742,"GCTGGTTGGCCGGGTTGAGAG","missense_variant","MODERATE","HOVITM_099286","256G>A","Ala86Thr","C","T","T/T","C/T","T/T","C/T","C/T","C/C","C/C","C/C","C/T","C/C","C/C","C/C","C/C","C/T","C/T","C/C","(HOVITM_099286,T,missense_variant)",0.25,0.875,0.75,0.125,0.625
"130","scaffold_6936",6268,"ACGAATGTTGAAGATGATCCA","missense_variant","MODERATE","HOVITM_099638","1677C>A","Phe559Leu","G","T","G/T","G/T","T/T","T/T","G/T","G/G","G/G","G/T","G/T","G/G","G/G","G/G","G/T","G/T","T/T","G/G","(HOVITM_099638,T,missense_variant)",0.25,0.875,0.75,0.125,0.625
"131","scaffold_669",174729,"GTTTGTATCGCTGGTGTCCAC","missense_variant","MODERATE","HOVITM_097845","290C>T","Ala97Val","G","A","A/A","A/A","G/A","A/A","G/G","G/A","G/A","G/A","G/G","A/A","G/G","G/G","G/A","A/A","A/A","G/A","(HOVITM_097845,A,missense_variant)",0.125,0.75,0.875,0.25,0.625
"132","scaffold_679",64972,"GAGGCGCTGTCGATGGCAGTA","missense_variant","MODERATE","HOVITM_098575","155T>G","Val52Gly","T","G","G/G","G/G","G/G","G|G","T/G","T|G","G/G","G|G","T/T","T/T","T|G","G/G","G/G","G/G","G/G","G/G","(HOVITM_098575,G,missense_variant)",0,0.625,1,0.375,0.625
"133","scaffold_687",223259,"ATTTTAGGGAAGAGCTCTTGA","missense_variant","MODERATE","HOVITM_099173","38T>A","Phe13Tyr","A","T","T/T","A/T","T|T","T/T","A|T","T/T","A/A","A|T","A/T","A/A","A/T","A/A","T/T","T/T","A|T","A|T","(HOVITM_099173,T,missense_variant)",0.125,0.75,0.875,0.25,0.625
"134","scaffold_698",241443,"GCAAATACCTTAAAAGAACAA","missense_variant","MODERATE","HOVITM_099922","917T>C","Leu306Pro","T","C","T/T","T/T","T/T","T/C","T/T","T/T","T/T","T/T","C/C","C/C","C/C","T/T","T/C","C/C","T/T","T/C","(HOVITM_099922,C,missense_variant)",0.875,0.25,0.125,0.75,0.625
"135","scaffold_6986",66347,"AAGAACAGTCTGGCCATCGCC","missense_variant","MODERATE","HOVITM_099968","472C>A","Leu158Met","C","A","C/C","C/C","C/C","C/C","C/C","C/A","C/A","C/C","C/A","A/A","C/A","C/A","C/A","C/A","C/C","C/A","(HOVITM_099968,A,missense_variant)",1,0.375,0,0.625,0.625
"136","scaffold_6993",14644,"AAAAGAATGACTTTGGAAGAT","missense_variant","MODERATE","HOVITM_100015","985A>G","Thr329Ala","A","G","A/A","G|G","A/A","A/A","A/G","G|G","G|G","A/G","A|G","G|G","G|G","G|G","A|G","A/G","G|G","A|G","(HOVITM_100015,G,missense_variant)",0.75,0.125,0.25,0.875,0.625
"137","scaffold_7033",41722,"TTTGTTCCCATCCACCGATTC","missense_variant","MODERATE","HOVITM_100517","927T>G","Asp309Glu","A","C","A/A","A/A","A/A","A/A","C|C","A/C","A|C","A/A","C|C","A/C","C/C","A/A","A/A","A/A","A/A","A|C","(HOVITM_100517,C,missense_variant)",1,0.375,0,0.625,0.625
"138","scaffold_7033",41787,"AAACAAAGAGCTGCTTCGAGA","missense_variant&splice_region_variant","MODERATE","HOVITM_100517","862C>T","Leu288Phe","G","A","G/G","G/G","G/G","G/G","A/A","A/A","G|A","G/G","A|A","G/A","A/A","G/G","G/G","G/G","G/G","G|A","(HOVITM_100517,A,missense_variant&splice_region_variant)",1,0.375,0,0.625,0.625
"139","scaffold_7106",50480,"GGCAGAAACTGAAATCCTTCT","missense_variant","MODERATE","DUS3L","440A>G","Gln147Arg","T","C","T/T","T/C","T/T","T/T","T/T","T/C","T/C","T/T","C|C","C/C","T/C","T/C","T/C","T/C","T/C","C/C","(DUS3L,C,missense_variant)",0.875,0.25,0.125,0.75,0.625
"140","scaffold_7297",46115,"TGTTGTGAAATTCCTCGGCAC","missense_variant","MODERATE","HOVITM_102457","913T>C","Phe305Leu","A","G","A/G","G|G","A/G","G/G",".","A|G",".","G|G","A/A","A/A","A/A","A|G","G|G","A/G","A/G","A|G","(HOVITM_102457,G,missense_variant)",0.25,0.875,0.75,0.125,0.625
"141","scaffold_7297",64540,"CGCCTTTCAGAATCGATTCTA","missense_variant","MODERATE","HOVITM_102458","451C>A","Leu151Met","G","T","T|T","G/G","T|T","T|T","T|T","G|T","T|T","T/T","G/G","G|T","G/G","G/G","G|T","G|T","T|T","G/G","(HOVITM_102458,T,missense_variant)",0.25,0.875,0.75,0.125,0.625
"142","scaffold_7297",64549,"GAATCGATTCTACAACAACCA","missense_variant","MODERATE","HOVITM_102458","442G>C","Glu148Gln","C","G","G|G","C/C","G|G","G|G","G|G","C|G","G|G","G|G","C/C","C|G","C/C","C/C","C|G","C|G","G|G","C/C","(HOVITM_102458,G,missense_variant)",0.25,0.875,0.75,0.125,0.625
"143","scaffold_7297",66182,"ATGCTGACGTCGGCCATACAG","missense_variant","MODERATE","HOVITM_102458","299A>G","Asp100Gly","T","C","C|C","T/T","C|C","C|C","C|C","T|C","C|C","C|C","T/T","T|C","T/T","T/T","T|C","T|C","C|C","T/T","(HOVITM_102458,C,missense_variant)",0.25,0.875,0.75,0.125,0.625
"144","scaffold_7443",51385,"GAATTTTACTAGGATTGTCTT","missense_variant","MODERATE","HOVITM_103553","20T>C","Leu7Pro","T","C","T/T","T/T","C/C","T/C","T/C","C/C","T/C","T/C","C/C","C/C","C/C","C/C","T/C","T/C","T/C","C/C","(HOVITM_103553,C,missense_variant)",0.625,0,0.375,1,0.625
"145","scaffold_7443",51435,"TTTGGCACTGAAGAGGTCAAA","stop_gained","HIGH","HOVITM_103553","70G>T","Glu24*","G","T","G/G","G/G","T|T","G|T","G|T","T|T","G|T","G|T","T|T","T|T","T|T","T|T","G|T","G|T","G|T","T|T","(HOVITM_103553,T,stop_gained)",0.625,0,0.375,1,0.625
"146","scaffold_7443",51436,"TTGGCACTGAAGAGGTCAAAG","missense_variant","MODERATE","HOVITM_103553","71A>C","Glu24Ala","A","C","A/A","A/A","C|C","A|C","A|C","C|C","A|C","A|C","C|C","C|C","C|C","C|C","A|C","A|C","A|C","C|C","(HOVITM_103553,C,missense_variant)",0.625,0,0.375,1,0.625
"147","scaffold_707",76215,"GAAGTGAAAGTGTGTCAAGCT","missense_variant","MODERATE","HOVITM_100855","185G>A","Ser62Asn","G","A","G/G","G/G","G/G","G/G","G/G","G/A","G/G","G/G","A/A","G/A","A/A","G/G","G/G","G/G","A/A","G/G","(HOVITM_100855,A,missense_variant)",1,0.375,0,0.625,0.625
"148","scaffold_707",76227,"TGTCAAGCTCTAAGCTACCAG","missense_variant","MODERATE","HOVITM_100855","197C>T","Ser66Phe","C","T","C/C","C/C","C/C","C/C","C/C","C/T","C/C","C/C","T/T","C/T","T/T","C/C","C/C","C/C","T/T","C/C","(HOVITM_100855,T,missense_variant)",1,0.375,0,0.625,0.625
"149","scaffold_725",148475,"AAAGGACTACGATGGTCTGCC","missense_variant","MODERATE","HOVITM_102159","661G>A","Val221Ile","C","T","T/T","T/T","C/C","C/T","C/C","C/C","C/T","C/T","C/C","C/C","C/C","C/C","C/C","C/C","C/T","C/C","(HOVITM_102159,T,missense_variant)",0.375,1,0.625,0,0.625
"150","scaffold_7507",13248,"CACTCCGCTGCAGCGGCTGTC","missense_variant","MODERATE","HOVITM_103962","229G>A","Ala77Thr","G","A","G/G","G/G","G/G","G/G","G/G","G/G","G/G","G/A","A/A","G/A","A/A","G/G","G/G","G/G","G/G","G/A","(HOVITM_103962,A,missense_variant)",1,0.375,0,0.625,0.625
"151","scaffold_7605",47276,"TCTTTCTTTCCAGGTTTAGAA","missense_variant","MODERATE","HOVITM_104538","1850G>T","Gly617Val","C","A","C/C","C/A","C/C","C/C","C/C","A/A","C/A","C/C","A/A","A/A","C/A","C/A","C/A","C/C","C/A","C/A","(HOVITM_104538,A,missense_variant)",0.875,0.25,0.125,0.75,0.625
"152","scaffold_7605",47584,"ATTAAAGGACATGCTATCTTG","missense_variant","MODERATE","HOVITM_104538","1542G>A","Met514Ile","C","T","C/C","C/C","C/C","C/C","C/T","T/T","C/C","C/C","T/T","C/T","C/T","C/T","C/T","C/C","C/T",".","(HOVITM_104538,T,missense_variant)",1,0.375,0,0.625,0.625
"153","scaffold_7786",26387,"CTTGTGTCATGAATATTGAAG","missense_variant","MODERATE","HOVITM_105743","434T>A","Met145Lys","T","A","T/T","T/A","T/T","T/A","T/A","T/T","T/A","T/A","A/A","A/A","T/A","A/A","T/A","T/A","T/T","T/A","(HOVITM_105743,A,missense_variant)",0.75,0.125,0.25,0.875,0.625
"154","scaffold_7927",41589,"TTTTACCTGCAGACTTGCTTT","missense_variant","MODERATE","HOVITM_106687","11761C>A","Gln3921Lys","C","A","C/C","C/C","C/C","C/C","C/A","C/A","C/A","C/C","C/A","C/A","A/A","C/A","C/C","C/C","C/C","C/C","(HOVITM_106687,A,missense_variant)",1,0.375,0,0.625,0.625
"155","scaffold_776",136544,"CCGTCCTCCCGGGTCGGCTCG","missense_variant","MODERATE","HOVITM_105546","728G>T","Arg243Leu","C","A","A/A","C/A","C/A","C/A","C/C","A/A","A/A","C/C","C/C","C/C","C/C","C/C","C/C","C/C","C/C","C/A","(HOVITM_105546,A,missense_variant)",0.375,1,0.625,0,0.625
"156","scaffold_796",168653,"CTATACCAGACTGTAGGCCCA","missense_variant","MODERATE","HOVITM_106871","295T>C","Ser99Pro","A","G","A/A","A/A","G|G","A/A","A|G","G|G","G|G","A|G","G|G","G|G","G|G","A|G","A/A","A/A","A/A","A/A","(HOVITM_106871,G,missense_variant)",0.75,0.125,0.25,0.875,0.625
"157","scaffold_796",168665,"GTAGGCCCACGGGCATATGTA","missense_variant","MODERATE","HOVITM_106871","283G>A","Val95Met","C","T","C/C","C/C","T|T","C/C","C|T","T|T","T|T","C|T","T|T","T|T","T|T","C|T","C/C","C/C","C/C","C/C","(HOVITM_106871,T,missense_variant)",0.75,0.125,0.25,0.875,0.625
"158","scaffold_796",168677,"GCATATGTACAAGATACAAAT","missense_variant","MODERATE","HOVITM_106871","271G>A","Val91Ile","C","T","C/C","C/C","T|T","C/C","C|T","T|T","T|T","C|T","T|T","T|T","T|T","C|T","C/C","C/C","C/C","C/C","(HOVITM_106871,T,missense_variant)",0.75,0.125,0.25,0.875,0.625
"159","scaffold_796",269430,"GATCCTTGTCGTTCGGGAAAA","missense_variant","MODERATE","HOVITM_106879","499G>A","Asp167Asn","C","T","C/C","C/C","C/C","C/C","C/C","C/C","T/T","C/C","C/C","T/T","T/T","C/T","C/C","C/C","C/C","C/C","(HOVITM_106879,T,missense_variant)",1,0.375,0,0.625,0.625
"160","scaffold_8116",61077,"GTCGTCGCCGGCTGGGGTCAT","missense_variant","MODERATE","HOVITM_107835","484G>A","Gly162Ser","G","A","G/G","G/G","G/G","G/G","G/G","G/A","G/G","G/G","A/A","G/G","A/A","G/A","G/G","G/G","G/G","G/G","(HOVITM_107835,A,missense_variant)",1,0.375,0,0.625,0.625
"161","scaffold_8116",63912,"TTGCTGTGACATCTTGGATAA","missense_variant","MODERATE","HOVITM_107835","776C>A","Thr259Lys","C","A","C/C","C/C","C/C","C/C","C/C","C|A","C/C","C/C","A|A","C/C","A|A","C|A","C/C","C/C","C/C","C/C","(HOVITM_107835,A,missense_variant)",1,0.375,0,0.625,0.625
"162","scaffold_8116",63914,"GCTGTGACATCTTGGATAAAC","missense_variant","MODERATE","HOVITM_107835","778T>C","Ser260Pro","T","C","T/T","T/T","T/T","T/T","T/T","T|C","T/T","T/T","C|C","T/T","C|C","T|C","T/T","T/T","T/T","T/T","(HOVITM_107835,C,missense_variant)",1,0.375,0,0.625,0.625
"163","scaffold_8143",34035,"TCGCTCCCTTACACAAGCTGA","missense_variant","MODERATE","HOVITM_107991","175A>G","Lys59Glu","T","C","T/T","T/T","T/T","T/T","T/C","T/T","T/C","T/T","C/C","C/C","T/T","T/C","T/T","T/T","T/T","T/T","(HOVITM_107991,C,missense_variant)",1,0.375,0,0.625,0.625
"164","scaffold_8143",60935,"TTCCAAATGCTTCTTTCCTGA","missense_variant","MODERATE","HOVITM_107995","1731G>T","Lys577Asn","C","A","C/C","C/C","C/C","C/C",".","C/C",".","C/C","A/A","A/A","C/C","C/A","C/A","C/A","C/C","C/C","(HOVITM_107995,A,missense_variant)",1,0.375,0,0.625,0.625
"165","scaffold_8143",60987,"TTTTCATCACTTGTTTGATCA","missense_variant","MODERATE","HOVITM_107995","1679G>C","Ser560Thr","C","G","C/C","C/C","C/C","C/C",".","C/C","C/C","C/C","G/G","G/G","C/C","C/G","C/C","C/G","C/C","C/C","(HOVITM_107995,G,missense_variant)",1,0.375,0,0.625,0.625
"166","scaffold_8143",61033,"TATACTTGTCGTTAAACTTAA","missense_variant","MODERATE","HOVITM_107995","1633G>A","Asp545Asn","C","T","C/C","C/C","C/C","C/C",".","C/C",".","C/C","T|T","T|T","C/C","C|T","C|T","C|T","C/C","C/C","(HOVITM_107995,T,missense_variant)",1,0.375,0,0.625,0.625
"167","scaffold_8206",44395,"aagaaaaaagtaaacacTGGA","missense_variant","MODERATE","HOVITM_108408","1021G>T","Val341Leu","G","T","G/G","G/G","G/G","G/G","G/G","G/G","G/G","G/T","T/T","T/T","G/T","G/G","G/G","G/G","G/G","G/G","(HOVITM_108408,T,missense_variant)",1,0.375,0,0.625,0.625
"168","scaffold_8269",23760,"CCGGCTCCACTCCTCTCAGCA","missense_variant","MODERATE","HOVITM_108733","452C>G","Thr151Ser","C","G","C/C","C/C","C/G","C/C","C/C","G/G","G/G","G/G","G/G","C/G","G/G","C/G","C/G","C/C","C/G","C/C","(HOVITM_108733,G,missense_variant)",0.875,0.25,0.125,0.75,0.625
"169","scaffold_8291",15445,"AGGGGACGATATTTTGTCGAT","missense_variant","MODERATE","HOVITM_108901","249T>G","Asp83Glu","T","G","T|G","T/T","T/T","T/T","T/T","T/T","T|G","G|G","G/G","T/G","T|G","G/G","G/G","G|G","G|G","G|G","(HOVITM_108901,G,missense_variant)",0.875,0.25,0.125,0.75,0.625
"170","scaffold_8321",55725,"AATCGCTATAATCTTCTCTAC","missense_variant","MODERATE","HOVITM_109092","306T>G","Ile102Met","A","C","A/C","C/C","C/C","C/C","A/A","C/C","C/C","A/C","A/C","A/C","A/A","A/A","A/C","A/C","C/C","A/A","(HOVITM_109092,C,missense_variant)",0.125,0.75,0.875,0.25,0.625
"171","scaffold_849",33129,"TCTGCAACTACTGATGAAACT","missense_variant","MODERATE","HOVITM_110140","130A>G","Thr44Ala","A","G","A/G","A/A","A/A","A/A","A/G","A/G","A/G","A/G","A/G","A/G","G/G","G/G","A/G","G/G","A/G","G/G","(HOVITM_110140,G,missense_variant)",0.875,0.25,0.125,0.75,0.625
"172","scaffold_8576",49195,"TGAAAGATTCCTTCAGCTCCT","missense_variant","MODERATE","HOVITM_110659","781G>A","Glu261Lys","C","T","T/T","C/C","T/T","T/T","C/C",".",".","T/T","C/C","C/T","C/C","C/C","T/T",".","C/C","T/T","(HOVITM_110659,T,missense_variant)",0.25,0.875,0.75,0.125,0.625
"173","scaffold_866",36968,"TGTGACTCTATCGAGACCAGA","missense_variant","MODERATE","HOVITM_111084","3094A>G","Ile1032Val","A","G","A/G","G/G","G/G","A/G","G/G","A/A","G/G","G/G","A/G","A/A","A/A","A/A","A/G","G/G","G/G","A/A","(HOVITM_111084,G,missense_variant)",0.25,0.875,0.75,0.125,0.625
"174","scaffold_866",273893,"TCTTGGCCAGACAAGCCTTCA","missense_variant","MODERATE","HOVITM_111107","1462C>G","Leu488Val","G","C","G/C","G/G","C/C","G/G","C/C","G/G","C/C","C/C","C/C","C/C","C/C","C/C","C/C","G/G","C/C","C/C","(HOVITM_111107,C,missense_variant)",0.625,0,0.375,1,0.625
"175","scaffold_866",277921,"ACAGAAGTAGCCACATGGGGC","missense_variant","MODERATE","HOVITM_111107","875C>T","Ala292Val","G","A","G|A","G|A","A|A","A|A","G/A","G/G","G/G","G/A","G/G","G/G","G/G","G|A","G|A","G|A","G|A","G/G","(HOVITM_111107,A,missense_variant)",0.25,0.875,0.75,0.125,0.625
"176","scaffold_9327",4727,"CCAGACAACATTACCACACTT","missense_variant","MODERATE","HOVITM_115019","154A>T","Ile52Phe","A","T","A/A","A/A","A/A","A/A","T/T","A/A","T/T","T/T","T/T","A/T","T/T","A/A","A/A","A/A","A/A","A/T","(HOVITM_115019,T,missense_variant)",1,0.375,0,0.625,0.625
"177","scaffold_9376",14559,"AAAGCATATCGTCTTTTCTGT","missense_variant","MODERATE","HOVITM_115281","68G>A","Arg23Gln","C","T","T/T","C/T","C/C","T/T","C/C",".","C/C","C/C","C/C","C/C","C/C","C/C","C/C","T/T","C/T","C/C","(HOVITM_115281,T,missense_variant)",0.375,1,0.625,0,0.625
"178","scaffold_9409",52323,"AGACTTCAGGATCCGTTGAAC","missense_variant","MODERATE","HOVITM_115467","140G>C","Gly47Ala","G","C","C/C","C/C","C|C","C|C","G/C","G/G","G/G","C|C","G/G","C|C","G/G","G/C","C|C","C/C","G/G","C/C","(HOVITM_115467,C,missense_variant)",0,0.625,1,0.375,0.625
"179","scaffold_916",23319,"GAGTTGGACATAAGTAGGGAA","missense_variant","MODERATE","HOVITM_114020","124T>C","Cys42Arg","A","G","G/G","G/G","A/G","G/G","A/G","A/A","G/G","A/A","A/G","A/A","A/G","A/A","A|G","A/G","A/G","A/G","(HOVITM_114020,G,missense_variant)",0.125,0.75,0.875,0.25,0.625
"180","scaffold_917",42766,"GACGAACTGGTTTTACCCACT","missense_variant","MODERATE","HOVITM_114085","200C>G","Thr67Ser","G","C","G/G","G/G","G/G","G/G","G/G","G/G","G/G","G/G","C/C","C|C","G|C","G/G","G/G","G/G","C|C","G/G","(HOVITM_114085,C,missense_variant)",1,0.375,0,0.625,0.625
"181","scaffold_919",53106,"TCGAAGACCAATGTCGGTGGG","missense_variant","MODERATE","HOVITM_114200","365T>C","Leu122Ser","A","G","G/G","G/G","G/G","G/G","A/G","G/G","A/G","G/G","A/A","A/G","A/A","G/G","A/G","A/G","G/G","A/G","(HOVITM_114200,G,missense_variant)",0,0.625,1,0.375,0.625
"182","scaffold_919",209004,"GTGGGTGTGGTAGTGGGAGGT","missense_variant","MODERATE","HOVITM_114205","215C>T","Thr72Ile","G","A","G/G","G/G","G/G","G/G","G/G","G/G","G/G","G/G","A/A","G/A","A/A","G/G","G/A","G/A","G/G","G/A","(HOVITM_114205,A,missense_variant)",1,0.375,0,0.625,0.625
"183","scaffold_940",174044,"CTGGAAATGTGTTGCAGAGCC","missense_variant","MODERATE","HOVITM_115435","188A>G","His63Arg","T","C","C|C","T/T","C|C","T|C","T/T","T/T","T/T","T/T","T/T","T/T","T/T","T/T","T/T","T/T","T/T","T/T","(HOVITM_115435,C,missense_variant)",0.375,1,0.625,0,0.625
"184","scaffold_9558",2067,"CAAGAGGTTGATTTAGATATG","missense_variant","MODERATE","HOVITM_116268","160G>T","Asp54Tyr","G","T","G/T","G/T","G/G","G/T","G/T","G/T","G/G","G/G","T/T","T/T","T/T","T/T","G/G","G/T","G/T","G/T","(HOVITM_116268,T,missense_variant)",0.625,0,0.375,1,0.625
"185","scaffold_9558",4716,"TATACTAGAGAAAAACAATGT","missense_variant","MODERATE","HOVITM_116268","468G>T","Glu156Asp","G","T","G/T","G|T","T|T","G|T","G|T","G|T","G/G","T|T","G/G","G/G","G/G","G/G","T|T","G|T","G|T","G|T","(HOVITM_116268,T,missense_variant)",0.375,1,0.625,0,0.625
"186","scaffold_9674",44892,"CAAGTGGCTAGAGGGTTGGCT","missense_variant","MODERATE","HOVITM_116956","199A>G","Arg67Gly","A","G","G/G","A/G","A/G","G/G","A/G","G/G","G/G","A/G","A|G","A/A","A/A","A/A","A/G","G/G","A/G","A/G","(HOVITM_116956,G,missense_variant)",0.25,0.875,0.75,0.125,0.625
"187","scaffold_9930",7330,"CACTACAAGCGATGGTAAACT","missense_variant","MODERATE","HOVITM_118301","387C>A","Ser129Arg","C","A","C/C","C/C","C/C","C/A","C/A","C/C","C/C","C/C","A/A","C/A","C/A","A/A","C/A","C/C","C/C","C/A","(HOVITM_118301,A,missense_variant)",0.875,0.25,0.125,0.75,0.625
"188","scaffold_100",218886,"GCCACTGGGTGAGTACCTGAG","missense_variant","MODERATE","HOVITM_000341","56A>G","His19Arg","T","C","T/T","C/C","C|C","T/C","C/C","T/T",".","T/C","T/T","T/T","T/T","T/T","C/C","T/C","T/T","T/C","(HOVITM_000341,C,missense_variant)",0.375,1,0.625,0,0.625
"189","scaffold_100",270672,"tttgctttatttgatttcatt","missense_variant","MODERATE","HOVITM_000350","593A>C","Asn198Thr","T","G","T/G","T/G","T/G","G/G","T/T","T/G","T/T",".","T/T","T/T","T/T","T/T","T/T","T/G","T/T","T/G","(HOVITM_000350,G,missense_variant)",0.375,1,0.625,0,0.625
"190","scaffold_57",15649,"ACCGAAGGCTCCAACACTCCC","missense_variant","MODERATE","HOVITM_089939","115T>G","Ser39Ala","T","G","T/G","G/G","G/G","G/G","T/G","T/G","T/G","G/G","T/G","T/G","T/T","T/T","G/G","T/T","T/T","G/G","(HOVITM_089939,G,missense_variant)",0.125,0.75,0.875,0.25,0.625
"191","scaffold_57",66138,"AGAATCAGATGAAACCAAATG","start_lost","HIGH","HOVITM_089943","2T>C","Met1?","T","C","T/T","T/T","T/T","T/T","T/T","T/T","T/T","T/T","T/C","T/T","C/C","C/C","T/T","T/T","T/C","T/T","(HOVITM_089943,C,start_lost)",1,0.375,0,0.625,0.625
"192","scaffold_57",66456,"CTACAGTTACTCTACTGAGCG","missense_variant","MODERATE","HOVITM_089943","266C>T","Thr89Ile","C","T","C/C","C/C","C/C","C/C","C/C","C/C","C/C","C/C","C/T","C/C","T/T","T/T","C/C","C/C","C/T","C/C","(HOVITM_089943,T,missense_variant)",1,0.375,0,0.625,0.625
"193","scaffold_57",192728,"GGGCAAGGCAGTCCCAGAGTC","missense_variant","MODERATE","HOVITM_089956","172A>C","Ser58Arg","A","C","C|C","C/C","C|C","A|C","A|C","C|C","A|C","A|C","A|C","A/C","A/A","A/A","A|C","C|C","A|C","A|C","(HOVITM_089956,C,missense_variant)",0.125,0.75,0.875,0.25,0.625
"194","scaffold_57",192738,"GTCCCAGAGTCACAAACAAAA","missense_variant","MODERATE","HOVITM_089956","182T>C","Val61Ala","T","C","C|C","C/C","C|C","T|C","T|C","C|C","T|C","T|C","T|C","T/C","T/T","T/T","T|C","C|C","T|C","T|C","(HOVITM_089956,C,missense_variant)",0.125,0.75,0.875,0.25,0.625
"195","scaffold_74",275255,"GATAATAGGCATGTGCCCTTT","missense_variant","MODERATE","HOVITM_103225","175C>G","His59Asp","C","G","C/C","C/C","C/C","C/C","C/C","C/C","C/G","C/C","C/C","C/G","G/G","G/G","C/C","C/G","C/C","C/C","(HOVITM_103225,G,missense_variant)",1,0.375,0,0.625,0.625
"196","scaffold_74",275335,"ATACAATGAAGACAGATTTAG","missense_variant","MODERATE","HOVITM_103225","255A>C","Glu85Asp","A","C","A/C","A/C","A/A","A/A",".","C/C","A/C","C/C","C/C","A/C","C/C","C/C","A/A","A/C","A/A","A/A","(HOVITM_103225,C,missense_variant)",0.75,0.125,0.25,0.875,0.625
"197","scaffold_77",540161,"TCCAGCTGTCTGTCTGTGCAT","missense_variant","MODERATE","HOVITM_105135","223G>A","Asp75Asn","C","T","C/T","C/T","C/C","C/C","C/T","C/T","C/C","C/T","T/T","C/T","T/T","T/T","T/T","C/C","T/T","C/T","(HOVITM_105135,T,missense_variant)",0.75,0.125,0.25,0.875,0.625
"198","scaffold_79",421224,"TTTCTTCTGGATCTTGTTTGA","missense_variant","MODERATE","HOVITM_106516","418C>T","Pro140Ser","G","A","G/A","G/G","G/G","G/G","G/A","G/A","G/A","A/A","A/A","G/G","A/A","A/A","A/A","G/G","G/G","G/A","(HOVITM_106516,A,missense_variant)",0.875,0.25,0.125,0.75,0.625
"199","scaffold_82",495385,"TTTCTCCTGGGGGGTTTGTGG","missense_variant","MODERATE","HOVITM_108340","745C>T","Pro249Ser","G","A","G/G","G/G","G/A","G/G","G/G","G/G","G/A","G/G","A/A","G/A","A/A","G/A","G/A","G/A","G/G","G/A","(HOVITM_108340,A,missense_variant)",0.875,0.25,0.125,0.75,0.625
"200","scaffold_82",495409,"TCTGGGCGGGTTGCCGCTGGG","missense_variant","MODERATE","HOVITM_108340","721C>A","Pro241Thr","G","T","G/G","G/G","G/T","G/G","G/G","G/G","G/T","G/G","T/T","G/T","T/T","G/T","G/T","G/T","G/G","G/T","(HOVITM_108340,T,missense_variant)",0.875,0.25,0.125,0.75,0.625
"201","scaffold_82",514959,"GATGGTCCTGATAGCATGTTC","missense_variant","MODERATE","HOVITM_108341","609C>G","Ile203Met","G","C","G/G","G/G","G/C","G/G","G/G","G/G","G/G","G/G","C/C","G/C","C/C","G/C","G/C","G/C","G/G",".","(HOVITM_108341,C,missense_variant)",0.875,0.25,0.125,0.75,0.625
"202","scaffold_86",155831,"AGGCAGGAAGCTGGAGAGTCT","missense_variant","MODERATE","HOVITM_110777","358G>A","Ala120Thr","G","A","G/G","A|A","G|A","G/G","A|A","A|A","G/G","G/G","A|A","A|A","A|A","A|A",".","G/G",".",".","(HOVITM_110777,A,missense_variant)",0.625,0,0.375,1,0.625
"203","scaffold_86",155840,"GCTGGAGAGTCTTTGTACCCC","missense_variant","MODERATE","HOVITM_110777","367T>C","Ser123Pro","T","C","T/T","C|C","T|C","T/T","C|C","C|C","T/T","T/T","C|C","C|C","C|C","C|C","T|C","T/T",".",".","(HOVITM_110777,C,missense_variant)",0.625,0,0.375,1,0.625
"204","scaffold_96",389281,"CAAATCAGACAACACAATAGA","missense_variant","MODERATE","HOVITM_116470","1794C>G","Asp598Glu","C","G","C/G","G/G","C/G","G/G","C/G","G/G","C/G","C/G","C/C","C/C","C/G","C/C","C/G","C/G","C/G","G/G","(HOVITM_116470,G,missense_variant)",0.25,0.875,0.75,0.125,0.625
"205","scaffold_985",45978,"GTCTTCAGTCTAGAAGATGTT","missense_variant","MODERATE","HOVITM_117846","707G>A","Arg236Lys","C","T","T/T","C/C","T/T","T/T","C/T","C/C","C/T","C/T","C/C","C/C","C/C","C/T","C/C","C/T","C/C","C/C","(HOVITM_117846,T,missense_variant)",0.25,0.875,0.75,0.125,0.625
"206","scaffold_9972",19465,"CTGTTTCTAGTCAGAAGTGTA","missense_variant","MODERATE","HOVITM_118493","1000G>T","Val334Phe","G","T","G/G","G/G","G/G","G/T","G/G","G/G","G/T","G/G","T/T","T/T","G/T","G/T","G/T","G/G","G/G","G/G","(HOVITM_118493,T,missense_variant)",0.875,0.25,0.125,0.75,0.625
"207","scaffold_1037",31804,"GCGTCTCAGGTGGACAGGCGT","missense_variant","MODERATE","HOVITM_002378","130C>T","Pro44Ser","G","A","A/A","G/A","G|A","A/A","G/A","G/A","G/A","G/A","G/G","G/G","G/G","G/A","G/A","G/G","A/A","G/A","(HOVITM_002378,A,missense_variant)",0.25,0.875,0.75,0.125,0.625
"208","scaffold_1047",9685,"TTCCAAACTGAATTCAAAATA","missense_variant","MODERATE","HOVITM_002916","869C>T","Ser290Leu","G","A","A/A","G/A","G/G","A/A","G/G",".","A/A","G/G","G/G","G/G","G/G","G/G","G/A","G/G","G/G","A/A","(HOVITM_002916,A,missense_variant)",0.375,1,0.625,0,0.625
"209","scaffold_10809",18956,"TGATTTCCTTAATGCTAGGTT","missense_variant","MODERATE","HOVITM_004705","317T>C","Leu106Ser","T","C","T|C","C|C","C/C","C|C","T/T","T/C","C/C",".","T/T","T/T","T|C","T|C","T/C","T/C","C|C","T/T","(HOVITM_004705,C,missense_variant)",0.125,0.75,0.875,0.25,0.625
"210","scaffold_1059",142977,"AAGTGCCAGCAGAATTTACAT","missense_variant","MODERATE","HOVITM_003540","335C>A","Ala112Glu","C","A","C/C","C/C","C/C","C/C","C/C","C/C","C/C","C/C","A/A","C/A","A/A","C/C","C/A","C/A","C/C","C/A","(HOVITM_003540,A,missense_variant)",1,0.375,0,0.625,0.625
"211","scaffold_1068",110905,"TTTCTTCTTCACCTCCTCCAC","stop_gained","HIGH","HOVITM_003969","145G>T","Glu49*","C","A","C/C","C/A","C/C","C/C","C/C","C/C","C/C","C/C","A/A","A/A","C/C","A/A","C/C","C/A","C/C","C/C","(HOVITM_003969,A,stop_gained)",0.875,0.25,0.125,0.75,0.625
"212","scaffold_1068",203703,"TTTCCAACCCCTTCTTCTCGC","missense_variant","MODERATE","HOVITM_003975","68G>A","Gly23Glu","C","T","C/T","C/C","C/C","C/C","C/C","C|T","C/C","C/C","T/T","T/T","C/T","C/T","C/C","T/T","C/T","C/C","(HOVITM_003975,T,missense_variant)",0.875,0.25,0.125,0.75,0.625
"213","scaffold_11216",13943,"ACGTAGCCACTGGTAGAGGCC","missense_variant","MODERATE","HOVITM_006693","215G>C","Ser72Thr","C","G","C/G","C/C","G/G","G/G","C/C",".","C/C","C/C","C/C","C/C","C/C","C/C","C/C","C/C",".",".","(HOVITM_006693,G,missense_variant)",0.375,1,0.625,0,0.625
"214","scaffold_11402",23409,"CAAACTCCACTGCTACCTCAA","missense_variant","MODERATE","HOVITM_007510","544G>A","Val182Met","C","T","C/C","C/C","C/C","C/C","C/C","C/C","C|T","C|T","T/T","C/C","C|T","T|T","C/C","C/C","C/C","C/C","(HOVITM_007510,T,missense_variant)",1,0.375,0,0.625,0.625
"215","scaffold_11427",47432,"GAATGACATGGAAGCTGTGTA","missense_variant","MODERATE","HOVITM_007623","669G>A","Met223Ile","G","A","G/G","G/G","G/A","G/G","G/A","A/A","G/A","G/A","G/A","G/A","A/A","A/A","G/A","A/A","G/A","A/A","(HOVITM_007623,A,missense_variant)",0.875,0.25,0.125,0.75,0.625
"216","scaffold_1118",120319,"CAAGTATGATGACCACCACGA","missense_variant","MODERATE","HOVITM_006479","85A>G","Ile29Val","T","C","C/C","T/T","T/C","C/C","T/T","T/T","T/C","T/C","T/T","T/T","T/T","T/T","T/T","T/C","T/C","T/C","(HOVITM_006479,C,missense_variant)",0.375,1,0.625,0,0.625
"217","scaffold_1132",90776,"ATGTAACATTTTTGCTAATGT","missense_variant","MODERATE","HOVITM_007148","48A>C","Lys16Asn","T","G","T/T","T/T","G/G","T/G","G/G","G/G","G/G","T/T","G/G","G/G","G/G","G/G","T/G","T/T","T/G","T/G","(HOVITM_007148,G,missense_variant)",0.625,0,0.375,1,0.625
"218","scaffold_11653",23380,"GTGAAAAACGCAGATGCAGAT","missense_variant","MODERATE","HOVITM_008651","115G>T","Ala39Ser","G","T","G/T","G|T","T/T","T/T","G/T","G/T","T/T","G/T","G/G","G/G","G/T","G/G","G/G","T/T","G/T","G/T","(HOVITM_008651,T,missense_variant)",0.25,0.875,0.75,0.125,0.625
"219","scaffold_1172",215094,"ACCCCTCTTGGGTATCATCCA","missense_variant","MODERATE","HOVITM_008929","1771G>A","Gly591Arg","G","A","A/A","G/A","G/A","G/A","G/G","G/G","G/G","G/G","G/G","G/G","G/G","G/G","G/A","G/G","G/A","G/A","(HOVITM_008929,A,missense_variant)",0.375,1,0.625,0,0.625
"220","scaffold_12149",26487,"CCCAGCTTGCCACTGATCTCA","missense_variant","MODERATE","HOVITM_010922","1688G>A","Gly563Asp","C","T","C/T","C/C","C|C","C/C","C|T","C|T","C|T","C|T","T|T","C|T","T|T","C|T","C|T","C|T","C|T","C|T","(HOVITM_010922,T,missense_variant)",0.875,0.25,0.125,0.75,0.625
"221","scaffold_1231",154742,"GAGGGAGACCTGAAATAGAGG","splice_acceptor_variant&intron_variant","HIGH","HOVITM_011635","1525-1G>A","","C","T","T/T","T/T","T/T","T/T","T/T","C/C","T/T","T/T","C/C","C|T","C/C","T/T","C/T",".","T/T",".","(HOVITM_011635,T,splice_acceptor_variant&intron_variant)",0,0.625,1,0.375,0.625
"222","scaffold_12918",43039,"TTGCCTGCCGCCTGGGCCCAG","missense_variant","MODERATE","HOVITM_014244","176C>A","Ala59Glu","G","T","G/G","G/G","G/T","G/G",".",".","T/T",".","G/G","T/T","T/T","T/T","G/G","G/T","G/G","G/T","(HOVITM_014244,T,missense_variant)",0.875,0.25,0.125,0.75,0.625
"223","scaffold_1276",20420,"AGGAGAAACGAAAAATTAAAG","missense_variant","MODERATE","HOVITM_013595","44G>A","Arg15Gln","G","A","G|A","G|A","A/A","G|A","G/G","G/G","G/G","G/G","G/G","G/G","G/G","G/G","G|A","G/G","G/G","G/G","(HOVITM_013595,A,missense_variant)",0.375,1,0.625,0,0.625
"224","scaffold_1300",160685,"CATTCCAGACATGGATCCTAT","missense_variant","MODERATE","HOVITM_014624","189C>A","Asp63Glu","C","A","C/C","C/C","C/C","C/C","C/C","C/C","C/C","A/A","A/A","C/A","C/C","A/A","C/A","C/C","C/C","C/C","(HOVITM_014624,A,missense_variant)",1,0.375,0,0.625,0.625
"225","scaffold_1300",170790,"CTTGAGAAGGTCAAAGGAGAA","missense_variant","MODERATE","HOVITM_014625","178G>C","Val60Leu","G","C","G/G","G/G","G/G","G/G","G/C","G/C","G/G","C/C","C/C","G/C","G/G","C/C","G/C","G/G","G/C","G/G","(HOVITM_014625,C,missense_variant)",1,0.375,0,0.625,0.625
"226","scaffold_13089",22412,"CCATTCCCAACCACAGAAAAA","missense_variant","MODERATE","HOVITM_014927","298T>A","Leu100Met","A","T","T|T","A|T","A/T","T/T","T|T","A|T","A/A","A/A","A/A","A/A","A/A","A/T","A/A","A/A","A/A","A/A","(HOVITM_014927,T,missense_variant)",0.25,0.875,0.75,0.125,0.625
"227","scaffold_1334",95217,"GTTTAGCGATGTAAAGTCCAT","missense_variant","MODERATE","HOVITM_015960","241A>G","Ile81Val","T","C","T/C","C|C","C|C","C|C","C|C","T/T","T|C","C|C","T/T","T/T","T|C","T|C","T|C","T|C","T|C","C|C","(HOVITM_015960,C,missense_variant)",0.125,0.75,0.875,0.25,0.625
"228","scaffold_1397",201323,"ACAGATGCAATACCGTTGGTT","missense_variant","MODERATE","HOVITM_018494","598A>C","Ile200Leu","A","C","A/A","A/A","A/A","A/A","A/C","C/C","A/A","A/A","A/C","C/C","A/C","A/C","A/A","A/C","A/C","A/A","(HOVITM_018494,C,missense_variant)",1,0.375,0,0.625,0.625
"229","scaffold_1397",206428,"TCTAGTTAGCACCAGCTAATG","missense_variant","MODERATE","HOVITM_018495","598G>C","Ala200Pro","C","G","C/C","C/C","C/C","C/C","C|G","C/G","C/C","C/C","C/G","G/G","C/G","C/G","C/C","C/G","C/G","C/C","(HOVITM_018495,G,missense_variant)",1,0.375,0,0.625,0.625
"230","scaffold_14227",32121,"GCGGGGTAGTAGGAGGGTCTC","missense_variant","MODERATE","HOVITM_019686","521A>T","Tyr174Phe","T","A","T/T","T/T","T/T","T/T","T/T","T/T","T/T","T/T","T/A","T/T","A/A","A/A","T/T","T/T","T/T","T/T","(HOVITM_019686,A,missense_variant)",1,0.375,0,0.625,0.625
"231","scaffold_1409",161853,"ATGGAAGGGCCCCACTAGGCC","missense_variant","MODERATE","HOVITM_019110","85G>A","Ala29Thr","C","T","C/C","C/C","C/C","C/C","C/T","C/C","C/T","C/C","T/T","T/T","C|T","C/C","C/C","C/T","C/C","C|T","(HOVITM_019110,T,missense_variant)",1,0.375,0,0.625,0.625
"232","scaffold_1440",130119,"CTCAAAAGACATTAATTACGT","missense_variant","MODERATE","HOVITM_020323","1534C>A","His512Asn","C","A","A/A","C/C","A/A","C/A","C/A","C/C","C/C","C/C","C/C","C/C","C/C","C/C","C/C","C/C","C/A","C/C","(HOVITM_020323,A,missense_variant)",0.375,1,0.625,0,0.625
"233","scaffold_101",216331,"ATCATATGACACAAACTCTTG","missense_variant","MODERATE","HOVITM_000903","152C>T","Thr51Ile","C","T","C/C","C/T","T/T","T/T","C/C","T/T","C/C","C/T","C/C","C/C","C/C","C/C","C/T","C/C","C/T","C/C","(HOVITM_000903,T,missense_variant)",0.375,1,0.625,0,0.625
"234","scaffold_107",48130,"GCACAGTCATCTCCTGTCCAC","missense_variant","MODERATE","HOVITM_004062","2120A>G","Asp707Gly","T","C","T/T","T/C","T/T","T/C","T/C","T/C","C/C","T/T","C/C","C/C","C/C","T/C","T/T","T/T","C/C","T/T","(HOVITM_004062,C,missense_variant)",0.75,0.125,0.25,0.875,0.625
"235","scaffold_107",119625,"TATTCGCTTTTCCAAGTTGGA","missense_variant","MODERATE","HOVITM_004067","552A>C","Glu184Asp","T","G","G/G","T/G","G/G","G/G","T/T","T/G","T/T","T/G","G/G","T/T","T/T","T/T","G|G","G/G","T/G","T/T","(HOVITM_004067,G,missense_variant)",0.125,0.75,0.875,0.25,0.625
"236","scaffold_108",549601,"GAGTTCGACAAGCGCGATTGT","missense_variant","MODERATE","HOVITM_004668","367T>A","Cys123Ser","A","T","A/T","A/A","A/T","A/A","A/T","T/T","A/A","T/T","T|T","T/T","T/T","A/T","A/T","A/T","T/T","A/T","(HOVITM_004668,T,missense_variant)",0.75,0.125,0.25,0.875,0.625
"237","scaffold_112",588143,"TCACAAGCGTTCATCAAGTCT","missense_variant","MODERATE","HOVITM_006615","71A>T","Asn24Ile","T","A","A/A","T/A","T/A","A/A","T/T","T/T","T/T","A/A","T/T","T/T","T/A","T/T","A/A","T/A","A/A","T/A","(HOVITM_006615,A,missense_variant)",0.25,0.875,0.75,0.125,0.625
"238","scaffold_131",20451,"GCGCCGGGATGGCGTGACAAC","missense_variant","MODERATE","HOVITM_014986","142A>G","Ile48Val","T","C","C/C","C/C","C/C","C/C","C/C","T/C","C/C","C/C","T/C","T/C","T|C","T/T","C/C","T/C","C/C","C/C","(HOVITM_014986,C,missense_variant)",0,0.625,1,0.375,0.625
"239","scaffold_135",398397,"ACGTTATCAGATCAAGTGCCT","missense_variant","MODERATE","HOVITM_016606","3511G>A","Asp1171Asn","G","A","G/G","G/G","G/G","G/A","A/A","G/A","G/G","A/A","A/A","A/A","G/A","G/A","G/G","G/A","G/A","G/G","(HOVITM_016606,A,missense_variant)",0.875,0.25,0.125,0.75,0.625
"240","scaffold_137",388069,"TGGATGTCCGTGAAATGCTGG","missense_variant","MODERATE","HOVITM_017451","1382C>T","Thr461Met","G","A","G/G","G/G","G/G","G/G","G/A","G/A","A/A","G/G","G/A","G/A","A/A","G/A","G/G","G/A","A/A","A/A","(HOVITM_017451,A,missense_variant)",1,0.375,0,0.625,0.625
"241","scaffold_1452",123340,"ACACTGTGTCTGTGTTGTTAT","missense_variant","MODERATE","HOVITM_020791","64G>T","Asp22Tyr","C","A","C/C","C/C","C/C","C/C","A|A","C|A","C|A","C|A","C/A","C|A","C|A","A|A","C/A","A|A","C/A","C/C","(HOVITM_020791,A,missense_variant)",1,0.375,0,0.625,0.625
"242","scaffold_1452",123739,"TATCCTCCTTCTTCAtgatgg","missense_variant","MODERATE","HOVITM_020792","248A>G","Glu83Gly","T","C","T|C","T/T","T/T","T/T","C/C","T/C","T/C","T/C","C/C","T/C","T/C","C/C","T/C","C|C","C/C","T/T","(HOVITM_020792,C,missense_variant)",0.875,0.25,0.125,0.75,0.625
"243","scaffold_1471",143278,"CTGAGTAGGTGATGTAGTCCG","missense_variant","MODERATE","HOVITM_021464","403A>T","Thr135Ser","T","A","T/T","T/A","T/T","T/A","A|A","T/A","T/A","T/A","A/A","A/A","T/A","A/A","A/A","T/A","A/A","T/T","(HOVITM_021464,A,missense_variant)",0.75,0.125,0.25,0.875,0.625
"244","scaffold_1471",167874,"GTAGGTTCTTACACCTGCCCC","missense_variant","MODERATE","HOVITM_021465","82A>C","Lys28Gln","T","G","G/G","T/G","G/G","T/G","T/T","T/T","G/G","T/G","T/T","T/T","T/G","T/T","T/T","T/G","T/G","T/G","(HOVITM_021465,G,missense_variant)",0.25,0.875,0.75,0.125,0.625
"245","scaffold_1480",160944,"GTTGAATGATCAGCTGATCAC","missense_variant","MODERATE","HOVITM_021827","1494T>A","Asp498Glu","T","A","T/T","T/T","T/T","T/T","T/T","T/T","T/T","T/T","A/A","T/T","T/A","A/A","T/T","T/T","T/T","T/T","(HOVITM_021827,A,missense_variant)",1,0.375,0,0.625,0.625
"246","scaffold_1515",216136,"GCAATCAAAGAGTTTAAAGTT","missense_variant","MODERATE","HOVITM_023179","78G>T","Lys26Asn","G","T","G/G","G/G","G/G","G/G","G/G","G/G",".",".","G/G","G/T","T/T","T/T","G/G","G/G","G/G",".","(HOVITM_023179,T,missense_variant)",1,0.375,0,0.625,0.625
"247","scaffold_1531",108789,"ccacttccaccaccaccacta","missense_variant","MODERATE","HOVITM_023780","989G>T","Gly330Val","C","A","C/C","C/C","C/C","C/C","C/C","C/C","A/A","A/A","C/A","C/A","A/A","C/A","C/A","C/A","C/C","C/A","(HOVITM_023780,A,missense_variant)",1,0.375,0,0.625,0.625
"248","scaffold_1541",30622,"CTCTTAAGACCTCATGTCCAT","missense_variant","MODERATE","HOVITM_024189","61C>A","Pro21Thr","C","A","C/C","C/C","C/A","C/C","C/C","C/A","C/C","C/C","A/A","C/A","C/A","A/A","C/A","C/A","A/A","C/C","(HOVITM_024189,A,missense_variant)",0.875,0.25,0.125,0.75,0.625
"249","scaffold_1565",72206,"ACATTTTTGCAACATTTATCA","missense_variant","MODERATE","HOVITM_025121","4466G>A","Cys1489Tyr","C","T","C|T","T|T","T|T","T|T","C|T","T|T","T|T","C|T","T|T","C/C","C/C","C/C","T|T","C|T","C|T","C|T","(HOVITM_025121,T,missense_variant)",0.125,0.75,0.875,0.25,0.625
"250","scaffold_16345",10879,"CTGAGAGGACTGGAGCCGGCC","missense_variant","MODERATE","HOVITM_027731","500G>C","Ser167Thr","C","G","G/G","G/G","G/G","C/G","G/G","C/G","C/C","C/G","C/C","C/G","C/C","C/G","C/C","G/G","C/G","C/G","(HOVITM_027731,G,missense_variant)",0.125,0.75,0.875,0.25,0.625
"251","scaffold_1617",126060,"CCCTTAGACTCTCAACCCTAT","missense_variant","MODERATE","HOVITM_027090","901T>C","Ser301Pro","T","C","T/T","T/T","T/T","T/C","T/T",".","T/T","T/T","C/C","T/T","C/C","C/C","T/T","T/T",".","C/C","(HOVITM_027090,C,missense_variant)",0.875,0.25,0.125,0.75,0.625
"252","scaffold_1618",74621,"GAGGGGGAGCTGTGTCGACAC","missense_variant","MODERATE","HOVITM_027115","261G>T","Gln87His","C","A","C/C","C/C","C/C","C/C","C/C","C/A","C/C","A/A","A/A","A/A","C/A","C/C","A/A","C/A","C/A","C/C","(HOVITM_027115,A,missense_variant)",1,0.375,0,0.625,0.625
"253","scaffold_1669",39286,"AAGGAGCCATTTAAGTTCAGT","missense_variant","MODERATE","HOVITM_028912","3629A>G","Asn1210Ser","T","C","T/T","T/C","T/T","T/T","T/C","C|C","C/C","T/C","C/C","C/C","T/T","C/C","T/C","C/C","T/T","T/T","(HOVITM_028912,C,missense_variant)",0.875,0.25,0.125,0.75,0.625
"254","scaffold_17177",7380,"TGTGTATAACATGAATGGCCA","missense_variant","MODERATE","HOVITM_030692","228C>G","Asn76Lys","C","G","G/G","G|G","C/C","C/G","C/C","C/C",".","C/C","C/C","C/C","C/C","C/C","C/G","G/G","C/C","C/C","(HOVITM_030692,G,missense_variant)",0.375,1,0.625,0,0.625
"255","scaffold_17177",11304,"CGTATTTGAACGCTAACAAGT","missense_variant","MODERATE","HOVITM_030692","545A>G","Asn182Ser","A","G","G/G","G/G","G/G","A/A","A/G","G/G","G/G","A/A","A/G","A/A","A/A","A/A","A/A","A/A","A/A","A/A","(HOVITM_030692,G,missense_variant)",0.25,0.875,0.75,0.125,0.625
"256","scaffold_1724",171651,"CCTGACGCAGACCAGCCGCCC","missense_variant","MODERATE","HOVITM_030944","298C>A","Leu100Met","G","T","G/T","T/T","T/T","G/G","G/T",".","G/G","G/G","G/G","G/G","G/G","G/G","G/G","G/T","G/G","G/T","(HOVITM_030944,T,missense_variant)",0.375,1,0.625,0,0.625
"257","scaffold_1795",70933,"TAAACATAATTTCCTGTTGGG","missense_variant","MODERATE","HOVITM_033300","652A>G","Ile218Val","T","C","T/T","T|C","T/T","T|C","C/C","T/T","T/C","T/C","C/C","C/C","T/C","C/C","C/C","C|C","T|C","C|C","(HOVITM_033300,C,missense_variant)",0.75,0.125,0.25,0.875,0.625
"258","scaffold_18710",12624,"TGGAGAGAGGCTCTCAACATA","missense_variant","MODERATE","HOVITM_035752","401G>A","Gly134Asp","G","A","G/G","G/G","G/G","G/G","G/G","G/G","G/G","G/G","G/A","A/A","A/A","G/G","G/G","G/G","G/G","G/A","(HOVITM_035752,A,missense_variant)",1,0.375,0,0.625,0.625
"259","scaffold_1870",161199,"AGATGTGGGTAAGTCAGATTC","missense_variant","MODERATE","HOVITM_035701","10605A>T","Leu3535Phe","T","A","T/T","T/T","T/T","T/T","A/A","A/A","T/A","T/T","T/T","A|A","T/A","A/A","T/A","T/A","T/A","T/T","(HOVITM_035701,A,missense_variant)",1,0.375,0,0.625,0.625
"260","scaffold_19610",10763,"CTAAACCTGGAGCTTTCTTCC","missense_variant","MODERATE","HOVITM_038512","623C>T","Ser208Phe","G","A","G/G","G/G","G/G","G/G","G/G","G/A","G/G","G/G","A/A","A/A","G/A","G/G","G/G","G/G","G/A","G/G","(HOVITM_038512,A,missense_variant)",1,0.375,0,0.625,0.625
"261","scaffold_19610",13367,"CCAAAGCAGGAATTTGGAGAC","missense_variant","MODERATE","HOVITM_038512","553C>T","Pro185Ser","G","A","G/G","G/G","G/G","G/G","G/G","G/A","G/G","G/G","A|A","A|A","G/A","G/G","G/G","G/G","G/A","G/G","(HOVITM_038512,A,missense_variant)",1,0.375,0,0.625,0.625
"262","scaffold_162",311103,"CTTGGATTAGCAGTAACAGTT","missense_variant","MODERATE","HOVITM_027213","818C>T","Ala273Val","G","A","A/A","G/A","G/A","G/A","A/A","G/A","G/A","G/A","G/G","G/G","G/G","G/G","G/G","G/G","G/G","G/G","(HOVITM_027213,A,missense_variant)",0.375,1,0.625,0,0.625
"263","scaffold_180",236661,"TGATTTTTTCAGTATTTAAAC","missense_variant","MODERATE","HOVITM_033467","361G>A","Glu121Lys","C","T","C/C","C/C","C/C","C/C","C/C","C/C","C/T","C/T","C/T","C/T","T/T","C/T","C/T","C/T","C/C","C/C","(HOVITM_033467,T,missense_variant)",1,0.375,0,0.625,0.625
"264","scaffold_181",93242,"TGAATAAAGTAAAGATGGAAT","missense_variant","MODERATE","HOVITM_033764","326T>C","Val109Ala","T","C","T/T","T/T","T/T","T/T","T/T","T/T","T/C","C/C","T/T","T/C","C/C","C/C","C/C","T/T","T/T","T/C","(HOVITM_033764,C,missense_variant)",1,0.375,0,0.625,0.625
"265","scaffold_181",94395,"aagtgaaaTGCCCACTGCCTC","missense_variant","MODERATE","HOVITM_033764","1479G>A","Met493Ile","G","A","G/G","G/G","G/G","G/G","G/G","G/G","G|A","A|A","G|A","G|A","A|A","G|A","A|A","G/G","G/G","G|A","(HOVITM_033764,A,missense_variant)",1,0.375,0,0.625,0.625
"266","scaffold_185",189838,"CCCATTCCATCATCTTTACCT","missense_variant","MODERATE","HOVITM_034940","1501T>C","Ser501Pro","T","C","T/T","T/T","T|C","T/T","T/T","T/T","T/T","T|C","C|C","C|C","C|C","T/T","T|C","T/T","T|C","T|C","(HOVITM_034940,C,missense_variant)",0.875,0.25,0.125,0.75,0.625
"267","scaffold_185",189841,"ATTCCATCATCTTTACCTTCA","missense_variant","MODERATE","HOVITM_034940","1504T>C","Ser502Pro","T","C","T/T","T/T","T|C","T/T","T/T","T/T","T/T","T|C","C|C","C|C","C|C","T/T","T|C","T/T","T|C","T|C","(HOVITM_034940,C,missense_variant)",0.875,0.25,0.125,0.75,0.625
"268","scaffold_185",190270,"TGCCCAAATGCCACCAACAAT","missense_variant","MODERATE","HOVITM_034940","1933G>A","Ala645Thr","G","A","G/G","G/G","G/A","G/G","G/G","G/G","G/G","G/A","A/A","A/A","A/A","G/G","G/A","G/G","G/A","G/A","(HOVITM_034940,A,missense_variant)",0.875,0.25,0.125,0.75,0.625
"269","scaffold_185",190880,"GACCAGCAGGCTCCAGCTCTG","missense_variant","MODERATE","HOVITM_034940","2287G>A","Ala763Thr","G","A","G/G","G/G","G/A","G/G","G/G","G/G","G/G","G/A","A/A","A/A","A/A","G/G","G/A","G/G","G/A","G|A","(HOVITM_034940,A,missense_variant)",0.875,0.25,0.125,0.75,0.625
"270","scaffold_187",454061,"GAACGCTTTGTCCGGGAGGTA","missense_variant","MODERATE","HOVITM_035690","606C>G","Asp202Glu","G","C","C/C","G/C","C/C","C/C","G/C","G/G","C/C","G/C","G/G","G/C","G/C","G/G","G/C","G/C","G/C","G/G","(HOVITM_035690,C,missense_variant)",0.125,0.75,0.875,0.25,0.625
"271","scaffold_198",279310,"TGTTATAGAGAAGATTCAGAA","missense_variant","MODERATE","HOVITM_039049","274G>A","Glu92Lys","G","A","G/G","G/A","G/G","G/A","A/A","G/A","G/A","G/A","A/A","A|A","A/A","G/A","G/A","G/A","G/A","A/A","(HOVITM_039049,A,missense_variant)",0.75,0.125,0.25,0.875,0.625
"272","scaffold_1992",15365,"AGTGTTTTGAATAATAAGTTG","missense_variant","MODERATE","HOVITM_039414","43A>G","Asn15Asp","A","G","G|G","A/A","A/A","A|G","A/A","G/G","G|G","A/A","G|G","G/G","G|G","G|G","A|G","G|G","A/A","A|G","(HOVITM_039414,G,missense_variant)",0.625,0,0.375,1,0.625
"273","scaffold_20486",14106,"TATGTCAGCGTTGTTGATTGC","missense_variant","MODERATE","HOVITM_041088","1681G>A","Val561Ile","G","A","G|A","A|A","G|A","G|A","G|A","G|A","G/A","G|A","G/G","G/G","G/G","G/G","G|A","G/G","A|A","G/G","(HOVITM_041088,A,missense_variant)",0.375,1,0.625,0,0.625
"274","scaffold_2071",120655,"GACATGTCGACACCAGTCGCA","missense_variant","MODERATE","HOVITM_041751","13T>C","Ser5Pro","A","G","A/G","A/A","A/A","A/A","A/A","A/A","A/A","A/A","G/G","G/G","A/A","G/G","A/A","A/A","A/G","A/G","(HOVITM_041751,G,missense_variant)",0.875,0.25,0.125,0.75,0.625
"275","scaffold_2071",175700,"CATCGAGTGTTTTAAACAGTA","missense_variant","MODERATE","HOVITM_041756","68T>G","Val23Gly","T","G","T/T","T/T","T/T","T/T","T/T","T/G","T/T","T/T","G/G","G/G","T/T","T/G","T/T","T/G","T/T","G/G","(HOVITM_041756,G,missense_variant)",1,0.375,0,0.625,0.625
"276","scaffold_2099",159813,"TATTCACATGGTGCTCCTGGA","missense_variant","MODERATE","HOVITM_042467","1088C>T","Pro363Leu","G","A","A/A","G/A","G/A","A/A","G/G","G/G","G/G","G/A","G/G","G/G","G/A","G/G","G/G","G/A","G/G","A/A","(HOVITM_042467,A,missense_variant)",0.25,0.875,0.75,0.125,0.625
"277","scaffold_2130",105503,"GCCTCAAGGTAACCGAAATTT","splice_donor_variant&intron_variant","HIGH","HOVITM_043301","135+2T>C","","T","C","T/T","T/T","T/T","T/T","C|C","T/C","T/T",".","T|C","C|C","T|C","T/C","T/T","T/C","T/C","T|C","(HOVITM_043301,C,splice_donor_variant&intron_variant)",1,0.375,0,0.625,0.625
"278","scaffold_2263",73322,"AAGTTGCATCTACAGAAAATG","missense_variant","MODERATE","HOVITM_046628","1553C>G","Ser518Cys","C","G","C/C","C/G","C/C","C/C","C/C","C/C","C/G","C/C","C/G","C/G","G/G","G/G","C/G","C/C","C/G","C/G","(HOVITM_046628,G,missense_variant)",0.875,0.25,0.125,0.75,0.625
"279","scaffold_2330",101848,"AAATCATTACAAACGAAATTA","missense_variant","MODERATE","HOVITM_048264","356G>C","Cys119Ser","C","G","C/C","C|G","C/C","C/C","C/C","C/G","C|G","C/C","G|G","C|G","G|G","C|G","C|G","C|G","C/C","C|G","(HOVITM_048264,G,missense_variant)",0.875,0.25,0.125,0.75,0.625
"280","scaffold_2352",154383,"AGTAACATCACTACAGTGACG","missense_variant","MODERATE","HOVITM_048789","115A>T","Thr39Ser","A","T","A/A","A/A","A/A","A/A","A/T","A/A","A/A","A/T","T/T","A/T","A/A","T/T","A/T","T/T","A/T","T/T","(HOVITM_048789,T,missense_variant)",1,0.375,0,0.625,0.625
"281","scaffold_2359",124156,"TGGGTGAGACCACTGCTCATG","missense_variant","MODERATE","HOVITM_048894","131C>T","Thr44Ile","C","T","T/T","C/C","T/T","C/T","C/C","C/C","C/C","C/C","C/C","C/C","C/C","C/C","C/C","C/C","C/C","C/C","(HOVITM_048894,T,missense_variant)",0.375,1,0.625,0,0.625
"282","scaffold_2422",45989,"CATTCAAAAGCTGGCTCTCTT","missense_variant","MODERATE","HOVITM_050245","758G>A","Ser253Asn","G","A","A/A","A/A","A/A","A/A","G/A","G/G","G/G","G/G","G/G","G/A","G/G","A/A","G/A","A/A",".","G/G","(HOVITM_050245,A,missense_variant)",0,0.625,1,0.375,0.625
"283","scaffold_214",78688,"CAGTCTTAACTTCAGGTTTAG","missense_variant","MODERATE","HOVITM_043521","994G>A","Val332Ile","C","T","C/T","T/T","C/C","T/T","C/T","T/T","C/C","C/C","C/C","C/C","C/C","C/C","C/C","C/C","C/C","C/C","(HOVITM_043521,T,missense_variant)",0.375,1,0.625,0,0.625
"284","scaffold_214",78784,"AATGCATAATGCTCATATCAT","missense_variant","MODERATE","HOVITM_043521","898A>T","Ile300Phe","T","A","T/A","A/A","T/T","A|A","T/A","A|A","T/T","T/T","T/T","T/T","T/T","T/T","T/T","T/T","T/T","T/T","(HOVITM_043521,A,missense_variant)",0.375,1,0.625,0,0.625
"285","scaffold_214",78814,"CCAAATCATGACTTTCAGGCT","missense_variant","MODERATE","HOVITM_043521","868C>A","His290Asn","G","T","G/T","T/T","G/G","T|T","G/T","T|T","G/G","G/G","G/G","G/G","G/G","G/G","G/G","G/G","G/G","G/G","(HOVITM_043521,T,missense_variant)",0.375,1,0.625,0,0.625
"286","scaffold_215",29273,"CCTCTTCTCCAGCGATTCCGA","missense_variant","MODERATE","HOVITM_043775","415G>C","Gly139Arg","C","G","C/G","C/G","G/G","C/G","C/C","C/C","C/C","C/C","C/C","C/C","C/C","C/C","C/C","C/C","C/C","C/C","(HOVITM_043775,G,missense_variant)",0.375,1,0.625,0,0.625
"287","scaffold_215",34066,"TCAACCCCAAGGTCATCAGCA","missense_variant","MODERATE","HOVITM_043775","139T>A","Leu47Met","A","T","A/T","A/T","T/T","A/T","A/A","A/A","A/A","A/T","A/A","A/A","A/A","A/A","A/A","T/T","A/A","A/A","(HOVITM_043775,T,missense_variant)",0.375,1,0.625,0,0.625
"288","scaffold_2483",81862,"TGGTCGGGTGAGTCGTGAAGC","missense_variant","MODERATE","HOVITM_051426","877C>A","His293Asn","G","T","G/G","G/G","G/G","G/G","G/G","G/T","G/G","G/G","G/T","G/T","T/T","G/T","G/G","G/G","G/T","G/G","(HOVITM_051426,T,missense_variant)",1,0.375,0,0.625,0.625
"289","scaffold_2483",137251,"TGTACTTCTGACTGATTTAGT","missense_variant","MODERATE","HOVITM_051429","50C>T","Ser17Leu","G","A","A/A","A/A","A/A","G/G","G/G","G/G","G/G","G/G","G/G","G/A","G/G","G/G","G/A","G/A","G/G","G/A","(HOVITM_051429,A,missense_variant)",0.25,0.875,0.75,0.125,0.625
"290","scaffold_2506",103745,"TGGATGATGACAATGATGAAA","missense_variant","MODERATE","HOVITM_051930","11A>G","Asp4Gly","A","G","G/G","G/G","A/G","A/G","G/G","G/G","G/G","G/G","A/A","A/A","A|G","A/A","A/A","A/G","A/G","G|G","(HOVITM_051930,G,missense_variant)",0.25,0.875,0.75,0.125,0.625
"291","scaffold_2568",38652,"GAATCAGCTGCATTCTTGCTG","missense_variant","MODERATE","HOVITM_053059","53C>T","Ala18Val","G","A","G/G","G/A","G/G","G/A","G/G","G/G","G|A","G/A","A/A","G/A","A/A","A/A","G/A","G/A","A/A","A/A","(HOVITM_053059,A,missense_variant)",0.75,0.125,0.25,0.875,0.625
"292","scaffold_2575",18755,"GCTCCATCAATGTTGTCAATT","missense_variant","MODERATE","HOVITM_053217","215A>G","Asn72Ser","A","G","A/G","A/A","A/G","A/A","A/A","A/A","A/A","A/A","G/G","A/G","G/G","G/G","A/G","A/G","G/G","A/G","(HOVITM_053217,G,missense_variant)",0.75,0.125,0.25,0.875,0.625
"293","scaffold_2575",19167,"GACTATGATAGACATCGACGT","missense_variant","MODERATE","HOVITM_053217","627A>G","Ile209Met","A","G","A/G","A/A","A/G","A/A","A/A","A/A","A/A","A/A","G/G","A/G","G/G","G/G","A/G","A/G","G/G","A/G","(HOVITM_053217,G,missense_variant)",0.75,0.125,0.25,0.875,0.625
"294","scaffold_2609",86711,"AGTGGAGAGACGAAGGCGGTA","missense_variant","MODERATE","HOVITM_053840","169A>G","Thr57Ala","A","G","G|G","G|G","G|G","G/G","A/A","G/G","A/G","A/G","A/A","A/G","A/A","G|G","A/G","A/G","G/G","A/G","(HOVITM_053840,G,missense_variant)",0,0.625,1,0.375,0.625
"295","scaffold_2740",83283,"AAGACTTTTGAAAATGTTATT","missense_variant","MODERATE","HOVITM_056220","538G>A","Glu180Lys","G","A","G/G","G/G","G/G","G/G","G/G","G/G","G/G","A|A","G|A","A|A","G/G","A|A","G/G","G/G","G/G","G/G","(HOVITM_056220,A,missense_variant)",1,0.375,0,0.625,0.625
"296","scaffold_2740",83293,"AAAATGTTATTGACTTCTTGG","missense_variant","MODERATE","HOVITM_056220","548T>A","Ile183Asn","T","A","T/T","T/T","T/T","T/T","T/T","T/T","T/T","A|A","T|A","A|A","T/T","A|A","T/T","T/T","T/T","T/T","(HOVITM_056220,A,missense_variant)",1,0.375,0,0.625,0.625
"297","scaffold_2740",91102,"CGGCAAAAAGAGATGTGACGT","missense_variant","MODERATE","HOVITM_056221","584G>A","Arg195Lys","G","A","A|A","A/A","A/A","A|A","A/A","G/A","A|A","G/G","G/A","G/G","A/A","G/G","G/G","G/A","G/A","G/A","(HOVITM_056221,A,missense_variant)",0,0.625,1,0.375,0.625
"298","scaffold_2748",64862,"CAAGAGACTGATTCTGGGCTT","missense_variant","MODERATE","HOVITM_056372","541C>G","Gln181Glu","G","C","G/G","G/G","G|G","G/C","G/G","G|C","G/G","G/G","C|C","C|C","G/G","C|C","C|C","G/C","G/G","C|C","(HOVITM_056372,C,missense_variant)",0.875,0.25,0.125,0.75,0.625
"299","scaffold_2748",90814,"TGACGTTGAGAATGAATTCTA","missense_variant","MODERATE","HOVITM_056373","132G>C","Glu44Asp","G","C","C/C","G/C","G/C","G/C","C/C","G/C","C/C","C/C","G/G","G/G","G/G","G/G","G/C","G/C","G/C","G/G","(HOVITM_056373,C,missense_variant)",0.375,1,0.625,0,0.625
"300","scaffold_2797",150122,"CAGACTCTGCCTCAAAGTGAG","missense_variant","MODERATE","HOVITM_057177","100G>T","Ala34Ser","C","A","C/C","C/A","C/C","C/C","C/A","C/C","C/A","A/A","C/A","C/A","A/A","A/A","A/A","A/A","C/A","C/C","(HOVITM_057177,A,missense_variant)",0.875,0.25,0.125,0.75,0.625
"301","scaffold_2867",10145,"CGGTGGTGACAGCCGCTGGAA","missense_variant","MODERATE","HOVITM_058303","160G>A","Val54Ile","C","T","C/C","C/C","C/C","C/C","C/T","C/T","C/T","C/C","T/T","T/T","C/C","C/T","C/T","C/T","C/C","C/C","(HOVITM_058303,T,missense_variant)",1,0.375,0,0.625,0.625
"302","scaffold_255",195070,"GGAAGACAGTTTTTTTCAGAT","missense_variant","MODERATE","HOVITM_052738","791A>C","Asn264Thr","T","G","T/T","T/T","T|G","T/T",".","T|G","T/T",".","G|G","G|G","G|G","T/T","T|G","G|G","T/T","T|G","(HOVITM_052738,G,missense_variant)",0.875,0.25,0.125,0.75,0.625
"303","scaffold_255",195071,"GAAGACAGTTTTTTTCAGATG","missense_variant","MODERATE","HOVITM_052738","790A>C","Asn264His","T","G","T/T","T/T","T|G","T/T",".","T|G","T/T",".","G|G","G|G","G|G","T/T","T|G","G|G","T/T","T|G","(HOVITM_052738,G,missense_variant)",0.875,0.25,0.125,0.75,0.625
"304","scaffold_295",126567,"GAAGAGGGGTTCCAATTGCTG","missense_variant","MODERATE","HOVITM_059659","2237T>C","Val746Ala","T","C","T/T","T/C","T/C","T/C","T/C","T/C","T/T","T/C","C/C","C/C","C/C","C/C","C/C","C/C","C/C","C/C","(HOVITM_059659,C,missense_variant)",0.625,0,0.375,1,0.625
"305","scaffold_295",220202,"CCAGAGACCGCTGTGATTGAA","missense_variant","MODERATE","HOVITM_059666","2050G>A","Ala684Thr","G","A","G/G","G/G","G/G","G/G","G/G","G/G","G/G","G/G","A/A","G/A","G/G","A/A","A/A","G/G",".","G/G","(HOVITM_059666,A,missense_variant)",1,0.375,0,0.625,0.625
"306","scaffold_300",151659,"CCAGTTGGAGTTGCAGGTGTC","missense_variant","MODERATE","HOVITM_060842","5154G>T","Glu1718Asp","G","T","G/T","G/T","G/G","G/G","T/T","G/T","G/T","T/T","T/T","G/T","T/T","T/T","G/T","G/G","G/T","T/T","(HOVITM_060842,T,missense_variant)",0.75,0.125,0.25,0.875,0.625
"307","scaffold_2974",145493,"CGGGTTATCCCTGAGTGTGCT","missense_variant","MODERATE","HOVITM_060055","223G>A","Gly75Arg","C","T","C/C","C/T","C/C","C/T","T/T","C/T","T/T",".","T/T","T/T","C/T","T/T","C/C","C/T","C/C","C/C","(HOVITM_060055,T,missense_variant)",0.75,0.125,0.25,0.875,0.625
"308","scaffold_3216",133127,"AAAGGTCTGTTCTTGTCAGTG","missense_variant","MODERATE","HOVITM_063923","484A>G","Thr162Ala","T","C","T/C","C/C","C/C","C/C","C/C","T/T",".","T/C","T/T","T/C","T/C","T/T","T/C","T/C","T/T","C/C","(HOVITM_063923,C,missense_variant)",0.125,0.75,0.875,0.25,0.625
"309","scaffold_3220",36516,"AACCCTTCAGTTGAGAGACCA","missense_variant","MODERATE","HOVITM_064001","166G>A","Val56Ile","G","A","A/A","G/A","G/A","A/A","G/A","G/A","G/G","G/G","G/A","G/G","G/G","G/G","G/G","A/A","A/A","G/A","(HOVITM_064001,A,missense_variant)",0.25,0.875,0.75,0.125,0.625
"310","scaffold_3220",48094,"GAGAAACAACCACAATCTCCA","missense_variant","MODERATE","HOVITM_064001","1252C>A","Pro418Thr","C","A","A/A","C/A","C/A","A/A","C/C","C/A","C/C","C/C","C/A","C/C","C/C","C/C","C/C","A/A","A/A","C/A","(HOVITM_064001,A,missense_variant)",0.25,0.875,0.75,0.125,0.625
"311","scaffold_3243",98031,"ATGTTTTATGTTGATCTATAT","missense_variant","MODERATE","HOVITM_064330","670C>A","His224Asn","G","T","G/T","G/G","G/T","G/G","G|T","T/T","T/T","T/T","T/T","T/T","T/T","G/T","T/T","T/T","T/T","T/T","(HOVITM_064330,T,missense_variant)",0.75,0.125,0.25,0.875,0.625
"312","scaffold_3267",63354,"CGTTGAATTCCGTTGAAAATT","missense_variant","MODERATE","HOVITM_064683","3389C>T","Ser1130Phe","C","T","C/C","C/C","C/C","C/C","C/C","C/C","C/C","C/C","T|T","T|T","C|T","C/C","C/C","C/C","C|T","C/C","(HOVITM_064683,T,missense_variant)",1,0.375,0,0.625,0.625
"313","scaffold_3267",64071,"GTAAACCGATACATGatcaaa","missense_variant","MODERATE","HOVITM_064683","4106T>G","Ile1369Arg","T","G","T/T","T/T","T/T","T/T","T/T","T/T","T/T","T/T","G/G","G/G","T/G","T/T","T/T","T/T","T/G","T/T","(HOVITM_064683,G,missense_variant)",1,0.375,0,0.625,0.625
"314","scaffold_3267",64402,"ATACGAACAAAGTGAGGACTC","missense_variant","MODERATE","HOVITM_064683","4437A>C","Gln1479His","A","C","A/A","A/A","A/A","A/A","A/A","A/A","A/A","A/A","C/C","C/C","A/C","A/A","A/A","A/A","A/C","A/A","(HOVITM_064683,C,missense_variant)",1,0.375,0,0.625,0.625
"315","scaffold_3267",64584,"AATCATACGTACCGTCTCCat","missense_variant","MODERATE","HOVITM_064683","4619T>C","Val1540Ala","T","C","T/T","T/T","T/T","T/T","T/T","T/T","T/T","T/T","C/C","C/C","T/C","T/T","T/T","T/T","T/C","T/T","(HOVITM_064683,C,missense_variant)",1,0.375,0,0.625,0.625
"316","scaffold_3267",66068,"CAGAATGATGATCTTGAACAG","missense_variant","MODERATE","HOVITM_064683","6103G>A","Asp2035Asn","G","A","G/G","G/G","G/G","G/G","G/G","G/G","G/G","G/G","A/A","A/A","G/A","G/G","G/G","G/G","G/A","G/G","(HOVITM_064683,A,missense_variant)",1,0.375,0,0.625,0.625
"317","scaffold_3267",66192,"CACCATGTCCACAAAGAAGCT","missense_variant","MODERATE","HOVITM_064683","6227C>T","Pro2076Leu","C","T","C/C","C/C","C/C","C/C","C/C","C/C","C/C","C/C","T/T","T/T","C/T","C/C","C/C","C/C","C/T","C/C","(HOVITM_064683,T,missense_variant)",1,0.375,0,0.625,0.625
"318","scaffold_3293",110468,"ATGACGGGAGAGGTTACTACT","missense_variant","MODERATE","HOVITM_065067","296G>A","Arg99Lys","G","A","G/G","G/A","G/G","G/A","G/A","G|A","G|A","G|A","A/A","A/A","G/A","A/A","A/A","A/A","G|A","A/A","(HOVITM_065067,A,missense_variant)",0.75,0.125,0.25,0.875,0.625
"319","scaffold_3293",110494,"GAGACGTTCACTACTGACAGC","missense_variant","MODERATE","HOVITM_065067","322A>T","Thr108Ser","A","T","A/A","A|T","A/A","A|T","A|T","A|T","A|T","A|T","T|T","T|T","A|T","T|T","T|T","T|T","A|T","T|T","(HOVITM_065067,T,missense_variant)",0.75,0.125,0.25,0.875,0.625
"320","scaffold_3358",119122,"CCGATTTCTCTGGATGTCCTA","missense_variant","MODERATE","HOVITM_065902","475C>G","Leu159Val","C","G","G/G","C|G","G|G","G/G","G/G",".","G/G","C/G","C/C","C/G","C/G","C/C","C/G","C|G",".","C/G","(HOVITM_065902,G,missense_variant)",0.125,0.75,0.875,0.25,0.625
"321","scaffold_3358",124346,"CTGCCTGTCTTTGTAACGTGT","missense_variant","MODERATE","HOVITM_065902","961T>A","Phe321Ile","T","A","T/T","T/T","A/A","T/A",".","T/T","T/A","T/T","A/A","A/A","A/A","A/A","T/T","T/A","A/A","T/T","(HOVITM_065902,A,missense_variant)",0.625,0,0.375,1,0.625
"322","scaffold_305",353780,"CCATCCTACGGACCATCAGTC","missense_variant","MODERATE","HOVITM_061586","494G>A","Arg165Gln","G","A","G/G","G/A","G/G","G/G","G|A","G|A","A|A","G/A","G|A","G|A","A|A","A|A","G/G","G|A","G/G","G/G","(HOVITM_061586,A,missense_variant)",0.875,0.25,0.125,0.75,0.625
"323","scaffold_322",374529,"TGGCTGAAGTATGGTAACTTC","missense_variant","MODERATE","HOVITM_063996","2184A>G","Ile728Met","T","C","C/C","T/C","C/C","C/C","C/C","T/T","T/C",".","T/T","T/C","T/T","T/C",".","C/C","T/C","T/C","(HOVITM_063996,C,missense_variant)",0.125,0.75,0.875,0.25,0.625
"324","scaffold_322",374794,"CTTGTGGTTTTTTGTCTGTTT","missense_variant","MODERATE","HOVITM_063996","2092A>C","Lys698Gln","T","G","G/G","T/G","G/G","G/G","G/G","T/T","T/G",".","T/T","T/G","T/G","T/T","G/G","G/G","T/G","G/G","(HOVITM_063996,G,missense_variant)",0.125,0.75,0.875,0.25,0.625
"325","scaffold_322",391462,"GGGAGCATCTAATTGCCACTC","missense_variant","MODERATE","HOVITM_063996","228A>T","Leu76Phe","T","A","T/T","T/A","T/T","T/T","T/T","A/A","A/A","T/T","T/A","A/A","T/A","A/A","T/T","T/T","T/A","T/T","(HOVITM_063996,A,missense_variant)",0.875,0.25,0.125,0.75,0.625
"326","scaffold_333",297570,"CCAACAGAGGCTCGCACAATA","missense_variant","MODERATE","HOVITM_065600","292C>T","Pro98Ser","G","A","G/A","G/G","G/G","G/A","G/A","G/G","G/G","G/G","A/A","G/A","A/A","A/A","G/A","G/G","G/G","G/G","(HOVITM_065600,A,missense_variant)",0.75,0.125,0.25,0.875,0.625
"327","scaffold_334",21041,"ACGATAATACAGAAATTGATC","missense_variant","MODERATE","HOVITM_065681","1532C>A","Thr511Lys","C","A","A/A","A/A","C/A","A|A","C/A",".","C/A","C/C","C/C","C/C","A/A","C/C","A/A","C/C","C/A","A/A","(HOVITM_065681,A,missense_variant)",0.125,0.75,0.875,0.25,0.625
"328","scaffold_3488",17337,"CAAGGGTGAGTAGCCTCCCCC","missense_variant","MODERATE","HOVITM_067548","1331C>T","Thr444Ile","G","A","G/G","G/G","G/G","G/G","G/G","G/G","G/G","G/G","G/A","G/G","A/A","A/A","G/G","G/G","G/G","G/G","(HOVITM_067548,A,missense_variant)",1,0.375,0,0.625,0.625
"329","scaffold_3508",103740,"AACGAAACCCTTATTAAGTTC","missense_variant","MODERATE","HOVITM_067853","433C>A","Leu145Ile","C","A","A|A","A/A","C/A","A|A","C/C","C/A","C/C","C/C","C|A","C/C","C|A","C/C","C/A","C|A","C|A","C/A","(HOVITM_067853,A,missense_variant)",0.125,0.75,0.875,0.25,0.625
"330","scaffold_3574",73150,"AGCAGGCGGATGTATGTAGTT","missense_variant","MODERATE","HOVITM_068535","105T>A","His35Gln","A","T","A/A","A/T","A/A","A/A","T/T","A/T","A/A","A/T","T/T","A/A","T/T","T/T","A/A","A/T","T/T","A/T","(HOVITM_068535,T,missense_variant)",0.875,0.25,0.125,0.75,0.625
"331","scaffold_3593",27680,"CAATAGCAATATTTAGTTTCG","missense_variant","MODERATE","HOVITM_068749","997A>G","Ile333Val","T","C","T/C","C/C","T/C","T/C","T/T","T/C","T/T","T/C","T/T","T/T","T/T","T/T","T/T","T/C","T/C","T/C","(HOVITM_068749,C,missense_variant)",0.375,1,0.625,0,0.625
"332","scaffold_3593",96700,"TGGAGTACGCAGGAGCCGGCG","missense_variant","MODERATE","HOVITM_068756","2449G>A","Ala817Thr","C","T","T/T","T/T","T/T","C/T","T/T","C/C",".","C/T","C/C","C/T","C/C","C/T","T/T","C/T","C/T","C/C","(HOVITM_068756,T,missense_variant)",0.125,0.75,0.875,0.25,0.625
"333","scaffold_3723",23800,"TTTGCTGTGGTTCTTCTACTG","missense_variant","MODERATE","HOVITM_070443","592C>A","Pro198Thr","G","T","G|T","T|T","G|T","T|T","T|T","T|T","G|T","T|T","G/G","G|T","G/G","G/G","G|T","T|T","G/G","T|T","(HOVITM_070443,T,missense_variant)",0.25,0.875,0.75,0.125,0.625
"334","scaffold_3806",14580,"TAATGCTGGATGGTCTGAGTC","missense_variant","MODERATE","HOVITM_071434","1013T>A","Ile338Asn","A","T","T/T","A/A","T/T","T/T","A/T","A/A","A/A","T/T","A/T","A/A","A/A","A/A","A/T","T/T","T/T","A/T","(HOVITM_071434,T,missense_variant)",0.25,0.875,0.75,0.125,0.625
"335","scaffold_3945",101198,"AAAATTGAAATTTTAGCTACT","missense_variant","MODERATE","HOVITM_073034","2833A>G","Ile945Val","A","G","G/G","G/G","G/G","G/G","G/G","G/G","A/A","A|G","A/G","G/G","A/A","A/A","A/A","A/A","G/G","G/G","(HOVITM_073034,G,missense_variant)",0,0.625,1,0.375,0.625
"336","scaffold_3945",101856,"AATCAGGTGGGAAATTTTATT","missense_variant","MODERATE","HOVITM_073034","3491G>A","Gly1164Glu","G","A","G|A","G/A","A|A","G/A","A|A","G/G","G/G","G/G","G/G","G/G","G/G","G/G","G/G","G/G","G/A","G/G","(HOVITM_073034,A,missense_variant)",0.375,1,0.625,0,0.625
"337","scaffold_3945",102453,"AACATGACCGGAAAAACACCT","missense_variant","MODERATE","HOVITM_073034","4088G>A","Arg1363Gln","G","A","G/A","G/A","A/A","G/A","G/A","G/G","G/G","G/G","G/G","G/G","G/G","G/G","G/G","G/G","G/A","G/G","(HOVITM_073034,A,missense_variant)",0.375,1,0.625,0,0.625
"338","scaffold_3945",103227,"CAGCTCAGGTGATGGTGGCGG","missense_variant","MODERATE","HOVITM_073034","4862T>C","Val1621Ala","T","C","C/C","C/C","C/C","C/C","C/C","C/C","T/T","T/C","T/C","C/C","T/T","T/T","T/T","T/T","C/C","C/C","(HOVITM_073034,C,missense_variant)",0,0.625,1,0.375,0.625
"339","scaffold_369",266525,"TTTTCTGTTAGGTTGTTTTTT","missense_variant","MODERATE","HOVITM_070002","785T>C","Leu262Pro","A","G","A/A","G|G","A/A","A/A","A/A","A/A","A|G","A/A","A/G","G/G","G/G","G/G","G|G","G|G","A/A","A/A","(HOVITM_070002,G,missense_variant)",0.75,0.125,0.25,0.875,0.625
"340","scaffold_369",287939,"TGGGTTGTTATTTAGAGGTGA","missense_variant","MODERATE","HOVITM_070003","657T>A","Asn219Lys","A","T","A/A","T/T","A/A","A/A","A/A","A/A","A/T","A/A","A/T","T/T","T/T","T/T","T/T","T/T","A/A","A/A","(HOVITM_070003,T,missense_variant)",0.75,0.125,0.25,0.875,0.625
"341","scaffold_3964",16562,"ATCTGTCAGTTGAATTCTGGG","missense_variant","MODERATE","HOVITM_073249","73A>T","Thr25Ser","T","A","T/A","T/T","T/T","T/T","A/A","T|A","A/A","T/A","T|A","T|A","A/A","A/A","A/A","A/A","T/T","A/A","(HOVITM_073249,A,missense_variant)",0.875,0.25,0.125,0.75,0.625
