"","X.1","X","CHROM","POS","FLANKING","TYPE","IMPACT","GENE","CHANGEDNA","CHANGEPEP","REF","ALT","A.1","A.2","A.3","A.4","B.1","B.2","B.3","B.4","C.1","C.2","C.3","C.4","D.1","D.2","D.3","D.4","ANN","FreqDiff_Susceptible_AB_vs_Resistant_CD","FreqDiff_Tulare_Susceptible_A_vs_GeneralBeale_Resistant_C","FreqDiff_Tulare_Susceptible_A_vs_Tulare_Resistant_D","FreqDiff_Temecula_Susceptible_B_vs_GeneralBeale_Resistant_C","FreqDiff_Temecula_Susceptible_B_vs_Tulare_Resistant_D","TranscriptID","Feature","Start","Stop","Strand","Name","Product","PFAM","Secreted","Membrane","PFAM.annot","B.REF.freq","D.REF.freq","B.ALT.freq","D.ALT.freq"
"1",2302,13939,"scaffold_1338",48642,"GCTTCCCCGTTCAGCCTCAAG","missense_variant","MODERATE","HOVITM_016113","1246T>C","Phe416Leu","T","C","T|C","T|C","T/T","T/T","T/T","C/C","C/C","C|C","T|C","C/C","T/T","T|C","T/T","T/T","T/T","T/T","(HOVITM_016113,C,missense_variant)",0.25,0.25,0.25,0.25,0.75,"HOVITM_016113-T1","mRNA",32616,51806,"+","","hypothetical protein","PF00067","","1 (o28-47i)","p450",0.25,1,0.75,0
"2",4761,13926,"scaffold_1338",37470,"TGTACAACTGCTTCCCCGGTG","missense_variant","MODERATE","HOVITM_016113","266G>A","Cys89Tyr","G","A","G/A","G/A","G/G","G/A","G/G","G/G","G/A","G/G","G/A","G/A","G/A","G/A","G|A","G/A","G|A","G/G","(HOVITM_016113,A,missense_variant)",0.1875,0.125,NA,0.375,0.25,"HOVITM_016113-T1","mRNA",32616,51806,"+","","hypothetical protein","PF00067","","1 (o28-47i)","p450",0.875,0.625,0.125,0.375
"3",4762,13934,"scaffold_1338",42486,"AGTGGGACAGTGAGGACGACT","missense_variant","MODERATE","HOVITM_016113","935G>A","Ser312Asn","G","A","A/A","A/A","G/G","G/A","G/G","A/A","A/A","A/A","G/A","A/A","G/A","G/A","G|A","G/A","G/A","G/G","(HOVITM_016113,A,missense_variant)",0.1875,NA,0.25,0.125,0.375,"HOVITM_016113-T1","mRNA",32616,51806,"+","","hypothetical protein","PF00067","","1 (o28-47i)","p450",0.25,0.625,0.75,0.375
"4",4763,13943,"scaffold_1338",51739,"TCGATCCCACGTCCTTCCCCC","missense_variant","MODERATE","HOVITM_016113","1571C>T","Thr524Met","C","T","C|T","C|T","T|T","C/C","T|T","T|T","T|T","T|T","T|T","T|T","C/C","C|T","C|T","C|T","C|T","C|T","(HOVITM_016113,T,missense_variant)",0.1875,0.125,NA,0.375,0.5,"HOVITM_016113-T1","mRNA",32616,51806,"+","","hypothetical protein","PF00067","","1 (o28-47i)","p450",0,0.5,1,0.5
"5",9601,13931,"scaffold_1338",42209,"AAGAACGCAGAAAGCGCGGAG","missense_variant","MODERATE","HOVITM_016113","658G>C","Glu220Gln","G","C","C/C","C/C","C/C","G/C","C/C","C/C","C/C","C/C","C/C","C/C","G/C","G/C","C/C","C/C","C/C","G/C","(HOVITM_016113,C,missense_variant)",0.125,0.125,NA,0.25,0.125,"HOVITM_016113-T1","mRNA",32616,51806,"+","","hypothetical protein","PF00067","","1 (o28-47i)","p450",0,0.125,1,0.875
"6",9602,13937,"scaffold_1338",46718,"AGGCGAGGGCCGTGCAGGAAG","missense_variant","MODERATE","HOVITM_016113","1124C>T","Ala375Val","C","T","C/T","C/T","C/C","C/C","C/C","T/T","C/T","T/T","C/T","T/T","C/C","C/T","C/T","C/C","C/C","C/C","(HOVITM_016113,T,missense_variant)",0.125,0.25,0.125,0.125,0.5,"HOVITM_016113-T1","mRNA",32616,51806,"+","","hypothetical protein","PF00067","","1 (o28-47i)","p450",0.375,0.875,0.625,0.125
"7",9603,13940,"scaffold_1338",48715,"GCACTATAGCTTTAATACCGG","missense_variant","MODERATE","HOVITM_016113","1319C>T","Ala440Val","C","T","T/T","T/T","T/T","C/T","T/T","T/T","T/T","T/T","T/T","T/T","C/T","C/T","T/T","T/T","T/T","C/T","(HOVITM_016113,T,missense_variant)",0.125,0.125,NA,0.25,0.125,"HOVITM_016113-T1","mRNA",32616,51806,"+","","hypothetical protein","PF00067","","1 (o28-47i)","p450",0,0.125,1,0.875
"8",21310,13924,"scaffold_1338",37274,"ATGGCGACAGGGGCGGAGTCG","missense_variant","MODERATE","HOVITM_016113","70G>T","Gly24Trp","G","T","G/G","G/G","G/G","G/G","G/G","G/T","G/G","G/G","G/G","G/G","G/G","G/G","G/G","G/G","G/G","G/G","(HOVITM_016113,T,missense_variant)",0.0625,NA,NA,0.125,0.125,"HOVITM_016113-T1","mRNA",32616,51806,"+","","hypothetical protein","PF00067","","1 (o28-47i)","p450",0.875,1,0.125,0
"9",21311,13925,"scaffold_1338",37328,"TTACTTTACCTCCTCTACCGC","missense_variant","MODERATE","HOVITM_016113","124C>G","Leu42Val","C","G","C/C","C/C","C/C","C/C","C/C","C/G","C/C","C/C","C/C","C/C","C/C","C/C","C/C","C/C","C/C","C/C","(HOVITM_016113,G,missense_variant)",0.0625,NA,NA,0.125,0.125,"HOVITM_016113-T1","mRNA",32616,51806,"+","","hypothetical protein","PF00067","","1 (o28-47i)","p450",0.875,1,0.125,0
"10",21312,13927,"scaffold_1338",42070,"CAACCAGTTAGATAAAAGTTG","missense_variant","MODERATE","HOVITM_016113","519A>T","Leu173Phe","A","T","A/A","A/A","A/A","A/A","A/A","A/T","A/A","A/A","A/A","A/A","A/A","A/A","A/A","A/A","A/A","A/A","(HOVITM_016113,T,missense_variant)",0.0625,NA,NA,0.125,0.125,"HOVITM_016113-T1","mRNA",32616,51806,"+","","hypothetical protein","PF00067","","1 (o28-47i)","p450",0.875,1,0.125,0
"11",21313,13928,"scaffold_1338",42105,"AGACACTCGGGGAGTCCTGTG","missense_variant","MODERATE","HOVITM_016113","554G>A","Gly185Glu","G","A","G/A","G/A","G/G","G/A","G/G","G/G","G/G","G/G","G/G","G/G","G/G","G/G","G/A","G/G","G/A","G/G","(HOVITM_016113,A,missense_variant)",0.0625,0.375,0.125,NA,0.25,"HOVITM_016113-T1","mRNA",32616,51806,"+","","hypothetical protein","PF00067","","1 (o28-47i)","p450",1,0.75,0,0.25
"12",21314,13929,"scaffold_1338",42137,"GACACCAAGAAAATAACCTCA","missense_variant","MODERATE","HOVITM_016113","586A>C","Lys196Gln","A","C","A/A","A/A","A/A","A/A","A/A","A/C","A/A","A/A","A/A","A/A","A/A","A/A","A/A","A/A","A/A","A/A","(HOVITM_016113,C,missense_variant)",0.0625,NA,NA,0.125,0.125,"HOVITM_016113-T1","mRNA",32616,51806,"+","","hypothetical protein","PF00067","","1 (o28-47i)","p450",0.875,1,0.125,0
"13",21315,13930,"scaffold_1338",42204,"TGAGCAAGAACGCAGAAAGCG","missense_variant","MODERATE","HOVITM_016113","653A>G","Asn218Ser","A","G","A/A","A/A","A/A","A/A","A/A","A/G","A/A","A/A","A/A","A/A","A/A","A/A","A/A","A/A","A/A","A/A","(HOVITM_016113,G,missense_variant)",0.0625,NA,NA,0.125,0.125,"HOVITM_016113-T1","mRNA",32616,51806,"+","","hypothetical protein","PF00067","","1 (o28-47i)","p450",0.875,1,0.125,0
"14",21316,13932,"scaffold_1338",42457,"AGAGGAGAGTGGAAAGACACT","missense_variant","MODERATE","HOVITM_016113","906T>G","Ser302Arg","T","G","T/T","T/T","T/T","T/T","T/T","T/T","T/T","T/T","T/T","T/T","T/T","T/T","T|G","T/T","T/T","T/T","(HOVITM_016113,G,missense_variant)",0.0625,NA,0.125,NA,0.125,"HOVITM_016113-T1","mRNA",32616,51806,"+","","hypothetical protein","PF00067","","1 (o28-47i)","p450",1,0.875,0,0.125
"15",21317,13933,"scaffold_1338",42464,"AGTGGAAAGACACTGCTGGCG","missense_variant","MODERATE","HOVITM_016113","913A>T","Thr305Ser","A","T","A/A","A/A","A/A","A/A","A/A","A/T","A/A","A/A","A/A","A/A","A/A","A/A","A/A","A/A","A/A","A/A","(HOVITM_016113,T,missense_variant)",0.0625,NA,NA,0.125,0.125,"HOVITM_016113-T1","mRNA",32616,51806,"+","","hypothetical protein","PF00067","","1 (o28-47i)","p450",0.875,1,0.125,0
"16",21318,13935,"scaffold_1338",42500,"GACGACTCTCTTATCAACAAG","missense_variant","MODERATE","HOVITM_016113","949C>G","Leu317Val","C","G","C/C","C/C","C/C","C/C","C/C","C/G","C/C","C/C","C/C","C/C","C/C","C/C","C/C","C/C","C/C","C/C","(HOVITM_016113,G,missense_variant)",0.0625,NA,NA,0.125,0.125,"HOVITM_016113-T1","mRNA",32616,51806,"+","","hypothetical protein","PF00067","","1 (o28-47i)","p450",0.875,1,0.125,0
"17",21319,13936,"scaffold_1338",42513,"TCAACAAGGTCAATGGACTAC","missense_variant","MODERATE","HOVITM_016113","962T>C","Val321Ala","T","C","T/C","T/C","T/T","T/T","T/T","T/C","C/C","C/C","T/C","C/C","T/C","T/C","T/T","T/C","T/T","T/T","(HOVITM_016113,C,missense_variant)",0.0625,0.375,0.125,NA,0.5,"HOVITM_016113-T1","mRNA",32616,51806,"+","","hypothetical protein","PF00067","","1 (o28-47i)","p450",0.375,0.875,0.625,0.125
"18",21320,13938,"scaffold_1338",46735,"GAAGCGGAGTCCTGCCTCTCG","missense_variant","MODERATE","HOVITM_016113","1141T>G","Ser381Ala","T","G","T/G","T/G","T/T","T/G","T/T","T/T","T/T","T/T","T/T","T/T","T/G","T/T","T/G","T/G","T/G","T/T","(HOVITM_016113,G,missense_variant)",0.0625,0.25,NA,0.125,0.375,"HOVITM_016113-T1","mRNA",32616,51806,"+","","hypothetical protein","PF00067","","1 (o28-47i)","p450",1,0.625,0,0.375
"19",21321,13941,"scaffold_1338",48792,"GAGAGATTTGCTGATAACAAC","missense_variant","MODERATE","HOVITM_016113","1396G>T","Ala466Ser","G","T","G/G","G/G","G/G","G/G","G/G","G/G","G/T","G/G","G/G","G/G","G/G","G/G","G/G","G/G","G/G","G/G","(HOVITM_016113,T,missense_variant)",0.0625,NA,NA,0.125,0.125,"HOVITM_016113-T1","mRNA",32616,51806,"+","","hypothetical protein","PF00067","","1 (o28-47i)","p450",0.875,1,0.125,0
"20",21322,13942,"scaffold_1338",51727,"AGCCTTTTGCGCTCGATCCCA","missense_variant","MODERATE","HOVITM_016113","1559C>T","Ala520Val","C","T","C|T","C|T","C/C","C/C","C/C","C/T","C|T","T|T","C/T","T|T","C/C","C|T","C|T","C/C","C/C","C/C","(HOVITM_016113,T,missense_variant)",0.0625,0.25,0.125,NA,0.375,"HOVITM_016113-T1","mRNA",32616,51806,"+","","hypothetical protein","PF00067","","1 (o28-47i)","p450",0.5,0.875,0.5,0.125
"21",33553,33553,"scaffold_1338",42330,"TGAGTATGTACAAGAGGGAAG","missense_variant","MODERATE","HOVITM_016113","779A>T","Tyr260Phe","A","T","A/A","A/A","T/T","A/A","T/T","A/A","A/A","A/A","A/T","A/A","A/A","A/A","A/A","A/T","A/T","A/T","(HOVITM_016113,T,missense_variant)",NA,0.125,0.125,0.125,0.125,"HOVITM_016113-T1","mRNA",32616,51806,"+","","hypothetical protein","PF00067","","1 (o28-47i)","p450",0.75,0.625,0.25,0.375
"22",33554,33554,"scaffold_1338",42347,"GAAGTAGAACATTACTTCCAG","missense_variant","MODERATE","HOVITM_016113","796C>T","His266Tyr","C","T","C/C","C/C","T/T","C/C","T/T","C/C","C/C","C/C","C/T","C/C","C/C","C/C","C/C","C/T","C/T","C/T","(HOVITM_016113,T,missense_variant)",NA,0.125,0.125,0.125,0.125,"HOVITM_016113-T1","mRNA",32616,51806,"+","","hypothetical protein","PF00067","","1 (o28-47i)","p450",0.75,0.625,0.25,0.375
"23",38915,38915,"scaffold_1338",41963,"GGCTTCCTAATAACTCAGAAT","missense_variant","MODERATE","HOVITM_016113","412A>G","Ile138Val","A","G","A/G","A/G","A/A","A/A","A/A","A/G","G|G","G|G","A/G","G|G","A|G","A|G","A/G","A/G","A/A","A/A","(HOVITM_016113,G,missense_variant)",NA,0.375,NA,NA,0.375,"HOVITM_016113-T1","mRNA",32616,51806,"+","","hypothetical protein","PF00067","","1 (o28-47i)","p450",0.375,0.75,0.625,0.25
"24",38916,38916,"scaffold_1338",42177,"TCGCCAGCACTGCTTTCGGCC","missense_variant","MODERATE","HOVITM_016113","626C>T","Thr209Ile","C","T","C/T","C/T","C/C","C/C","C/C","C/T","T/T","T/T","C/T","T/T","C/T","C/T","C/T","C/T","C/C","C/C","(HOVITM_016113,T,missense_variant)",NA,0.375,NA,NA,0.375,"HOVITM_016113-T1","mRNA",32616,51806,"+","","hypothetical protein","PF00067","","1 (o28-47i)","p450",0.375,0.75,0.625,0.25
